Date (NZST), Carbon Monoxide Daily Average (mg/m3) (mg/m3), Data quality code
01/01/2018 00:00:00, 0.058, 0
02/01/2018 00:00:00, 0.069, 0
03/01/2018 00:00:00, 0.082, 0
04/01/2018 00:00:00, 0.067, 0
05/01/2018 00:00:00, 0.125, 0
06/01/2018 00:00:00, 0.111, 0
07/01/2018 00:00:00, 0.056, 0
08/01/2018 00:00:00, 0.1, 0
09/01/2018 00:00:00, 0.126, 0
10/01/2018 00:00:00, 0.096, 0
11/01/2018 00:00:00, 0.138, 0
12/01/2018 00:00:00, 0.19, 0
13/01/2018 00:00:00, 0.116, 0
14/01/2018 00:00:00, 0.154, 0
15/01/2018 00:00:00, 0.159, 0
16/01/2018 00:00:00, 0.146, 0
17/01/2018 00:00:00, 0.144, 0
18/01/2018 00:00:00, 0.141, 0
19/01/2018 00:00:00, 0.134, 0
20/01/2018 00:00:00, 0.156, 0
21/01/2018 00:00:00, 0.11, 0
22/01/2018 00:00:00, 0.111, 0
23/01/2018 00:00:00, 0.107, 0
24/01/2018 00:00:00, 0.163, 0
25/01/2018 00:00:00, 0.14, 0
26/01/2018 00:00:00, 0.126, 0
27/01/2018 00:00:00, 0.142, 0
28/01/2018 00:00:00, 0.133, 0
29/01/2018 00:00:00, 0.102, 0
30/01/2018 00:00:00, 0.161, 0
31/01/2018 00:00:00, 0.149, 0
01/02/2018 00:00:00, 0.142, 0
02/02/2018 00:00:00, 0.153, 0
03/02/2018 00:00:00, 0.103, 0
04/02/2018 00:00:00, 0.1, 0
05/02/2018 00:00:00, 0.136, 0
06/02/2018 00:00:00, 0.062, 0
07/02/2018 00:00:00, 0.068, 0
08/02/2018 00:00:00, 0.119, 0
09/02/2018 00:00:00, 0.1, 0
10/02/2018 00:00:00, 0.167, 0
11/02/2018 00:00:00, 0.152, 0
12/02/2018 00:00:00, 0.201, 0
13/02/2018 00:00:00, 0.129, 0
14/02/2018 00:00:00, 0.121, 0
15/02/2018 00:00:00, 0.117, 0
16/02/2018 00:00:00, 0.106, 0
17/02/2018 00:00:00, 0.112, 0
18/02/2018 00:00:00, 0.099, 0
19/02/2018 00:00:00, 0.116, 0
20/02/2018 00:00:00, 0.152, 0
21/02/2018 00:00:00, 0.185, 0
22/02/2018 00:00:00, 0.141, 0
23/02/2018 00:00:00, 0.125, 0
24/02/2018 00:00:00, 0.183, 0
25/02/2018 00:00:00, 0.14, 0
26/02/2018 00:00:00, 0.069, 0
27/02/2018 00:00:00, 0.107, 0
28/02/2018 00:00:00, 0.198, 0
01/03/2018 00:00:00, 0.352, 0
02/03/2018 00:00:00, 0.196, 0
03/03/2018 00:00:00, 0.203, 0
04/03/2018 00:00:00, 0.2, 0
05/03/2018 00:00:00, 0.163, 0
06/03/2018 00:00:00, 0.153, 0
07/03/2018 00:00:00, 0.192, 0
08/03/2018 00:00:00, 0.093, 0
09/03/2018 00:00:00, 0.097, 0
10/03/2018 00:00:00, 0.105, 0
11/03/2018 00:00:00, 0.117, 0
12/03/2018 00:00:00, 0.218, 0
13/03/2018 00:00:00, 0.192, 0
14/03/2018 00:00:00, 0.149, 0
15/03/2018 00:00:00, 0.177, 0
16/03/2018 00:00:00, 0.124, 0
17/03/2018 00:00:00, 0.094, 0
18/03/2018 00:00:00, 0.128, 0
19/03/2018 00:00:00, 0.169, 0
20/03/2018 00:00:00, 0.197, 0
21/03/2018 00:00:00, 0.176, 0
22/03/2018 00:00:00, 0.151, 0
23/03/2018 00:00:00, 0.101, 0
24/03/2018 00:00:00, 0.145, 0
25/03/2018 00:00:00, 0.263, 0
26/03/2018 00:00:00, 0.09, 0
27/03/2018 00:00:00, 0.104, 0
28/03/2018 00:00:00, 0.129, 0
29/03/2018 00:00:00, 0.14, 0
30/03/2018 00:00:00, 0.188, 0
31/03/2018 00:00:00, 0.173, 0
01/04/2018 00:00:00, 0.089, 0
02/04/2018 00:00:00, 0.117, 0
03/04/2018 00:00:00, 0.093, 200
04/04/2018 00:00:00, 0.1, 200
05/04/2018 00:00:00, 0.138, 200
06/04/2018 00:00:00, 0.236, 200
07/04/2018 00:00:00, 0.129, 200
08/04/2018 00:00:00, 0.112, 200
09/04/2018 00:00:00, 0.171, 200
10/04/2018 00:00:00, 0.149, 200
11/04/2018 00:00:00, 0.081, 200
12/04/2018 00:00:00, 0.072, 200
13/04/2018 00:00:00, 0.15, 200
14/04/2018 00:00:00, 0.201, 200
15/04/2018 00:00:00, 0.199, 200
16/04/2018 00:00:00, 0.159, 200
17/04/2018 00:00:00, 0.144, 200
18/04/2018 00:00:00, 0.133, 200
19/04/2018 00:00:00, 0.158, 200
20/04/2018 00:00:00, 0.188, 200
21/04/2018 00:00:00, 0.111, 200
22/04/2018 00:00:00, 0.103, 200
23/04/2018 00:00:00, 0.138, 200
24/04/2018 00:00:00, 0.282, 200
25/04/2018 00:00:00, 0.232, 200
26/04/2018 00:00:00, 0.234, 200
27/04/2018 00:00:00, 0.22, 200
28/04/2018 00:00:00, 0.145, 200
29/04/2018 00:00:00, 0.29, 200
30/04/2018 00:00:00, 0.193, 200
01/05/2018 00:00:00, 0.111, 200
02/05/2018 00:00:00, 0.15, 200
03/05/2018 00:00:00, 0.163, 200
04/05/2018 00:00:00, 0.333, 200
05/05/2018 00:00:00, 0.462, 200
06/05/2018 00:00:00, 0.171, 200
07/05/2018 00:00:00, 0.114, 200
08/05/2018 00:00:00, 0.219, 200
09/05/2018 00:00:00, 0.136, 200
10/05/2018 00:00:00, 0.195, 200
11/05/2018 00:00:00, 0.155, 200
12/05/2018 00:00:00, 0.167, 200
13/05/2018 00:00:00, 0.082, 200
14/05/2018 00:00:00, 0.165, 200
15/05/2018 00:00:00, 0.081, 200
16/05/2018 00:00:00, 0.506, 200
17/05/2018 00:00:00, 0.221, 200
18/05/2018 00:00:00, 0.268, 200
19/05/2018 00:00:00, 0.145, 200
20/05/2018 00:00:00, 0.167, 200
21/05/2018 00:00:00, 0.125, 200
22/05/2018 00:00:00, 0.109, 200
23/05/2018 00:00:00, 0.094, 200
24/05/2018 00:00:00, 0.195, 200
25/05/2018 00:00:00, 0.123, 200
26/05/2018 00:00:00, 0.153, 200
27/05/2018 00:00:00, 0.16, 200
28/05/2018 00:00:00, 0.123, 200
29/05/2018 00:00:00, 0.063, 200
30/05/2018 00:00:00, 0.105, 200
31/05/2018 00:00:00, 0.185, 200
01/06/2018 00:00:00, 0.24, 200
02/06/2018 00:00:00, 0.168, 200
03/06/2018 00:00:00, 0.229, 200
04/06/2018 00:00:00, 0.346, 200
05/06/2018 00:00:00, 0.189, 200
06/06/2018 00:00:00, 0.211, 200
07/06/2018 00:00:00, 0.097, 200
08/06/2018 00:00:00, 0.092, 200
09/06/2018 00:00:00, 0.256, 200
10/06/2018 00:00:00, 0.139, 200
11/06/2018 00:00:00, 0.222, 200
12/06/2018 00:00:00, 0.103, 200
13/06/2018 00:00:00, 0.093, 200
14/06/2018 00:00:00, 0.143, 200
15/06/2018 00:00:00, 0.314, 200
16/06/2018 00:00:00, 0.158, 200
17/06/2018 00:00:00, 0.116, 200
18/06/2018 00:00:00, 0.157, 200
19/06/2018 00:00:00, 0.226, 200
20/06/2018 00:00:00, 0.107, 200
21/06/2018 00:00:00, 0.161, 200
22/06/2018 00:00:00, 0.138, 200
23/06/2018 00:00:00, 0.418, 200
24/06/2018 00:00:00, 0.212, 200
25/06/2018 00:00:00, 0.069, 200
26/06/2018 00:00:00, 0.234, 200
27/06/2018 00:00:00, 0.114, 200
28/06/2018 00:00:00, 0.243, 200
29/06/2018 00:00:00, 0.352, 200
30/06/2018 00:00:00, 0.528, 200
01/07/2018 00:00:00, 0.381, 200
02/07/2018 00:00:00, 0.106, 200
03/07/2018 00:00:00, 0.182, 200
04/07/2018 00:00:00, 0.21, 200
05/07/2018 00:00:00, 0.365, 200
06/07/2018 00:00:00, 0.284, 200
07/07/2018 00:00:00, 0.125, 200
08/07/2018 00:00:00, 0.083, 200
09/07/2018 00:00:00, 0.079, 200
10/07/2018 00:00:00, 0.104, 200
11/07/2018 00:00:00, 0.214, 200
12/07/2018 00:00:00, 0.249, 200
13/07/2018 00:00:00, 0.22, 200
14/07/2018 00:00:00, 0.172, 200
15/07/2018 00:00:00, 0.27, 200
16/07/2018 00:00:00, 0.295, 200
17/07/2018 00:00:00, 0.141, 200
18/07/2018 00:00:00, 0.218, 200
19/07/2018 00:00:00, 0.399, 200
20/07/2018 00:00:00, 0.147, 200
21/07/2018 00:00:00, 0.116, 200
22/07/2018 00:00:00, 0.081, 200
23/07/2018 00:00:00, 0.084, 200
24/07/2018 00:00:00, 0.166, 200
25/07/2018 00:00:00, 0.175, 200
26/07/2018 00:00:00, 0.302, 200
27/07/2018 00:00:00, 0.185, 200
28/07/2018 00:00:00, 0.137, 200
29/07/2018 00:00:00, 0.141, 200
30/07/2018 00:00:00, 0.109, 200
31/07/2018 00:00:00, 0.2, 200
01/08/2018 00:00:00, 0.135, 200
02/08/2018 00:00:00, 0.109, 200
03/08/2018 00:00:00, 0.12, 200
04/08/2018 00:00:00, 0.252, 200
05/08/2018 00:00:00, 0.171, 200
06/08/2018 00:00:00, 0.283, 200
07/08/2018 00:00:00, 0.275, 200
08/08/2018 00:00:00, 0.179, 200
09/08/2018 00:00:00, 0.121, 200
10/08/2018 00:00:00, 0.253, 200
11/08/2018 00:00:00, 0.162, 200
12/08/2018 00:00:00, 0.221, 200
13/08/2018 00:00:00, 0.185, 200
14/08/2018 00:00:00, 0.188, 200
15/08/2018 00:00:00, 0.263, 200
16/08/2018 00:00:00, 0.169, 200
17/08/2018 00:00:00, 0.123, 200
18/08/2018 00:00:00, 0.183, 200
19/08/2018 00:00:00, 0.167, 200
20/08/2018 00:00:00, 0.179, 200
21/08/2018 00:00:00, 0.16, 200
22/08/2018 00:00:00, 0.079, 200
23/08/2018 00:00:00, 0.128, 200
24/08/2018 00:00:00, 0.183, 200
25/08/2018 00:00:00, 0.091, 200
26/08/2018 00:00:00, 0.182, 200
27/08/2018 00:00:00, 0.183, 200
28/08/2018 00:00:00, 0.085, 200
29/08/2018 00:00:00, 0.125, 200
30/08/2018 00:00:00, 0.251, 200
31/08/2018 00:00:00, 0.136, 200
01/09/2018 00:00:00, 0.138, 200
02/09/2018 00:00:00, 0.129, 200
03/09/2018 00:00:00, 0.143, 200
04/09/2018 00:00:00, 0.078, 200
05/09/2018 00:00:00, 0.06, 200
06/09/2018 00:00:00, 0.067, 200
07/09/2018 00:00:00, 0.079, 200
08/09/2018 00:00:00, 0.091, 200
09/09/2018 00:00:00, 0.114, 200
10/09/2018 00:00:00, 0.114, 200
11/09/2018 00:00:00, 0.161, 200
12/09/2018 00:00:00, 0.145, 200
13/09/2018 00:00:00, 0.207, 200
14/09/2018 00:00:00, 0.118, 200
15/09/2018 00:00:00, 0.223, 200
16/09/2018 00:00:00, 0.154, 200
17/09/2018 00:00:00, 0.114, 200
18/09/2018 00:00:00, 0.125, 200
19/09/2018 00:00:00, 0.152, 200
20/09/2018 00:00:00, 0.238, 200
21/09/2018 00:00:00, 0.234, 200
22/09/2018 00:00:00, 0.129, 200
23/09/2018 00:00:00, 0.128, 200
24/09/2018 00:00:00, 0.137, 200
25/09/2018 00:00:00, 0.118, 200
26/09/2018 00:00:00, 0.214, 200
27/09/2018 00:00:00, 0.111, 200
28/09/2018 00:00:00, 0.15, 200
29/09/2018 00:00:00, 0.176, 200
30/09/2018 00:00:00, 0.108, 200
01/10/2018 00:00:00, 0.076, 200
02/10/2018 00:00:00, 0.103, 200
03/10/2018 00:00:00, 0.124, 200
04/10/2018 00:00:00, 0.131, 200
05/10/2018 00:00:00, 0.115, 200
06/10/2018 00:00:00, 0.152, 200
07/10/2018 00:00:00, 0.135, 200
08/10/2018 00:00:00, 0.096, 200
09/10/2018 00:00:00, 0.153, 200
10/10/2018 00:00:00, 0.144, 200
11/10/2018 00:00:00, 0.103, 200
12/10/2018 00:00:00, 0.144, 200
13/10/2018 00:00:00, 0.093, 200
14/10/2018 00:00:00, 0.143, 200
15/10/2018 00:00:00, 0.137, 200
16/10/2018 00:00:00, 0.171, 200
17/10/2018 00:00:00, 0.158, 200
18/10/2018 00:00:00, 0.111, 200
19/10/2018 00:00:00, 0.158, 200
20/10/2018 00:00:00, 0.187, 200
21/10/2018 00:00:00, 0.086, 200
22/10/2018 00:00:00, 0.098, 200
23/10/2018 00:00:00, 0.123, 200
24/10/2018 00:00:00, 0.122, 200
25/10/2018 00:00:00, 0.088, 200
26/10/2018 00:00:00, 0.105, 200
27/10/2018 00:00:00, 0.137, 200
28/10/2018 00:00:00, 0.137, 200
29/10/2018 00:00:00, 0.106, 200
30/10/2018 00:00:00, 0.151, 200
31/10/2018 00:00:00, 0.073, 200
01/11/2018 00:00:00, 0.09, 200
02/11/2018 00:00:00, 0.072, 200
03/11/2018 00:00:00, 0.113, 200
04/11/2018 00:00:00, 0.092, 200
05/11/2018 00:00:00, 0.125, 200
06/11/2018 00:00:00, 0.154, 200
07/11/2018 00:00:00, 0.108, 200
08/11/2018 00:00:00, 0.093, 200
09/11/2018 00:00:00, 0.08, 200
10/11/2018 00:00:00, 0.112, 200
11/11/2018 00:00:00, 0.137, 200
12/11/2018 00:00:00, 0.17, 200
13/11/2018 00:00:00, 0.169, 200
14/11/2018 00:00:00, 0.148, 200
15/11/2018 00:00:00, 0.148, 200
16/11/2018 00:00:00, 0.109, 200
17/11/2018 00:00:00, 0.108, 200
18/11/2018 00:00:00, 0.084, 200
19/11/2018 00:00:00, 0.075, 200
20/11/2018 00:00:00, 0.098, 200
21/11/2018 00:00:00, 0.141, 200
22/11/2018 00:00:00, 0.141, 200
23/11/2018 00:00:00, 0.132, 200
24/11/2018 00:00:00, 0.127, 200
25/11/2018 00:00:00, 0.173, 200
26/11/2018 00:00:00, 0.123, 200
27/11/2018 00:00:00, 0.108, 200
28/11/2018 00:00:00, 0.081, 200
29/11/2018 00:00:00, 0, 200
30/11/2018 00:00:00, 0.167, 200
01/12/2018 00:00:00, 0.174, 200
02/12/2018 00:00:00, 0.11, 200
03/12/2018 00:00:00, 0.187, 200
04/12/2018 00:00:00, 0.159, 200
05/12/2018 00:00:00, 0.11, 200
06/12/2018 00:00:00, 0.122, 200
07/12/2018 00:00:00, 0.14, 200
08/12/2018 00:00:00, 0.154, 200
09/12/2018 00:00:00, 0.155, 200
10/12/2018 00:00:00, 0.103, 200
11/12/2018 00:00:00, 0.086, 200
12/12/2018 00:00:00, 0.151, 200
13/12/2018 00:00:00, 0.143, 200
14/12/2018 00:00:00, 0.128, 200
15/12/2018 00:00:00, 0.163, 200
16/12/2018 00:00:00, 0.08, 200
17/12/2018 00:00:00, 0.088, 200
18/12/2018 00:00:00, 0.135, 200
19/12/2018 00:00:00, 0.109, 200
20/12/2018 00:00:00, 0.197, 200
21/12/2018 00:00:00, 0.104, 200
22/12/2018 00:00:00, 0.184, 200
23/12/2018 00:00:00, 0.134, 200
24/12/2018 00:00:00, 0.125, 200
25/12/2018 00:00:00, 0.127, 200
26/12/2018 00:00:00, 0.109, 200
27/12/2018 00:00:00, 0.072, 200
28/12/2018 00:00:00, 0.136, 200
29/12/2018 00:00:00, 0.11, 200
30/12/2018 00:00:00, 0.112, 200
31/12/2018 00:00:00, 0.085, 200
01/01/2019 00:00:00, 0.123, 200
02/01/2019 00:00:00, 0.097, 200
03/01/2019 00:00:00, 0.087, 200
04/01/2019 00:00:00, 0.108, 200
05/01/2019 00:00:00, 0.092, 200
06/01/2019 00:00:00, 0.102, 200
07/01/2019 00:00:00, 0.088, 200
08/01/2019 00:00:00, 0.143, 200
09/01/2019 00:00:00, 0.128, 200
10/01/2019 00:00:00, 0.16, 200
11/01/2019 00:00:00, 0.09, 200
12/01/2019 00:00:00, 0.11, 200
13/01/2019 00:00:00, 0.103, 200
14/01/2019 00:00:00, 0.113, 200
15/01/2019 00:00:00, 0.132, 200
16/01/2019 00:00:00, 0.113, 200
17/01/2019 00:00:00, 0.103, 200
18/01/2019 00:00:00, 0.131, 200
19/01/2019 00:00:00, 0.159, 200
20/01/2019 00:00:00, 0.154, 200
21/01/2019 00:00:00, 0.134, 200
22/01/2019 00:00:00, 0.16, 200
23/01/2019 00:00:00, 0.117, 200
24/01/2019 00:00:00, 0.134, 200
25/01/2019 00:00:00, 0.143, 200
26/01/2019 00:00:00, 0.135, 200
27/01/2019 00:00:00, 0.085, 200
28/01/2019 00:00:00, 0.118, 200
29/01/2019 00:00:00, 0.126, 200
30/01/2019 00:00:00, 0.18, 200
31/01/2019 00:00:00, 0.116, 200
01/02/2019 00:00:00, 0.149, 200
02/02/2019 00:00:00, 0.118, 200
03/02/2019 00:00:00, 0.071, 200
04/02/2019 00:00:00, 0.11, 200
05/02/2019 00:00:00, 0.129, 200
06/02/2019 00:00:00, 0.124, 200
07/02/2019 00:00:00, 0.062, 200
08/02/2019 00:00:00, 0.106, 200
09/02/2019 00:00:00, 0.181, 200
10/02/2019 00:00:00, 0.108, 200
11/02/2019 00:00:00, 0.117, 200
12/02/2019 00:00:00, 0.149, 200
13/02/2019 00:00:00, 0.133, 200
14/02/2019 00:00:00, 0.156, 200
15/02/2019 00:00:00, 0.115, 200
16/02/2019 00:00:00, 0.15, 200
17/02/2019 00:00:00, 0.086, 200
18/02/2019 00:00:00, 0.111, 200
19/02/2019 00:00:00, 0.116, 200
20/02/2019 00:00:00, 0.124, 200
21/02/2019 00:00:00, 0.132, 200
22/02/2019 00:00:00, 0.156, 200
23/02/2019 00:00:00, 0.119, 200
24/02/2019 00:00:00, 0.123, 200
25/02/2019 00:00:00, 0.079, 200
26/02/2019 00:00:00, 0.079, 200
27/02/2019 00:00:00, 0.211, 200
28/02/2019 00:00:00, 0.173, 200
01/03/2019 00:00:00, 0.105, 200
02/03/2019 00:00:00, 0.208, 200
03/03/2019 00:00:00, 0.169, 200
04/03/2019 00:00:00, 0.195, 200
05/03/2019 00:00:00, 0.123, 200
06/03/2019 00:00:00, 0.129, 200
07/03/2019 00:00:00, 0.149, 200
08/03/2019 00:00:00, 0.111, 200
09/03/2019 00:00:00, 0.117, 200
10/03/2019 00:00:00, 0.165, 200
11/03/2019 00:00:00, 0.13, 200
12/03/2019 00:00:00, 0.153, 200
13/03/2019 00:00:00, 0.108, 200
14/03/2019 00:00:00, 0.129, 200
15/03/2019 00:00:00, 0.105, 200
16/03/2019 00:00:00, 0.179, 200
17/03/2019 00:00:00, 0.129, 200
18/03/2019 00:00:00, 0.096, 200
19/03/2019 00:00:00, 0.245, 200
20/03/2019 00:00:00, 0.212, 200
21/03/2019 00:00:00, 0.213, 200
22/03/2019 00:00:00, 0.173, 200
23/03/2019 00:00:00, 0.239, 200
24/03/2019 00:00:00, 0.207, 200
25/03/2019 00:00:00, 0.13, 200
26/03/2019 00:00:00, 0.095, 200
27/03/2019 00:00:00, 0.107, 200
28/03/2019 00:00:00, 0.139, 200
29/03/2019 00:00:00, 0.124, 200
30/03/2019 00:00:00, 0.238, 200
31/03/2019 00:00:00, 0.252, 200
01/04/2019 00:00:00, 0.21, 200
02/04/2019 00:00:00, 0.124, 200
03/04/2019 00:00:00, 0.13, 200
04/04/2019 00:00:00, 0.13, 200
05/04/2019 00:00:00, 0.289, 200
06/04/2019 00:00:00, 0.104, 200
07/04/2019 00:00:00, 0.09, 200
08/04/2019 00:00:00, 0.13, 200
09/04/2019 00:00:00, 0.122, 200
10/04/2019 00:00:00, 0.263, 200
11/04/2019 00:00:00, 0.102, 200
12/04/2019 00:00:00, 0.185, 200
13/04/2019 00:00:00, 0.101, 200
14/04/2019 00:00:00, 0.146, 200
15/04/2019 00:00:00, 0.182, 200
16/04/2019 00:00:00, 0.111, 200
17/04/2019 00:00:00, 0.102, 200
18/04/2019 00:00:00, 0.142, 200
19/04/2019 00:00:00, 0.251, 200
20/04/2019 00:00:00, 0.164, 200
21/04/2019 00:00:00, 0.14, 200
22/04/2019 00:00:00, 0.181, 200
23/04/2019 00:00:00, 0.174, 200
24/04/2019 00:00:00, 0.16, 200
25/04/2019 00:00:00, 0.162, 200
26/04/2019 00:00:00, 0.114, 200
27/04/2019 00:00:00, 0.219, 200
28/04/2019 00:00:00, 0.13, 200
29/04/2019 00:00:00, 0.096, 200
30/04/2019 00:00:00, 0.146, 200
01/05/2019 00:00:00, 0.096, 200
02/05/2019 00:00:00, 0.213, 0
03/05/2019 00:00:00, 0.332, 0
04/05/2019 00:00:00, 0.428, 0
05/05/2019 00:00:00, 0.256, 0
06/05/2019 00:00:00, 0.217, 0
07/05/2019 00:00:00, 0.169, 0
08/05/2019 00:00:00, 0.463, 0
09/05/2019 00:00:00, 0.266, 0
10/05/2019 00:00:00, 0.205, 0
11/05/2019 00:00:00, 0.133, 0
12/05/2019 00:00:00, 0.116, 0
13/05/2019 00:00:00, 0.128, 0
14/05/2019 00:00:00, 0.184, 0
15/05/2019 00:00:00, 0.142, 0
16/05/2019 00:00:00, 0.096, 0
17/05/2019 00:00:00, 0.112, 0
18/05/2019 00:00:00, 0.225, 0
19/05/2019 00:00:00, 0.182, 0
20/05/2019 00:00:00, 0.216, 0
21/05/2019 00:00:00, 0.326, 0
22/05/2019 00:00:00, 0.25, 0
23/05/2019 00:00:00, 0.207, 0
24/05/2019 00:00:00, 0.532, 0
25/05/2019 00:00:00, 0.247, 0
26/05/2019 00:00:00, 0.11, 0
27/05/2019 00:00:00, 0.153, 0
28/05/2019 00:00:00, 0.143, 0
29/05/2019 00:00:00, 0.204, 0
30/05/2019 00:00:00, 0.105, 0
31/05/2019 00:00:00, 0.134, 0
01/06/2019 00:00:00, 0.204, 0
02/06/2019 00:00:00, 0.096, 0
03/06/2019 00:00:00, 0.23, 0
04/06/2019 00:00:00, 0.193, 0
05/06/2019 00:00:00, 0.166, 0
06/06/2019 00:00:00, 0.257, 0
07/06/2019 00:00:00, 0.221, 0
08/06/2019 00:00:00, 0.22, 0
09/06/2019 00:00:00, 0.235, 0
10/06/2019 00:00:00, 0.169, 0
11/06/2019 00:00:00, 0.299, 0
12/06/2019 00:00:00, 0.197, 0
13/06/2019 00:00:00, 0.251, 0
14/06/2019 00:00:00, 0.131, 0
15/06/2019 00:00:00, 0.407, 0
16/06/2019 00:00:00, 0.246, 0
17/06/2019 00:00:00, 0.333, 0
18/06/2019 00:00:00, 0.163, 0
19/06/2019 00:00:00, 0.097, 0
20/06/2019 00:00:00, 0.342, 0
21/06/2019 00:00:00, 0.304, 0
22/06/2019 00:00:00, 0.163, 0
23/06/2019 00:00:00, 0.39, 0
24/06/2019 00:00:00, 0.203, 0
25/06/2019 00:00:00, 0.102, 0
26/06/2019 00:00:00, 0.309, 0
27/06/2019 00:00:00, 0.522, 0
28/06/2019 00:00:00, 0.419, 0
29/06/2019 00:00:00, 0.426, 0
30/06/2019 00:00:00, 0.121, 0
01/07/2019 00:00:00, 0.33, 0
02/07/2019 00:00:00, 0.147, 200
03/07/2019 00:00:00, 0.16, 200
04/07/2019 00:00:00, 0.195, 200
05/07/2019 00:00:00, 0.19, 200
06/07/2019 00:00:00, 0.079, 200
07/07/2019 00:00:00, 0.08, 200
08/07/2019 00:00:00, 0.172, 200
09/07/2019 00:00:00, 0.314, 200
10/07/2019 00:00:00, 0.227, 200
11/07/2019 00:00:00, 0.146, 200
12/07/2019 00:00:00, 0.137, 200
13/07/2019 00:00:00, 0.16, 200
14/07/2019 00:00:00, 0.123, 200
15/07/2019 00:00:00, 0.112, 200
16/07/2019 00:00:00, 0.126, 200
17/07/2019 00:00:00, 0.119, 200
18/07/2019 00:00:00, 0.142, 200
19/07/2019 00:00:00, 0.131, 200
20/07/2019 00:00:00, 0.338, 200
21/07/2019 00:00:00, 0.244, 200
22/07/2019 00:00:00, 0.233, 200
23/07/2019 00:00:00, 0.389, 200
24/07/2019 00:00:00, 0.358, 200
25/07/2019 00:00:00, 0.488, 200
26/07/2019 00:00:00, 0.52, 200
27/07/2019 00:00:00, 0.515, 200
28/07/2019 00:00:00, 0.145, 200
29/07/2019 00:00:00, 0.13, 200
30/07/2019 00:00:00, 0.301, 200
31/07/2019 00:00:00, 0.278, 200
01/08/2019 00:00:00, 0.138, 200
02/08/2019 00:00:00, 0.155, 200
03/08/2019 00:00:00, 0.153, 200
04/08/2019 00:00:00, 0.173, 200
05/08/2019 00:00:00, 0.17, 200
06/08/2019 00:00:00, 0.206, 200
07/08/2019 00:00:00, 0.392, 200
08/08/2019 00:00:00, 0.335, 200
09/08/2019 00:00:00, 0.151, 200
10/08/2019 00:00:00, 0.254, 200
11/08/2019 00:00:00, 0.221, 200
12/08/2019 00:00:00, 0.169, 200
13/08/2019 00:00:00, 0.221, 200
14/08/2019 00:00:00, 0.136, 200
15/08/2019 00:00:00, 0.144, 200
16/08/2019 00:00:00, 0.295, 200
17/08/2019 00:00:00, 0.138, 200
18/08/2019 00:00:00, 0.132, 200
19/08/2019 00:00:00, 0.153, 200
20/08/2019 00:00:00, 0.227, 200
21/08/2019 00:00:00, 0.155, 200
22/08/2019 00:00:00, 0.227, 200
23/08/2019 00:00:00, 0.174, 200
24/08/2019 00:00:00, 0.218, 200
25/08/2019 00:00:00, 0.251, 200
26/08/2019 00:00:00, 0.232, 200
27/08/2019 00:00:00, 0.143, 200
28/08/2019 00:00:00, 0.208, 200
29/08/2019 00:00:00, 0.197, 200
30/08/2019 00:00:00, 0.128, 200
31/08/2019 00:00:00, 0.271, 200
01/09/2019 00:00:00, 0.23, 200
02/09/2019 00:00:00, 0.147, 200
03/09/2019 00:00:00, 0.198, 200
04/09/2019 00:00:00, 0.271, 200
05/09/2019 00:00:00, 0.288, 200
06/09/2019 00:00:00, 0.21, 200
07/09/2019 00:00:00, 0.107, 200
08/09/2019 00:00:00, 0.154, 200
09/09/2019 00:00:00, 0.196, 200
10/09/2019 00:00:00, 0.097, 200
11/09/2019 00:00:00, 0.197, 200
12/09/2019 00:00:00, 0.22, 200
13/09/2019 00:00:00, 0.23, 200
14/09/2019 00:00:00, 0.148, 200
15/09/2019 00:00:00, 0.252, 200
16/09/2019 00:00:00, 0.219, 200
17/09/2019 00:00:00, 0.112, 200
18/09/2019 00:00:00, 0.176, 200
19/09/2019 00:00:00, 0.214, 200
20/09/2019 00:00:00, 0.213, 200
21/09/2019 00:00:00, 0.138, 200
22/09/2019 00:00:00, 0.159, 200
23/09/2019 00:00:00, 0.15, 200
24/09/2019 00:00:00, 0.106, 200
25/09/2019 00:00:00, 0.216, 200
26/09/2019 00:00:00, 0.117, 200
27/09/2019 00:00:00, 0.144, 200
28/09/2019 00:00:00, 0.348, 200
29/09/2019 00:00:00, 0.2, 200
30/09/2019 00:00:00, 0.18, 200
01/10/2019 00:00:00, 0.257, 200
02/10/2019 00:00:00, 0.335, 200
03/10/2019 00:00:00, 0.116, 200
04/10/2019 00:00:00, 0.168, 200
05/10/2019 00:00:00, 0.245, 200
06/10/2019 00:00:00, 0.163, 200
07/10/2019 00:00:00, 0.19, 200
08/10/2019 00:00:00, 0.185, 200
09/10/2019 00:00:00, 0.09, 200
10/10/2019 00:00:00, 0.126, 200
11/10/2019 00:00:00, 0.181, 200
12/10/2019 00:00:00, 0.197, 200
13/10/2019 00:00:00, 0.153, 200
14/10/2019 00:00:00, 0.112, 200
15/10/2019 00:00:00, 0.136, 200
16/10/2019 00:00:00, 0.126, 200
17/10/2019 00:00:00, 0.148, 200
18/10/2019 00:00:00, 0.214, 200
19/10/2019 00:00:00, 0.208, 200
20/10/2019 00:00:00, 0.196, 200
21/10/2019 00:00:00, 0.167, 200
22/10/2019 00:00:00, 0.139, 200
23/10/2019 00:00:00, 0.109, 200
24/10/2019 00:00:00, 0.105, 200
25/10/2019 00:00:00, 0.124, 200
26/10/2019 00:00:00, 0.155, 200
27/10/2019 00:00:00, 0.138, 200
28/10/2019 00:00:00, 0.152, 200
29/10/2019 00:00:00, 0.111, 200
30/10/2019 00:00:00, 0.105, 200
31/10/2019 00:00:00, 0.162, 200
01/11/2019 00:00:00, 0.136, 200
02/11/2019 00:00:00, 0.126, 200
03/11/2019 00:00:00, 0.132, 200
04/11/2019 00:00:00, 0.125, 200
05/11/2019 00:00:00, 0.135, 200
06/11/2019 00:00:00, 0.155, 200
07/11/2019 00:00:00, 0.161, 200
08/11/2019 00:00:00, 0.162, 200
09/11/2019 00:00:00, 0.201, 200
10/11/2019 00:00:00, 0.212, 200
11/11/2019 00:00:00, 0.226, 200
12/11/2019 00:00:00, 0.156, 200
13/11/2019 00:00:00, 0.137, 200
14/11/2019 00:00:00, 0.146, 200
15/11/2019 00:00:00, 0.176, 200
16/11/2019 00:00:00, 0.181, 200
17/11/2019 00:00:00, 0.174, 200
18/11/2019 00:00:00, 0.268, 200
19/11/2019 00:00:00, 0.183, 200
20/11/2019 00:00:00, 0.112, 200
21/11/2019 00:00:00, 0.154, 200
22/11/2019 00:00:00, 0.161, 200
23/11/2019 00:00:00, 0.16, 200
24/11/2019 00:00:00, 0.182, 200
25/11/2019 00:00:00, 0.188, 200
26/11/2019 00:00:00, 0.096, 200
27/11/2019 00:00:00, 0.119, 200
28/11/2019 00:00:00, 0.091, 200
29/11/2019 00:00:00, 0.194, 200
30/11/2019 00:00:00, 0.175, 200
01/12/2019 00:00:00, 0.156, 200
02/12/2019 00:00:00, 0.185, 200
03/12/2019 00:00:00, 0.214, 200
04/12/2019 00:00:00, 0.274, 200
05/12/2019 00:00:00, 0.133, 200
06/12/2019 00:00:00, 0.181, 200
07/12/2019 00:00:00, 0.159, 200
08/12/2019 00:00:00, 0.244, 200
09/12/2019 00:00:00, 0.304, 200
10/12/2019 00:00:00, 0.1, 200
11/12/2019 00:00:00, 0.136, 200
12/12/2019 00:00:00, 0.146, 200
13/12/2019 00:00:00, 0.155, 200
14/12/2019 00:00:00, 0.192, 200
15/12/2019 00:00:00, 0.154, 200
16/12/2019 00:00:00, 0.112, 200
17/12/2019 00:00:00, 0.255, 200
18/12/2019 00:00:00, 0.325, 200
19/12/2019 00:00:00, 0.131, 200
20/12/2019 00:00:00, 0.101, 200
21/12/2019 00:00:00, 0.108, 200
22/12/2019 00:00:00, 0.079, 200
23/12/2019 00:00:00, 0.068, 200
24/12/2019 00:00:00, 0.078, 200
25/12/2019 00:00:00, 0.084, 200
26/12/2019 00:00:00, 0.107, 200
27/12/2019 00:00:00, 0.112, 200
28/12/2019 00:00:00, 0.085, 200
29/12/2019 00:00:00, 0.097, 200
30/12/2019 00:00:00, 0.065, 200
31/12/2019 00:00:00, 0.076, 200
01/01/2020 00:00:00, 0.1, 200
02/01/2020 00:00:00, 0.09, 200
03/01/2020 00:00:00, 0.073, 200
04/01/2020 00:00:00, 0.167, 200
05/01/2020 00:00:00, 0.06, 200
06/01/2020 00:00:00, 0.062, 200
07/01/2020 00:00:00, 0.081, 200
08/01/2020 00:00:00, 0.084, 200
09/01/2020 00:00:00, 0.093, 200
10/01/2020 00:00:00, 0.095, 200
11/01/2020 00:00:00, 0.097, 200
12/01/2020 00:00:00, 0.067, 200
13/01/2020 00:00:00, 0.073, 200
14/01/2020 00:00:00, 0.073, 200
15/01/2020 00:00:00, 0.085, 200
16/01/2020 00:00:00, 0.085, 200
17/01/2020 00:00:00, 0.088, 200
18/01/2020 00:00:00, 0.098, 200
19/01/2020 00:00:00, 0.068, 200
20/01/2020 00:00:00, 0.06, 200
21/01/2020 00:00:00, 0.09, 200
22/01/2020 00:00:00, 0.114, 200
23/01/2020 00:00:00, 0.107, 200
24/01/2020 00:00:00, 0.097, 200
25/01/2020 00:00:00, 0.127, 200
26/01/2020 00:00:00, 0.113, 200
27/01/2020 00:00:00, 0.101, 200
28/01/2020 00:00:00, 0.089, 200
29/01/2020 00:00:00, 0.126, 200
30/01/2020 00:00:00, 0.109, 200
31/01/2020 00:00:00, 0.101, 200
01/02/2020 00:00:00, 0.069, 200
02/02/2020 00:00:00, 0.133, 200
03/02/2020 00:00:00, 0.118, 200
04/02/2020 00:00:00, 0.079, 200
05/02/2020 00:00:00, 0.072, 200
06/02/2020 00:00:00, 0.083, 200
07/02/2020 00:00:00, 0.096, 200
08/02/2020 00:00:00, 0.11, 200
09/02/2020 00:00:00, 0.102, 200
10/02/2020 00:00:00, 0.117, 200
11/02/2020 00:00:00, 0.118, 200
12/02/2020 00:00:00, 0.098, 200
13/02/2020 00:00:00, 0.11, 200
14/02/2020 00:00:00, 0.106, 200
15/02/2020 00:00:00, 0.124, 200
16/02/2020 00:00:00, 0.114, 200
17/02/2020 00:00:00, 0.099, 200
18/02/2020 00:00:00, 0.083, 200
19/02/2020 00:00:00, 0.103, 200
20/02/2020 00:00:00, 0.115, 200
21/02/2020 00:00:00, 0.099, 200
22/02/2020 00:00:00, 0.096, 200
23/02/2020 00:00:00, 0.088, 200
24/02/2020 00:00:00, 0.087, 200
25/02/2020 00:00:00, 0.132, 200
26/02/2020 00:00:00, 0.187, 200
27/02/2020 00:00:00, 0.158, 200
28/02/2020 00:00:00, 0.086, 200
29/02/2020 00:00:00, 0.087, 200
01/03/2020 00:00:00, 0.072, 200
02/03/2020 00:00:00, 0.134, 200
03/03/2020 00:00:00, 0.128, 200
04/03/2020 00:00:00, 0.081, 200
05/03/2020 00:00:00, 0.076, 200
06/03/2020 00:00:00, 0.116, 200
07/03/2020 00:00:00, 0.141, 200
08/03/2020 00:00:00, 0.148, 200
09/03/2020 00:00:00, 0.103, 200
10/03/2020 00:00:00, 0.101, 200
11/03/2020 00:00:00, 0.09, 200
12/03/2020 00:00:00, 0.094, 200
13/03/2020 00:00:00, 0.106, 200
14/03/2020 00:00:00, 0.141, 200
15/03/2020 00:00:00, 0.15, 200
16/03/2020 00:00:00, 0.12, 200
17/03/2020 00:00:00, 0.077, 200
18/03/2020 00:00:00, 0.073, 200
19/03/2020 00:00:00, 0.108, 200
20/03/2020 00:00:00, 0.084, 200
21/03/2020 00:00:00, 0.097, 200
22/03/2020 00:00:00, 0.096, 200
23/03/2020 00:00:00, 0.053, 200
24/03/2020 00:00:00, 0.082, 200
25/03/2020 00:00:00, 0.125, 200
26/03/2020 00:00:00, 0.121, 200
27/03/2020 00:00:00, 0.041, 200
28/03/2020 00:00:00, 0.044, 200
29/03/2020 00:00:00, 0.043, 200
30/03/2020 00:00:00, 0.058, 200
31/03/2020 00:00:00, 0.086, 200
01/04/2020 00:00:00, 0.042, 200
02/04/2020 00:00:00, 0.06, 200
03/04/2020 00:00:00, 0.04, 200
04/04/2020 00:00:00, 0.043, 200
05/04/2020 00:00:00, 0.054, 200
06/04/2020 00:00:00, 0.057, 200
07/04/2020 00:00:00, 0.062, 200
08/04/2020 00:00:00, 0.047, 200
09/04/2020 00:00:00, 0.043, 200
10/04/2020 00:00:00, 0.061, 200
11/04/2020 00:00:00, 0.093, 200
12/04/2020 00:00:00, 0.062, 200
13/04/2020 00:00:00, 0.047, 200
14/04/2020 00:00:00, 0.049, 200
15/04/2020 00:00:00, 0.093, 200
16/04/2020 00:00:00, 0.102, 200
17/04/2020 00:00:00, 0.104, 200
18/04/2020 00:00:00, 0.062, 200
19/04/2020 00:00:00, 0.047, 200
20/04/2020 00:00:00, 0.042, 200
21/04/2020 00:00:00, 0.056, 200
22/04/2020 00:00:00, 0.104, 200
23/04/2020 00:00:00, 0.063, 200
24/04/2020 00:00:00, 0.055, 200
25/04/2020 00:00:00, 0.062, 200
26/04/2020 00:00:00, 0.058, 200
27/04/2020 00:00:00, 0.052, 200
28/04/2020 00:00:00, 0.04, 200
29/04/2020 00:00:00, 0.155, 200
30/04/2020 00:00:00, 0.125, 200
01/05/2020 00:00:00, 0.061, 200
02/05/2020 00:00:00, 0.069, 200
03/05/2020 00:00:00, 0.06, 200
04/05/2020 00:00:00, 0.043, 200
05/05/2020 00:00:00, 0.069, 200
06/05/2020 00:00:00, 0.082, 200
07/05/2020 00:00:00, 0.169, 200
08/05/2020 00:00:00, 0.111, 200
09/05/2020 00:00:00, 0.123, 200
10/05/2020 00:00:00, 0.116, 200
11/05/2020 00:00:00, 0.079, 200
12/05/2020 00:00:00, 0.112, 200
13/05/2020 00:00:00, 0.134, 200
14/05/2020 00:00:00, 0.308, 200
15/05/2020 00:00:00, 0.222, 200
16/05/2020 00:00:00, 0.119, 200
17/05/2020 00:00:00, 0.081, 200
18/05/2020 00:00:00, 0.168, 200
19/05/2020 00:00:00, 0.222, 200
20/05/2020 00:00:00, 0.16, 200
21/05/2020 00:00:00, 0.278, 200
22/05/2020 00:00:00, 0.134, 200
23/05/2020 00:00:00, 0.098, 200
24/05/2020 00:00:00, 0.225, 200
25/05/2020 00:00:00, 0.255, 200
26/05/2020 00:00:00, 0.118, 200
27/05/2020 00:00:00, 0.124, 200
28/05/2020 00:00:00, 0.11, 200
29/05/2020 00:00:00, 0.299, 200
30/05/2020 00:00:00, 0.198, 200
31/05/2020 00:00:00, 0.143, 200
01/06/2020 00:00:00, 0.17, 200
02/06/2020 00:00:00, 0.17, 200
03/06/2020 00:00:00, 0.222, 200
04/06/2020 00:00:00, 0.137, 200
05/06/2020 00:00:00, 0.095, 200
06/06/2020 00:00:00, 0.133, 200
07/06/2020 00:00:00, 0.164, 200
08/06/2020 00:00:00, 0.234, 200
09/06/2020 00:00:00, 0.351, 200
10/06/2020 00:00:00, 0.402, 200
11/06/2020 00:00:00, 0.277, 200
12/06/2020 00:00:00, 0.109, 200
13/06/2020 00:00:00, 0.118, 200
14/06/2020 00:00:00, 0.165, 200
15/06/2020 00:00:00, 0.348, 200
16/06/2020 00:00:00, 0.125, 200
17/06/2020 00:00:00, 0.083, 200
18/06/2020 00:00:00, 0.091, 200
19/06/2020 00:00:00, 0.076, 200
20/06/2020 00:00:00, 0.077, 200
21/06/2020 00:00:00, 0.086, 200
22/06/2020 00:00:00, 0.094, 200
23/06/2020 00:00:00, 0.315, 200
24/06/2020 00:00:00, 0.464, 200
25/06/2020 00:00:00, 0.199, 200
26/06/2020 00:00:00, 0.087, 200
27/06/2020 00:00:00, 0.184, 200
28/06/2020 00:00:00, 0.306, 200
29/06/2020 00:00:00, 0.169, 200
30/06/2020 00:00:00, 0.122, 200
01/07/2020 00:00:00, 0.088, 200
02/07/2020 00:00:00, 0.08, 200
03/07/2020 00:00:00, 0.071, 200
04/07/2020 00:00:00, 0.333, 200
05/07/2020 00:00:00, 0.163, 200
06/07/2020 00:00:00, 0.163, 200
07/07/2020 00:00:00, 0.106, 200
08/07/2020 00:00:00, 0.173, 200
09/07/2020 00:00:00, 0.092, 200
10/07/2020 00:00:00, 0.082, 200
11/07/2020 00:00:00, 0.291, 200
12/07/2020 00:00:00, 0.193, 200
13/07/2020 00:00:00, 0.065, 200
14/07/2020 00:00:00, 0.157, 200
15/07/2020 00:00:00, 0.375, 200
16/07/2020 00:00:00, 0.132, 200
17/07/2020 00:00:00, 0.125, 200
18/07/2020 00:00:00, 0.162, 200
19/07/2020 00:00:00, 0.19, 200
20/07/2020 00:00:00, 0.219, 200
21/07/2020 00:00:00, 0.306, 200
22/07/2020 00:00:00, 0.112, 200
23/07/2020 00:00:00, 0.186, 200
24/07/2020 00:00:00, 0.132, 200
25/07/2020 00:00:00, 0.325, 200
26/07/2020 00:00:00, 0.287, 200
27/07/2020 00:00:00, 0.303, 200
28/07/2020 00:00:00, 0.276, 200
29/07/2020 00:00:00, 0.193, 200
30/07/2020 00:00:00, 0.272, 200
31/07/2020 00:00:00, 0.227, 200
01/08/2020 00:00:00, 0.239, 200
02/08/2020 00:00:00, 0.373, 200
03/08/2020 00:00:00, 0.287, 200
04/08/2020 00:00:00, 0.222, 200
05/08/2020 00:00:00, 0.124, 200
06/08/2020 00:00:00, 0.158, 200
07/08/2020 00:00:00, 0.149, 200
08/08/2020 00:00:00, 0.168, 200
09/08/2020 00:00:00, 0.127, 200
10/08/2020 00:00:00, 0.238, 200
11/08/2020 00:00:00, 0.22, 200
12/08/2020 00:00:00, 0.186, 200
13/08/2020 00:00:00, 0.132, 200
14/08/2020 00:00:00, 0.199, 200
15/08/2020 00:00:00, 0.131, 200
16/08/2020 00:00:00, 0.227, 200
17/08/2020 00:00:00, 0.15, 200
18/08/2020 00:00:00, 0.233, 200
19/08/2020 00:00:00, 0.3, 200
20/08/2020 00:00:00, 0.29, 200
21/08/2020 00:00:00, 0.166, 200
22/08/2020 00:00:00, 0.079, 200
23/08/2020 00:00:00, 0.174, 200
24/08/2020 00:00:00, 0.282, 200
25/08/2020 00:00:00, 0.112, 200
26/08/2020 00:00:00, 0.156, 200
27/08/2020 00:00:00, 0.115, 200
28/08/2020 00:00:00, 0.162, 200
29/08/2020 00:00:00, 0.14, 200
30/08/2020 00:00:00, 0.076, 200
31/08/2020 00:00:00, 0.085, 200
01/09/2020 00:00:00, 0.086, 200
02/09/2020 00:00:00, 0.094, 200
03/09/2020 00:00:00, 0.128, 200
04/09/2020 00:00:00, 0.198, 200
05/09/2020 00:00:00, 0.177, 200
06/09/2020 00:00:00, 0.082, 200
07/09/2020 00:00:00, 0.068, 200
08/09/2020 00:00:00, 0.115, 200
09/09/2020 00:00:00, 0.198, 200
10/09/2020 00:00:00, 0.095, 200
11/09/2020 00:00:00, 0.112, 200
12/09/2020 00:00:00, 0.122, 200
13/09/2020 00:00:00, 0.221, 200
14/09/2020 00:00:00, 0.112, 200
15/09/2020 00:00:00, 0.077, 200
16/09/2020 00:00:00, 0.111, 200
17/09/2020 00:00:00, 0.138, 200
18/09/2020 00:00:00, 0.065, 200
19/09/2020 00:00:00, 0.151, 200
20/09/2020 00:00:00, 0.153, 200
21/09/2020 00:00:00, 0.171, 200
22/09/2020 00:00:00, 0.105, 200
23/09/2020 00:00:00, 0.107, 200
24/09/2020 00:00:00, 0.093, 200
25/09/2020 00:00:00, 0.15, 200
26/09/2020 00:00:00, 0.113, 200
27/09/2020 00:00:00, 0.086, 200
28/09/2020 00:00:00, 0.076, 200
29/09/2020 00:00:00, 0.115, 200
30/09/2020 00:00:00, 0.14, 200
01/10/2020 00:00:00, 0.203, 200
02/10/2020 00:00:00, 0.192, 200
03/10/2020 00:00:00, 0.113, 200
04/10/2020 00:00:00, 0.066, 200
05/10/2020 00:00:00, 0.098, 200
06/10/2020 00:00:00, 0.076, 200
07/10/2020 00:00:00, 0.073, 200
08/10/2020 00:00:00, 0.116, 200
09/10/2020 00:00:00, 0.119, 200
10/10/2020 00:00:00, 0.16, 200
11/10/2020 00:00:00, 0.175, 200
12/10/2020 00:00:00, 0.084, 200
13/10/2020 00:00:00, 0.101, 200
14/10/2020 00:00:00, 0.112, 200
15/10/2020 00:00:00, 0.109, 200
16/10/2020 00:00:00, 0.116, 200
17/10/2020 00:00:00, 0.151, 200
18/10/2020 00:00:00, 0.139, 200
19/10/2020 00:00:00, 0.121, 200
20/10/2020 00:00:00, 0.059, 200
21/10/2020 00:00:00, 0.116, 200
22/10/2020 00:00:00, 0.142, 200
23/10/2020 00:00:00, 0.119, 200
24/10/2020 00:00:00, 0.112, 200
25/10/2020 00:00:00, 0.097, 200
26/10/2020 00:00:00, 0.068, 200
27/10/2020 00:00:00, 0.056, 200
28/10/2020 00:00:00, 0.087, 200
29/10/2020 00:00:00, 0.114, 200
31/10/2020 00:00:00, 0, 200
01/11/2020 00:00:00, 0.119, 200
02/11/2020 00:00:00, 0.127, 200
03/11/2020 00:00:00, 0.115, 200
04/11/2020 00:00:00, 0.192, 200
05/11/2020 00:00:00, 0.089, 200
06/11/2020 00:00:00, 0.106, 200
07/11/2020 00:00:00, 0.112, 200
08/11/2020 00:00:00, 0.112, 200
09/11/2020 00:00:00, 0.083, 200
10/11/2020 00:00:00, 0.088, 200
11/11/2020 00:00:00, 0.082, 200
12/11/2020 00:00:00, 0.112, 200
13/11/2020 00:00:00, 0.186, 200
14/11/2020 00:00:00, 0.114, 200
15/11/2020 00:00:00, 0.126, 200
16/11/2020 00:00:00, 0.148, 200
17/11/2020 00:00:00, 0.16, 200
18/11/2020 00:00:00, 0.121, 200
19/11/2020 00:00:00, 0.121, 200
20/11/2020 00:00:00, 0.108, 200
21/11/2020 00:00:00, 0.148, 200
22/11/2020 00:00:00, 0.074, 200
23/11/2020 00:00:00, 0.079, 200
24/11/2020 00:00:00, 0.1, 200
25/11/2020 00:00:00, 0.116, 200
26/11/2020 00:00:00, 0.149, 200
27/11/2020 00:00:00, 0.176, 200
28/11/2020 00:00:00, 0.118, 200
29/11/2020 00:00:00, 0.103, 200
30/11/2020 00:00:00, 0.109, 200
01/12/2020 00:00:00, 0.133, 200
02/12/2020 00:00:00, 0.082, 200
03/12/2020 00:00:00, 0.138, 200
04/12/2020 00:00:00, 0.137, 200
05/12/2020 00:00:00, 0.109, 200
06/12/2020 00:00:00, 0.108, 200
07/12/2020 00:00:00, 0.091, 200
08/12/2020 00:00:00, 0.098, 200
09/12/2020 00:00:00, 0.127, 200
10/12/2020 00:00:00, 0.163, 200
11/12/2020 00:00:00, 0.175, 200
12/12/2020 00:00:00, 0.136, 200
13/12/2020 00:00:00, 0.111, 200
14/12/2020 00:00:00, 0.088, 200
15/12/2020 00:00:00, 0.107, 200
16/12/2020 00:00:00, 0.103, 200
17/12/2020 00:00:00, 0.093, 200
18/12/2020 00:00:00, 0.172, 200
19/12/2020 00:00:00, 0.116, 200
20/12/2020 00:00:00, 0.072, 200
21/12/2020 00:00:00, 0.071, 200
22/12/2020 00:00:00, 0.113, 200
23/12/2020 00:00:00, 0.118, 200
24/12/2020 00:00:00, 0.108, 200
25/12/2020 00:00:00, 0.098, 200
26/12/2020 00:00:00, 0.092, 200
27/12/2020 00:00:00, 0.061, 200
28/12/2020 00:00:00, 0.043, 200
29/12/2020 00:00:00, 0.044, 200
30/12/2020 00:00:00, 0.052, 200
31/12/2020 00:00:00, 0.066, 200
01/01/2021 00:00:00, 0.096, 200
02/01/2021 00:00:00, 0.079, 200
03/01/2021 00:00:00, 0.091, 0
04/01/2021 00:00:00, 0.072, 0
05/01/2021 00:00:00, 0.061, 0
06/01/2021 00:00:00, 0.098, 0
07/01/2021 00:00:00, 0.113, 0
08/01/2021 00:00:00, 0.104, 0
09/01/2021 00:00:00, 0.091, 0
10/01/2021 00:00:00, 0.083, 0
11/01/2021 00:00:00, 0.094, 0
12/01/2021 00:00:00, 0.093, 0
13/01/2021 00:00:00, 0.115, 0
14/01/2021 00:00:00, 0.103, 0
15/01/2021 00:00:00, 0.112, 0
16/01/2021 00:00:00, 0.157, 0
17/01/2021 00:00:00, 0.107, 0
18/01/2021 00:00:00, 0.236, 0
19/01/2021 00:00:00, 0.209, 0
20/01/2021 00:00:00, 0.306, 0
21/01/2021 00:00:00, 0.161, 0
22/01/2021 00:00:00, 0.188, 0
23/01/2021 00:00:00, 0.207, 0
24/01/2021 00:00:00, 0.19, 0
25/01/2021 00:00:00, 0.19, 0
26/01/2021 00:00:00, 0.18, 0
27/01/2021 00:00:00, 0.244, 0
28/01/2021 00:00:00, 0.234, 0
29/01/2021 00:00:00, 0.198, 0
30/01/2021 00:00:00, 0.125, 0
31/01/2021 00:00:00, 0.129, 0
01/02/2021 00:00:00, 0.187, 0
02/02/2021 00:00:00, 0.196, 0
03/02/2021 00:00:00, 0.221, 0
04/02/2021 00:00:00, 0.216, 0
05/02/2021 00:00:00, 0.142, 0
06/02/2021 00:00:00, 0.149, 0
07/02/2021 00:00:00, 0.187, 0
08/02/2021 00:00:00, 0.19, 0
09/02/2021 00:00:00, 0.194, 0
10/02/2021 00:00:00, 0.199, 0
11/02/2021 00:00:00, 0.163, 0
12/02/2021 00:00:00, 0.135, 0
13/02/2021 00:00:00, 0.157, 0
14/02/2021 00:00:00, 0.198, 0
15/02/2021 00:00:00, 0.165, 0
16/02/2021 00:00:00, 0.201, 0
17/02/2021 00:00:00, 0.099, 0
18/02/2021 00:00:00, 0.081, 0
19/02/2021 00:00:00, 0.165, 0
20/02/2021 00:00:00, 0.192, 0
21/02/2021 00:00:00, 0.179, 0
22/02/2021 00:00:00, 0.153, 0
23/02/2021 00:00:00, 0.175, 0
24/02/2021 00:00:00, 0.178, 0
25/02/2021 00:00:00, 0.158, 0
26/02/2021 00:00:00, 0.236, 0
27/02/2021 00:00:00, 0.289, 0
28/02/2021 00:00:00, 0.26, 0
01/03/2021 00:00:00, 0.252, 0
02/03/2021 00:00:00, 0.237, 0
03/03/2021 00:00:00, 0.212, 0
04/03/2021 00:00:00, 0.199, 0
05/03/2021 00:00:00, 0.185, 0
06/03/2021 00:00:00, 0.137, 0
07/03/2021 00:00:00, 0.167, 0
08/03/2021 00:00:00, 0.149, 0
09/03/2021 00:00:00, 0.142, 0
10/03/2021 00:00:00, 0.168, 0
11/03/2021 00:00:00, 0.161, 0
12/03/2021 00:00:00, 0.13, 0
13/03/2021 00:00:00, 0.132, 0
14/03/2021 00:00:00, 0.203, 0
15/03/2021 00:00:00, 0.188, 0
16/03/2021 00:00:00, 0.155, 0
17/03/2021 00:00:00, 0.152, 0
18/03/2021 00:00:00, 0.155, 0
19/03/2021 00:00:00, 0.092, 0
20/03/2021 00:00:00, 0.143, 0
21/03/2021 00:00:00, 0.118, 0
22/03/2021 00:00:00, 0.109, 0
23/03/2021 00:00:00, 0.124, 0
24/03/2021 00:00:00, 0.182, 0
25/03/2021 00:00:00, 0.201, 0
26/03/2021 00:00:00, 0.192, 0
27/03/2021 00:00:00, 0.271, 0
28/03/2021 00:00:00, 0.198, 0
29/03/2021 00:00:00, 0.186, 0
30/03/2021 00:00:00, 0.234, 0
31/03/2021 00:00:00, 0.313, 0
01/04/2021 00:00:00, 0.231, 0
02/04/2021 00:00:00, 0.137, 0
03/04/2021 00:00:00, 0.168, 0
04/04/2021 00:00:00, 0.136, 0
05/04/2021 00:00:00, 0.133, 0
06/04/2021 00:00:00, 0.178, 0
07/04/2021 00:00:00, 0.269, 0
08/04/2021 00:00:00, 0.296, 0
09/04/2021 00:00:00, 0.32, 0
10/04/2021 00:00:00, 0.291, 0
11/04/2021 00:00:00, 0.219, 0
12/04/2021 00:00:00, 0.176, 0
13/04/2021 00:00:00, 0.204, 0
14/04/2021 00:00:00, 0.178, 0
15/04/2021 00:00:00, 0.172, 0
16/04/2021 00:00:00, 0.142, 0
17/04/2021 00:00:00, 0.111, 0
18/04/2021 00:00:00, 0.164, 0
19/04/2021 00:00:00, 0.222, 0
20/04/2021 00:00:00, 0.211, 0
21/04/2021 00:00:00, 0.29, 0
22/04/2021 00:00:00, 0.309, 0
23/04/2021 00:00:00, 0.293, 0
24/04/2021 00:00:00, 0.178, 0
25/04/2021 00:00:00, 0.243, 0
26/04/2021 00:00:00, 0.18, 0
27/04/2021 00:00:00, 0.119, 0
28/04/2021 00:00:00, 0.11, 0
29/04/2021 00:00:00, 0.255, 0
30/04/2021 00:00:00, 0.304, 0
01/05/2021 00:00:00, 0.292, 0
02/05/2021 00:00:00, 0.155, 0
03/05/2021 00:00:00, 0.284, 0
04/05/2021 00:00:00, 0.336, 0
05/05/2021 00:00:00, 0.182, 0
06/05/2021 00:00:00, 0.261, 0
07/05/2021 00:00:00, 0.208, 0
08/05/2021 00:00:00, 0.329, 0
09/05/2021 00:00:00, 0.264, 0
10/05/2021 00:00:00, 0.184, 0
11/05/2021 00:00:00, 0.201, 0
12/05/2021 00:00:00, 0.193, 0
13/05/2021 00:00:00, 0.141, 0
14/05/2021 00:00:00, 0.252, 0
15/05/2021 00:00:00, 0.294, 0
16/05/2021 00:00:00, 0.263, 0
17/05/2021 00:00:00, 0.203, 0
18/05/2021 00:00:00, 0.243, 0
19/05/2021 00:00:00, 0.13, 0
20/05/2021 00:00:00, 0.277, 0
21/05/2021 00:00:00, 0, 200
22/05/2021 00:00:00, 0.233, 200
23/05/2021 00:00:00, 0.298, 200
24/05/2021 00:00:00, 0.211, 200
25/05/2021 00:00:00, 0.106, 200
26/05/2021 00:00:00, 0.149, 200
27/05/2021 00:00:00, 0.403, 200
28/05/2021 00:00:00, 0.361, 200
29/05/2021 00:00:00, 0.236, 200
30/05/2021 00:00:00, 0.36, 200
31/05/2021 00:00:00, 0.351, 200
01/06/2021 00:00:00, 0.203, 200
02/06/2021 00:00:00, 0.186, 200
03/06/2021 00:00:00, 0.458, 200
04/06/2021 00:00:00, 0.344, 200
05/06/2021 00:00:00, 0.202, 200
06/06/2021 00:00:00, 0.176, 200
07/06/2021 00:00:00, 0.393, 200
08/06/2021 00:00:00, 0.173, 200
09/06/2021 00:00:00, 0.252, 200
10/06/2021 00:00:00, 0.565, 200
11/06/2021 00:00:00, 0.295, 200
12/06/2021 00:00:00, 0.375, 200
13/06/2021 00:00:00, 0.246, 200
14/06/2021 00:00:00, 0.172, 200
15/06/2021 00:00:00, 0.31, 200
16/06/2021 00:00:00, 0.164, 200
17/06/2021 00:00:00, 0.173, 200
18/06/2021 00:00:00, 0.157, 200
19/06/2021 00:00:00, 0.203, 200
20/06/2021 00:00:00, 0.288, 200
21/06/2021 00:00:00, 0.254, 200
22/06/2021 00:00:00, 0.134, 200
23/06/2021 00:00:00, 0.189, 200
24/06/2021 00:00:00, 0.35, 200
25/06/2021 00:00:00, 0.221, 200
26/06/2021 00:00:00, 0.207, 200
27/06/2021 00:00:00, 0.254, 200
28/06/2021 00:00:00, 0.254, 200
29/06/2021 00:00:00, 0.178, 200
30/06/2021 00:00:00, 0.066, 200
01/07/2021 00:00:00, 0, 200
02/07/2021 00:00:00, 0.288, 200
03/07/2021 00:00:00, 0.403, 200
04/07/2021 00:00:00, 0.41, 200
05/07/2021 00:00:00, 0.26, 200
06/07/2021 00:00:00, 0.126, 200
07/07/2021 00:00:00, 0.129, 200
08/07/2021 00:00:00, 0.126, 200
09/07/2021 00:00:00, 0.275, 200
10/07/2021 00:00:00, 0.296, 200
11/07/2021 00:00:00, 0.211, 200
12/07/2021 00:00:00, 0.078, 200
13/07/2021 00:00:00, 0.303, 200
14/07/2021 00:00:00, 0.314, 200
15/07/2021 00:00:00, 0.269, 200
16/07/2021 00:00:00, 0.179, 200
17/07/2021 00:00:00, 0.15, 200
18/07/2021 00:00:00, 0.128, 200
19/07/2021 00:00:00, 0.143, 200
20/07/2021 00:00:00, 0.12, 200
21/07/2021 00:00:00, 0.223, 200
22/07/2021 00:00:00, 0.13, 200
23/07/2021 00:00:00, 0.134, 200
24/07/2021 00:00:00, 0.257, 200
25/07/2021 00:00:00, 0.438, 200
26/07/2021 00:00:00, 0.273, 200
27/07/2021 00:00:00, 0.238, 200
28/07/2021 00:00:00, 0.17, 200
29/07/2021 00:00:00, 0.241, 200
30/07/2021 00:00:00, 0.22, 200
31/07/2021 00:00:00, 0.217, 200
01/08/2021 00:00:00, 0.246, 200
02/08/2021 00:00:00, 0.202, 200
03/08/2021 00:00:00, 0, 200
04/08/2021 00:00:00, 0.084, 200
05/08/2021 00:00:00, 0.296, 200
06/08/2021 00:00:00, 0.485, 200
07/08/2021 00:00:00, 0.387, 200
08/08/2021 00:00:00, 0.396, 200
09/08/2021 00:00:00, 0.177, 200
10/08/2021 00:00:00, 0.075, 200
11/08/2021 00:00:00, 0.348, 200
12/08/2021 00:00:00, 0.548, 200
13/08/2021 00:00:00, 0.277, 200
14/08/2021 00:00:00, 0.27, 200
15/08/2021 00:00:00, 0.17, 200
16/08/2021 00:00:00, 0.15, 200
17/08/2021 00:00:00, 0.093, 200
18/08/2021 00:00:00, 0.147, 200
19/08/2021 00:00:00, 0.086, 200
20/08/2021 00:00:00, 0.093, 200
21/08/2021 00:00:00, 0.075, 200
22/08/2021 00:00:00, 0.136, 200
23/08/2021 00:00:00, 0.108, 200
24/08/2021 00:00:00, 0.121, 200
25/08/2021 00:00:00, 0.103, 200
26/08/2021 00:00:00, 0.092, 200
27/08/2021 00:00:00, 0.098, 200
28/08/2021 00:00:00, 0.113, 200
29/08/2021 00:00:00, 0.09, 200
30/08/2021 00:00:00, 0.106, 200
31/08/2021 00:00:00, 0.047, 200
01/09/2021 00:00:00, 0.092, 200
02/09/2021 00:00:00, 0.21, 200
03/09/2021 00:00:00, 0.144, 200
04/09/2021 00:00:00, 0.181, 200
05/09/2021 00:00:00, 0.085, 200
06/09/2021 00:00:00, 0.077, 200
07/09/2021 00:00:00, 0.101, 200
08/09/2021 00:00:00, 0.165, 200
09/09/2021 00:00:00, 0.12, 200
10/09/2021 00:00:00, 0.126, 200
11/09/2021 00:00:00, 0.208, 200
12/09/2021 00:00:00, 0.183, 200
13/09/2021 00:00:00, 0.12, 200
14/09/2021 00:00:00, 0.145, 200
15/09/2021 00:00:00, 0.086, 200
16/09/2021 00:00:00, 0.147, 200
17/09/2021 00:00:00, 0.081, 200
18/09/2021 00:00:00, 0.089, 200
19/09/2021 00:00:00, 0.174, 200
20/09/2021 00:00:00, 0.119, 200
21/09/2021 00:00:00, 0.183, 200
22/09/2021 00:00:00, 0.091, 200
23/09/2021 00:00:00, 0.222, 200
24/09/2021 00:00:00, 0.233, 200
25/09/2021 00:00:00, 0.195, 200
26/09/2021 00:00:00, 0.181, 200
27/09/2021 00:00:00, 0.126, 200
28/09/2021 00:00:00, 0.123, 200
29/09/2021 00:00:00, 0.15, 200
30/09/2021 00:00:00, 0.175, 200
01/10/2021 00:00:00, 0.131, 200
02/10/2021 00:00:00, 0.157, 200
03/10/2021 00:00:00, 0.121, 200
04/10/2021 00:00:00, 0.106, 200
05/10/2021 00:00:00, 0.227, 200
06/10/2021 00:00:00, 0.239, 200
07/10/2021 00:00:00, 0.207, 200
08/10/2021 00:00:00, 0.193, 200
09/10/2021 00:00:00, 0.173, 200
10/10/2021 00:00:00, 0.136, 200
11/10/2021 00:00:00, 0.136, 200
12/10/2021 00:00:00, 0.141, 200
13/10/2021 00:00:00, 0.109, 200
14/10/2021 00:00:00, 0.106, 200
15/10/2021 00:00:00, 0.121, 200
16/10/2021 00:00:00, 0.185, 200
17/10/2021 00:00:00, 0.095, 200
18/10/2021 00:00:00, 0.096, 200
19/10/2021 00:00:00, 0.098, 200
20/10/2021 00:00:00, 0.084, 200
21/10/2021 00:00:00, 0.092, 200
22/10/2021 00:00:00, 0.195, 200
23/10/2021 00:00:00, 0.202, 200
24/10/2021 00:00:00, 0.217, 200
25/10/2021 00:00:00, 0.208, 200
26/10/2021 00:00:00, 0.191, 200
27/10/2021 00:00:00, 0.233, 200
28/10/2021 00:00:00, 0.245, 200
29/10/2021 00:00:00, 0.221, 200
30/10/2021 00:00:00, 0.302, 200
31/10/2021 00:00:00, 0.276, 200
01/11/2021 00:00:00, 0.161, 200
02/11/2021 00:00:00, 0.131, 200
03/11/2021 00:00:00, 0.12, 200
04/11/2021 00:00:00, 0.069, 200
05/11/2021 00:00:00, 0.085, 200
06/11/2021 00:00:00, 0.127, 200
07/11/2021 00:00:00, 0.128, 200
08/11/2021 00:00:00, 0.151, 200
09/11/2021 00:00:00, 0.161, 200
10/11/2021 00:00:00, 0.146, 200
11/11/2021 00:00:00, 0.126, 200
12/11/2021 00:00:00, 0.129, 200
13/11/2021 00:00:00, 0.13, 200
14/11/2021 00:00:00, 0.14, 200
15/11/2021 00:00:00, 0.117, 200
16/11/2021 00:00:00, 0.106, 200
17/11/2021 00:00:00, 0.138, 200
18/11/2021 00:00:00, 0.073, 200
19/11/2021 00:00:00, 0.112, 200
20/11/2021 00:00:00, 0.128, 200
21/11/2021 00:00:00, 0.063, 200
22/11/2021 00:00:00, 0.088, 200
23/11/2021 00:00:00, 0.064, 200
24/11/2021 00:00:00, 0.054, 200
25/11/2021 00:00:00, 0.075, 200
26/11/2021 00:00:00, 0.112, 200
27/11/2021 00:00:00, 0.06, 200
28/11/2021 00:00:00, 0.085, 200
29/11/2021 00:00:00, 0.084, 200
30/11/2021 00:00:00, 0.151, 200
01/12/2021 00:00:00, 0.201, 200
02/12/2021 00:00:00, 0.075, 200
03/12/2021 00:00:00, 0.122, 200
04/12/2021 00:00:00, 0.168, 200
05/12/2021 00:00:00, 0.098, 200
06/12/2021 00:00:00, 0.069, 200
07/12/2021 00:00:00, 0.039, 200
08/12/2021 00:00:00, 0.099, 200
09/12/2021 00:00:00, 0.094, 200
10/12/2021 00:00:00, 0.141, 200
11/12/2021 00:00:00, 0.182, 200
12/12/2021 00:00:00, 0.142, 200
13/12/2021 00:00:00, 0.058, 200
14/12/2021 00:00:00, 0.139, 200
15/12/2021 00:00:00, 0.117, 200
16/12/2021 00:00:00, 0.162, 200
17/12/2021 00:00:00, 0.19, 200
18/12/2021 00:00:00, 0.165, 200
19/12/2021 00:00:00, 0.084, 200
20/12/2021 00:00:00, 0.064, 200
21/12/2021 00:00:00, 0.085, 200
22/12/2021 00:00:00, 0.124, 200
23/12/2021 00:00:00, 0.12, 200
24/12/2021 00:00:00, 0.143, 200
25/12/2021 00:00:00, 0.107, 200
26/12/2021 00:00:00, 0.043, 200
27/12/2021 00:00:00, 0.059, 200
28/12/2021 00:00:00, 0.08, 200
29/12/2021 00:00:00, 0.155, 200
30/12/2021 00:00:00, 0.064, 200
31/12/2021 00:00:00, 0.051, 200
01/01/2022 00:00:00, 0.059, 200
02/01/2022 00:00:00, 0.031, 200
03/01/2022 00:00:00, 0.05, 200
04/01/2022 00:00:00, 0.045, 200
05/01/2022 00:00:00, 0.065, 200
06/01/2022 00:00:00, 0.075, 200
07/01/2022 00:00:00, 0.091, 200
08/01/2022 00:00:00, 0.088, 200
09/01/2022 00:00:00, 0.088, 200
10/01/2022 00:00:00, 0.085, 200
11/01/2022 00:00:00, 0.118, 200
12/01/2022 00:00:00, 0.123, 200
13/01/2022 00:00:00, 0.058, 200
14/01/2022 00:00:00, 0.066, 200
15/01/2022 00:00:00, 0.064, 200
16/01/2022 00:00:00, 0.075, 200
17/01/2022 00:00:00, 0.068, 200
18/01/2022 00:00:00, 0.099, 200
19/01/2022 00:00:00, 0.131, 200
20/01/2022 00:00:00, 0.182, 200
21/01/2022 00:00:00, 0.116, 200
22/01/2022 00:00:00, 0.103, 200
23/01/2022 00:00:00, 0.079, 200
24/01/2022 00:00:00, 0.068, 200
25/01/2022 00:00:00, 0.011, 200
26/01/2022 00:00:00, 0.071, 200
27/01/2022 00:00:00, 0.081, 200
28/01/2022 00:00:00, 0.067, 200
29/01/2022 00:00:00, 0.081, 200
30/01/2022 00:00:00, 0.118, 200
31/01/2022 00:00:00, 0.157, 200
01/02/2022 00:00:00, 0.139, 200
02/02/2022 00:00:00, 0.147, 200
03/02/2022 00:00:00, 0.104, 200
04/02/2022 00:00:00, 0.113, 200
05/02/2022 00:00:00, 0.133, 200
06/02/2022 00:00:00, 0.08, 200
07/02/2022 00:00:00, 0.031, 200
08/02/2022 00:00:00, 0.049, 200
09/02/2022 00:00:00, 0.121, 200
10/02/2022 00:00:00, 0.159, 200
11/02/2022 00:00:00, 0.151, 200
12/02/2022 00:00:00, 0.218, 200
13/02/2022 00:00:00, 0.194, 200
14/02/2022 00:00:00, 0.028, 200
15/02/2022 00:00:00, 0.029, 200
16/02/2022 00:00:00, 0.113, 200
17/02/2022 00:00:00, 0.071, 200
18/02/2022 00:00:00, 0.068, 200
19/02/2022 00:00:00, 0.096, 200
20/02/2022 00:00:00, 0.096, 200
21/02/2022 00:00:00, 0.027, 200
22/02/2022 00:00:00, 0.2, 200
23/02/2022 00:00:00, 0.17, 200
24/02/2022 00:00:00, 0.103, 200
25/02/2022 00:00:00, 0.118, 200
26/02/2022 00:00:00, 0.188, 200
27/02/2022 00:00:00, 0.181, 200
28/02/2022 00:00:00, 0.097, 200
01/03/2022 00:00:00, 0.067, 200
02/03/2022 00:00:00, 0.123, 200
03/03/2022 00:00:00, 0.092, 200
04/03/2022 00:00:00, 0.156, 200
05/03/2022 00:00:00, 0.222, 200
06/03/2022 00:00:00, 0.192, 200
07/03/2022 00:00:00, 0.183, 200
08/03/2022 00:00:00, 0.196, 200
09/03/2022 00:00:00, 0.19, 200
10/03/2022 00:00:00, 0.202, 200
11/03/2022 00:00:00, 0.24, 200
12/03/2022 00:00:00, 0.203, 200
13/03/2022 00:00:00, 0.19, 200
14/03/2022 00:00:00, 0.092, 200
15/03/2022 00:00:00, 0.097, 200
16/03/2022 00:00:00, 0.093, 200
17/03/2022 00:00:00, 0, 200
18/03/2022 00:00:00, 0.096, 200
19/03/2022 00:00:00, 0.16, 200
20/03/2022 00:00:00, 0.186, 200
21/03/2022 00:00:00, 0.15, 200
22/03/2022 00:00:00, 0.262, 200
23/03/2022 00:00:00, 0.337, 200
24/03/2022 00:00:00, 0.401, 200
25/03/2022 00:00:00, 0.302, 200
26/03/2022 00:00:00, 0.124, 200
27/03/2022 00:00:00, 0.134, 200
28/03/2022 00:00:00, 0.138, 200
29/03/2022 00:00:00, 0.158, 200
30/03/2022 00:00:00, 0.214, 200
31/03/2022 00:00:00, 0.302, 200
01/04/2022 00:00:00, 0.295, 200
02/04/2022 00:00:00, 0.197, 200
03/04/2022 00:00:00, 0, 200
04/04/2022 00:00:00, 0.279, 200
05/04/2022 00:00:00, 0.213, 200
06/04/2022 00:00:00, 0.213, 200
07/04/2022 00:00:00, 0.215, 200
08/04/2022 00:00:00, 0.133, 200
09/04/2022 00:00:00, 0.208, 200
10/04/2022 00:00:00, 0.169, 200
11/04/2022 00:00:00, 0.186, 200
12/04/2022 00:00:00, 0.121, 200
13/04/2022 00:00:00, 0.216, 200
14/04/2022 00:00:00, 0.099, 200
15/04/2022 00:00:00, 0.145, 200
16/04/2022 00:00:00, 0.154, 200
17/04/2022 00:00:00, 0.124, 200
18/04/2022 00:00:00, 0.083, 200
19/04/2022 00:00:00, 0.154, 200
20/04/2022 00:00:00, 0.309, 200
21/04/2022 00:00:00, 0.302, 200
22/04/2022 00:00:00, 0.219, 200
23/04/2022 00:00:00, 0.16, 200
24/04/2022 00:00:00, 0.16, 200
25/04/2022 00:00:00, 0.134, 200
26/04/2022 00:00:00, 0.108, 200
27/04/2022 00:00:00, 0.18, 200
28/04/2022 00:00:00, 0.158, 200
29/04/2022 00:00:00, 0.159, 200
30/04/2022 00:00:00, 0.202, 200
01/05/2022 00:00:00, 0.134, 200
02/05/2022 00:00:00, 0.044, 200
03/05/2022 00:00:00, 0.169, 200
04/05/2022 00:00:00, 0.214, 200
05/05/2022 00:00:00, 0.255, 200
06/05/2022 00:00:00, 0.149, 200
07/05/2022 00:00:00, 0.2, 200
08/05/2022 00:00:00, 0.132, 200
09/05/2022 00:00:00, 0.082, 200
10/05/2022 00:00:00, 0.061, 200
11/05/2022 00:00:00, 0.035, 200
12/05/2022 00:00:00, 0.105, 200
13/05/2022 00:00:00, 0.207, 200
14/05/2022 00:00:00, 0.195, 200
15/05/2022 00:00:00, 0.114, 200
16/05/2022 00:00:00, 0.271, 200
17/05/2022 00:00:00, 0.24, 200
18/05/2022 00:00:00, 0.186, 200
19/05/2022 00:00:00, 0.227, 200
20/05/2022 00:00:00, 0.139, 200
21/05/2022 00:00:00, 0.106, 200
22/05/2022 00:00:00, 0.09, 200
23/05/2022 00:00:00, 0.195, 200
24/05/2022 00:00:00, 0.143, 200
25/05/2022 00:00:00, 0.33, 200
26/05/2022 00:00:00, 0.249, 200
27/05/2022 00:00:00, 0.118, 200
28/05/2022 00:00:00, 0.224, 200
29/05/2022 00:00:00, 0.148, 200
30/05/2022 00:00:00, 0.199, 200
31/05/2022 00:00:00, 0.519, 200
01/06/2022 00:00:00, 0.188, 200
02/06/2022 00:00:00, 0.158, 200
03/06/2022 00:00:00, 0.192, 200
04/06/2022 00:00:00, 0.107, 200
05/06/2022 00:00:00, 0.203, 200
06/06/2022 00:00:00, 0.284, 200
07/06/2022 00:00:00, 0.153, 200
08/06/2022 00:00:00, 0.199, 200
09/06/2022 00:00:00, 0.203, 200
10/06/2022 00:00:00, 0.217, 200
11/06/2022 00:00:00, 0.197, 200
12/06/2022 00:00:00, 0.194, 200
13/06/2022 00:00:00, 0.189, 200
14/06/2022 00:00:00, 0.204, 200
15/06/2022 00:00:00, 0.19, 200
16/06/2022 00:00:00, 0.152, 200
17/06/2022 00:00:00, 0.197, 200
18/06/2022 00:00:00, 0.298, 200
19/06/2022 00:00:00, 0.265, 200
20/06/2022 00:00:00, 0.136, 200
21/06/2022 00:00:00, 0.104, 200
22/06/2022 00:00:00, 0.121, 200
23/06/2022 00:00:00, 0.22, 200
24/06/2022 00:00:00, 0.42, 200
25/06/2022 00:00:00, 0.234, 200
26/06/2022 00:00:00, 0.185, 200
27/06/2022 00:00:00, 0.294, 200
28/06/2022 00:00:00, 0.195, 200
29/06/2022 00:00:00, 0.226, 200
30/06/2022 00:00:00, 0.289, 200
01/07/2022 00:00:00, 0.315, 200
02/07/2022 00:00:00, 0.274, 200
03/07/2022 00:00:00, 0.327, 200
04/07/2022 00:00:00, 0.298, 200
05/07/2022 00:00:00, 0.335, 200
06/07/2022 00:00:00, 0.185, 200
07/07/2022 00:00:00, 0.274, 200
08/07/2022 00:00:00, 0.47, 200
09/07/2022 00:00:00, 0.339, 200
10/07/2022 00:00:00, 0.184, 200
11/07/2022 00:00:00, 0.124, 200
12/07/2022 00:00:00, 0.247, 200
13/07/2022 00:00:00, 0.202, 200
14/07/2022 00:00:00, 0.17, 200
15/07/2022 00:00:00, 0.17, 200
16/07/2022 00:00:00, 0.195, 200
17/07/2022 00:00:00, 0.271, 200
18/07/2022 00:00:00, 0.142, 200
19/07/2022 00:00:00, 0.119, 200
20/07/2022 00:00:00, 0.196, 200
21/07/2022 00:00:00, 0.211, 200
22/07/2022 00:00:00, 0.104, 200
23/07/2022 00:00:00, 0.119, 200
24/07/2022 00:00:00, 0.223, 200
25/07/2022 00:00:00, 0.313, 200
26/07/2022 00:00:00, 0.326, 200
27/07/2022 00:00:00, 0.376, 200
28/07/2022 00:00:00, 0.214, 200
29/07/2022 00:00:00, 0.208, 200
30/07/2022 00:00:00, 0.177, 200
31/07/2022 00:00:00, 0.188, 200
01/08/2022 00:00:00, 0.197, 200
02/08/2022 00:00:00, 0.284, 200
03/08/2022 00:00:00, 0.133, 200
04/08/2022 00:00:00, 0.199, 200
05/08/2022 00:00:00, 0.203, 200
06/08/2022 00:00:00, 0.149, 200
07/08/2022 00:00:00, 0.149, 200
08/08/2022 00:00:00, 0.175, 200
09/08/2022 00:00:00, 0.104, 200
10/08/2022 00:00:00, 0.121, 200
11/08/2022 00:00:00, 0.122, 200
12/08/2022 00:00:00, 0.131, 200
13/08/2022 00:00:00, 0.289, 200
14/08/2022 00:00:00, 0.313, 200
15/08/2022 00:00:00, 0.197, 200
16/08/2022 00:00:00, 0.27, 200
17/08/2022 00:00:00, 0.211, 200
18/08/2022 00:00:00, 0.211, 200
19/08/2022 00:00:00, 0.259, 200
20/08/2022 00:00:00, 0.231, 200
21/08/2022 00:00:00, 0.187, 200
22/08/2022 00:00:00, 0.145, 200
23/08/2022 00:00:00, 0.187, 200
24/08/2022 00:00:00, 0.177, 200
25/08/2022 00:00:00, 0.121, 200
26/08/2022 00:00:00, 0.241, 200
27/08/2022 00:00:00, 0.117, 200
28/08/2022 00:00:00, 0.108, 200
29/08/2022 00:00:00, 0.099, 200
30/08/2022 00:00:00, 0.154, 200
31/08/2022 00:00:00, 0.217, 200
01/09/2022 00:00:00, 0.133, 200
02/09/2022 00:00:00, 0.125, 200
03/09/2022 00:00:00, 0.127, 200
04/09/2022 00:00:00, 0.146, 200
05/09/2022 00:00:00, 0.096, 200
06/09/2022 00:00:00, 0.149, 200
07/09/2022 00:00:00, 0.155, 200
08/09/2022 00:00:00, 0.225, 200
09/09/2022 00:00:00, 0.212, 200
10/09/2022 00:00:00, 0.245, 200
11/09/2022 00:00:00, 0.194, 200
12/09/2022 00:00:00, 0.204, 200
13/09/2022 00:00:00, 0.257, 200
14/09/2022 00:00:00, 0.11, 200
15/09/2022 00:00:00, 0.113, 200
16/09/2022 00:00:00, 0.233, 200
17/09/2022 00:00:00, 0.203, 200
18/09/2022 00:00:00, 0.168, 200
19/09/2022 00:00:00, 0.124, 200
20/09/2022 00:00:00, 0.166, 200
21/09/2022 00:00:00, 0.188, 200
22/09/2022 00:00:00, 0.2, 200
23/09/2022 00:00:00, 0.13, 200
24/09/2022 00:00:00, 0.139, 200
25/09/2022 00:00:00, 0.147, 200
26/09/2022 00:00:00, 0.123, 200
27/09/2022 00:00:00, 0.161, 200
28/09/2022 00:00:00, 0.17, 200
29/09/2022 00:00:00, 0.132, 200
30/09/2022 00:00:00, 0.154, 200
01/10/2022 00:00:00, 0.112, 200
02/10/2022 00:00:00, 0.122, 200
03/10/2022 00:00:00, 0.083, 200
04/10/2022 00:00:00, 0.107, 200
05/10/2022 00:00:00, 0.118, 200
06/10/2022 00:00:00, 0.108, 200
07/10/2022 00:00:00, 0.041, 200
08/10/2022 00:00:00, 0.092, 200
09/10/2022 00:00:00, 0.135, 200
10/10/2022 00:00:00, 0.086, 200
11/10/2022 00:00:00, 0.102, 200
12/10/2022 00:00:00, 0.148, 200
13/10/2022 00:00:00, 0.141, 200
14/10/2022 00:00:00, 0.11, 200
15/10/2022 00:00:00, 0.104, 200
16/10/2022 00:00:00, 0.171, 200
17/10/2022 00:00:00, 0.131, 200
18/10/2022 00:00:00, 0.149, 200
19/10/2022 00:00:00, 0.138, 200
20/10/2022 00:00:00, 0.131, 200
21/10/2022 00:00:00, 0.145, 200
22/10/2022 00:00:00, 0.046, 200
23/10/2022 00:00:00, 0.11, 200
24/10/2022 00:00:00, 0.084, 200
25/10/2022 00:00:00, 0.061, 200
26/10/2022 00:00:00, 0.067, 200
27/10/2022 00:00:00, 0.084, 200
28/10/2022 00:00:00, 0.142, 200
29/10/2022 00:00:00, 0.184, 200
30/10/2022 00:00:00, 0.193, 200
31/10/2022 00:00:00, 0.157, 200
01/11/2022 00:00:00, 0.184, 200
02/11/2022 00:00:00, 0.126, 200
03/11/2022 00:00:00, 0.153, 200
04/11/2022 00:00:00, 0.148, 200
05/11/2022 00:00:00, 0.118, 200
06/11/2022 00:00:00, 0.092, 200
07/11/2022 00:00:00, 0.077, 200
08/11/2022 00:00:00, 0.117, 200
09/11/2022 00:00:00, 0.132, 200
10/11/2022 00:00:00, 0.159, 200
11/11/2022 00:00:00, 0.051, 200
12/11/2022 00:00:00, 0.156, 200
13/11/2022 00:00:00, 0.195, 200
14/11/2022 00:00:00, 0.187, 200
15/11/2022 00:00:00, 0.147, 200
16/11/2022 00:00:00, 0.193, 200
17/11/2022 00:00:00, 0.155, 200
18/11/2022 00:00:00, 0.262, 200
19/11/2022 00:00:00, 0.263, 200
20/11/2022 00:00:00, 0.182, 200
21/11/2022 00:00:00, 0.155, 200
22/11/2022 00:00:00, 0.177, 200
23/11/2022 00:00:00, 0.197, 200
24/11/2022 00:00:00, 0.137, 200
25/11/2022 00:00:00, 0.132, 200
26/11/2022 00:00:00, 0.134, 200
27/11/2022 00:00:00, 0.117, 200
28/11/2022 00:00:00, 0.216, 200
29/11/2022 00:00:00, 0.14, 200
30/11/2022 00:00:00, 0.162, 200
01/12/2022 00:00:00, 0.185, 200
02/12/2022 00:00:00, 0.152, 200
03/12/2022 00:00:00, 0.134, 200
04/12/2022 00:00:00, 0.095, 200
05/12/2022 00:00:00, 0.131, 200
06/12/2022 00:00:00, 0.158, 200
07/12/2022 00:00:00, 0.142, 200
08/12/2022 00:00:00, 0.087, 200
09/12/2022 00:00:00, 0.122, 200
10/12/2022 00:00:00, 0, 200
11/12/2022 00:00:00, 0.28, 200
12/12/2022 00:00:00, 0.178, 200
13/12/2022 00:00:00, 0.146, 200
14/12/2022 00:00:00, 0.119, 200
15/12/2022 00:00:00, 0.1, 200
16/12/2022 00:00:00, 0.185, 200
17/12/2022 00:00:00, 0.168, 200
18/12/2022 00:00:00, 0.174, 200
19/12/2022 00:00:00, 0.147, 200
20/12/2022 00:00:00, 0.129, 200
21/12/2022 00:00:00, 0.12, 200
22/12/2022 00:00:00, 0.065, 200
23/12/2022 00:00:00, 0.075, 200
24/12/2022 00:00:00, 0.128, 200
25/12/2022 00:00:00, 0.101, 200
26/12/2022 00:00:00, 0.061, 200
27/12/2022 00:00:00, 0.073, 200
28/12/2022 00:00:00, 0.064, 200
29/12/2022 00:00:00, 0.093, 200
30/12/2022 00:00:00, 0.104, 200
31/12/2022 00:00:00, 0.071, 200
01/01/2023 00:00:00, 0.031, 200
02/01/2023 00:00:00, -0.172, 200
03/01/2023 00:00:00, -0.129, 200
04/01/2023 00:00:00, -0.134, 200
05/01/2023 00:00:00, -0.094, 200
06/01/2023 00:00:00, -0.065, 200
07/01/2023 00:00:00, -0.047, 200
08/01/2023 00:00:00, -0.11, 200
09/01/2023 00:00:00, -0.166, 200
10/01/2023 00:00:00, -0.134, 200
11/01/2023 00:00:00, 0.046, 200
12/01/2023 00:00:00, 0.189, 200
13/01/2023 00:00:00, 0.17, 200
14/01/2023 00:00:00, 0.169, 200
15/01/2023 00:00:00, 0.149, 200
16/01/2023 00:00:00, 0.153, 200
17/01/2023 00:00:00, 0.205, 200
18/01/2023 00:00:00, 0.199, 200
19/01/2023 00:00:00, 0.202, 200
20/01/2023 00:00:00, 0.222, 200
21/01/2023 00:00:00, 0.201, 200
22/01/2023 00:00:00, 0.159, 200
23/01/2023 00:00:00, 0.171, 200
24/01/2023 00:00:00, 0.147, 200
25/01/2023 00:00:00, 0.187, 200
26/01/2023 00:00:00, 0.194, 200
27/01/2023 00:00:00, 0.172, 200
28/01/2023 00:00:00, 0.238, 200
29/01/2023 00:00:00, 0.144, 200
30/01/2023 00:00:00, 0.204, 200
31/01/2023 00:00:00, 0.198, 200
01/02/2023 00:00:00, 0.233, 200
02/02/2023 00:00:00, 0.253, 200
03/02/2023 00:00:00, 0.189, 200
04/02/2023 00:00:00, 0.207, 200
05/02/2023 00:00:00, 0.186, 200
06/02/2023 00:00:00, 0.161, 200
07/02/2023 00:00:00, 0.147, 200
08/02/2023 00:00:00, 0.174, 200
09/02/2023 00:00:00, 0.18, 200
10/02/2023 00:00:00, 0.149, 200
11/02/2023 00:00:00, 0.183, 200
12/02/2023 00:00:00, 0.169, 200
13/02/2023 00:00:00, 0.168, 200
14/02/2023 00:00:00, 0.16, 200
15/02/2023 00:00:00, 0.125, 200
16/02/2023 00:00:00, 0.128, 200
17/02/2023 00:00:00, 0.136, 200
18/02/2023 00:00:00, 0.152, 200
19/02/2023 00:00:00, 0.185, 200
20/02/2023 00:00:00, 0.163, 200
21/02/2023 00:00:00, 0.155, 200
22/02/2023 00:00:00, 0.144, 200
23/02/2023 00:00:00, 0.148, 200
24/02/2023 00:00:00, 0.121, 200
25/02/2023 00:00:00, 0.113, 200
26/02/2023 00:00:00, 0.141, 200
27/02/2023 00:00:00, 0.189, 200
28/02/2023 00:00:00, 0.2, 200
01/03/2023 00:00:00, 0.144, 200
02/03/2023 00:00:00, 0.192, 200
03/03/2023 00:00:00, 0.166, 200
04/03/2023 00:00:00, 0.183, 200
05/03/2023 00:00:00, 0.153, 200
06/03/2023 00:00:00, 0.087, 200
07/03/2023 00:00:00, 0.084, 200
08/03/2023 00:00:00, 0.164, 200
09/03/2023 00:00:00, 0.138, 200
10/03/2023 00:00:00, 0.143, 200
11/03/2023 00:00:00, 0.193, 200
12/03/2023 00:00:00, 0.181, 200
13/03/2023 00:00:00, 0.122, 200
14/03/2023 00:00:00, 0.093, 200
15/03/2023 00:00:00, 0.148, 200
16/03/2023 00:00:00, 0.164, 200
17/03/2023 00:00:00, 0.122, 200
18/03/2023 00:00:00, 0.126, 200
19/03/2023 00:00:00, 0.113, 200
20/03/2023 00:00:00, 0.14, 200
21/03/2023 00:00:00, 0.104, 200
22/03/2023 00:00:00, 0.121, 200
23/03/2023 00:00:00, 0.116, 200
24/03/2023 00:00:00, 0.153, 200
25/03/2023 00:00:00, 0.214, 200
26/03/2023 00:00:00, 0.171, 200
27/03/2023 00:00:00, 0.217, 200
28/03/2023 00:00:00, 0.178, 200
29/03/2023 00:00:00, 0.133, 200
30/03/2023 00:00:00, 0.082, 200
31/03/2023 00:00:00, 0.096, 200
01/04/2023 00:00:00, 0.231, 200
02/04/2023 00:00:00, 0.214, 200
03/04/2023 00:00:00, 0.248, 200
04/04/2023 00:00:00, 0.172, 200
05/04/2023 00:00:00, 0.253, 200
06/04/2023 00:00:00, 0.219, 200
07/04/2023 00:00:00, 0.227, 200
08/04/2023 00:00:00, 0.124, 200
09/04/2023 00:00:00, 0.132, 200
10/04/2023 00:00:00, 0.215, 200
11/04/2023 00:00:00, 0.283, 200
12/04/2023 00:00:00, 0.271, 200
13/04/2023 00:00:00, 0.32, 200
14/04/2023 00:00:00, 0.271, 200
15/04/2023 00:00:00, 0.225, 200
16/04/2023 00:00:00, 0.231, 200
17/04/2023 00:00:00, 0.257, 200
18/04/2023 00:00:00, 0.245, 200
19/04/2023 00:00:00, 0.217, 200
20/04/2023 00:00:00, 0.294, 200
21/04/2023 00:00:00, 0.314, 200
22/04/2023 00:00:00, 0.433, 200
23/04/2023 00:00:00, 0.267, 200
24/04/2023 00:00:00, 0.224, 200
25/04/2023 00:00:00, 0.076, 200
26/04/2023 00:00:00, 0.147, 200
27/04/2023 00:00:00, 0.126, 200
28/04/2023 00:00:00, 0.218, 200
29/04/2023 00:00:00, 0.349, 200
30/04/2023 00:00:00, 0.269, 200
01/05/2023 00:00:00, 0.322, 200
02/05/2023 00:00:00, 0.428, 200
03/05/2023 00:00:00, 0.298, 200
04/05/2023 00:00:00, 0.271, 200
05/05/2023 00:00:00, 0.384, 200
06/05/2023 00:00:00, 0.402, 200
07/05/2023 00:00:00, 0.26, 200
08/05/2023 00:00:00, 0.255, 200
09/05/2023 00:00:00, 0.279, 200
10/05/2023 00:00:00, 0.217, 200
11/05/2023 00:00:00, 0.185, 200
12/05/2023 00:00:00, 0.055, 200
13/05/2023 00:00:00, 0.169, 200
14/05/2023 00:00:00, 0.24, 200
15/05/2023 00:00:00, 0.139, 200
16/05/2023 00:00:00, 0.093, 200
17/05/2023 00:00:00, 0.177, 200
18/05/2023 00:00:00, 0.175, 200
19/05/2023 00:00:00, 0.217, 200
20/05/2023 00:00:00, 0.365, 200
21/05/2023 00:00:00, 0.339, 200
22/05/2023 00:00:00, 0.263, 200
23/05/2023 00:00:00, 0.309, 200
24/05/2023 00:00:00, 0.399, 200
25/05/2023 00:00:00, 0.273, 200
26/05/2023 00:00:00, 0.336, 200
27/05/2023 00:00:00, 0.234, 200
28/05/2023 00:00:00, 0.273, 200
29/05/2023 00:00:00, 0.347, 200
30/05/2023 00:00:00, 0.407, 200
31/05/2023 00:00:00, 0.185, 200
01/06/2023 00:00:00, 0.188, 200
02/06/2023 00:00:00, 0.153, 200
03/06/2023 00:00:00, 0.165, 200
04/06/2023 00:00:00, 0.272, 200
05/06/2023 00:00:00, 0.173, 200
06/06/2023 00:00:00, 0.09, 200
07/06/2023 00:00:00, 0.115, 200
08/06/2023 00:00:00, 0.18, 200
09/06/2023 00:00:00, 0.213, 200
10/06/2023 00:00:00, 0.269, 200
11/06/2023 00:00:00, 0.393, 200
12/06/2023 00:00:00, 0.319, 200
13/06/2023 00:00:00, 0.312, 200
14/06/2023 00:00:00, 0.251, 200
15/06/2023 00:00:00, 0.243, 200
16/06/2023 00:00:00, 0.334, 200
17/06/2023 00:00:00, 0.4, 200
18/06/2023 00:00:00, 0.279, 200
19/06/2023 00:00:00, 0.224, 200
20/06/2023 00:00:00, 0.307, 200
21/06/2023 00:00:00, 0.505, 200
22/06/2023 00:00:00, 0.519, 200
23/06/2023 00:00:00, 0, 200
24/06/2023 00:00:00, 0.33, 200
25/06/2023 00:00:00, 0.367, 200
26/06/2023 00:00:00, 0.367, 200
27/06/2023 00:00:00, 0.372, 200
28/06/2023 00:00:00, 0, 200
29/06/2023 00:00:00, 0.49, 200
30/06/2023 00:00:00, 0, 200
01/07/2023 00:00:00, 0.401, 200
02/07/2023 00:00:00, 0.234, 200
03/07/2023 00:00:00, 0.19, 200
04/07/2023 00:00:00, 0.2, 200
05/07/2023 00:00:00, 0.322, 200
06/07/2023 00:00:00, 0.398, 200
07/07/2023 00:00:00, 0.317, 200
08/07/2023 00:00:00, 0.423, 200
09/07/2023 00:00:00, 0.43, 200
10/07/2023 00:00:00, 0.413, 200
11/07/2023 00:00:00, 0.368, 200
12/07/2023 00:00:00, 0.408, 200
13/07/2023 00:00:00, 0.236, 200
14/07/2023 00:00:00, 0.307, 200
15/07/2023 00:00:00, 0.275, 200
16/07/2023 00:00:00, 0.305, 200
17/07/2023 00:00:00, 0.198, 200
18/07/2023 00:00:00, 0.305, 200
19/07/2023 00:00:00, 0.285, 200
20/07/2023 00:00:00, 0.186, 200
21/07/2023 00:00:00, 0.215, 200
22/07/2023 00:00:00, 0.155, 200
23/07/2023 00:00:00, 0.167, 200
24/07/2023 00:00:00, 0.227, 200
25/07/2023 00:00:00, 0.192, 200
26/07/2023 00:00:00, 0.334, 200
27/07/2023 00:00:00, 0.193, 200
28/07/2023 00:00:00, 0.188, 200
29/07/2023 00:00:00, 0.214, 200
30/07/2023 00:00:00, 0.384, 200
31/07/2023 00:00:00, 0.322, 200
01/08/2023 00:00:00, 0.209, 200
02/08/2023 00:00:00, 0.201, 200
03/08/2023 00:00:00, 0.151, 200
04/08/2023 00:00:00, 0.146, 200
05/08/2023 00:00:00, 0.306, 200
06/08/2023 00:00:00, 0.224, 200
07/08/2023 00:00:00, 0.264, 200
08/08/2023 00:00:00, 0.252, 200
09/08/2023 00:00:00, 0.222, 200
10/08/2023 00:00:00, 0.314, 200
11/08/2023 00:00:00, 0.155, 200
12/08/2023 00:00:00, 0.229, 200
13/08/2023 00:00:00, 0.209, 200
14/08/2023 00:00:00, 0.168, 200
15/08/2023 00:00:00, 0.183, 200
16/08/2023 00:00:00, 0.159, 200
17/08/2023 00:00:00, 0.232, 200
18/08/2023 00:00:00, 0.222, 200
19/08/2023 00:00:00, 0.254, 200
20/08/2023 00:00:00, 0.181, 200
21/08/2023 00:00:00, 0.175, 200
22/08/2023 00:00:00, 0.15, 200
23/08/2023 00:00:00, 0.199, 200
24/08/2023 00:00:00, 0.333, 200
25/08/2023 00:00:00, 0.308, 200
26/08/2023 00:00:00, 0.31, 200
27/08/2023 00:00:00, 0.241, 200
28/08/2023 00:00:00, 0.15, 200
29/08/2023 00:00:00, 0.159, 200
30/08/2023 00:00:00, 0.271, 200
31/08/2023 00:00:00, 0.234, 200
01/09/2023 00:00:00, 0.175, 200
02/09/2023 00:00:00, 0.15, 200
03/09/2023 00:00:00, 0.175, 200
04/09/2023 00:00:00, 0.218, 200
05/09/2023 00:00:00, 0.251, 200
06/09/2023 00:00:00, 0.266, 200
07/09/2023 00:00:00, 0.16, 200
08/09/2023 00:00:00, 0.196, 200
09/09/2023 00:00:00, 0.287, 200
10/09/2023 00:00:00, 0.219, 200
11/09/2023 00:00:00, 0.169, 200
12/09/2023 00:00:00, 0.167, 200
13/09/2023 00:00:00, 0.138, 200
14/09/2023 00:00:00, 0.16, 200
15/09/2023 00:00:00, 0.116, 200
16/09/2023 00:00:00, 0.148, 200
17/09/2023 00:00:00, 0.126, 200
18/09/2023 00:00:00, 0.124, 200
19/09/2023 00:00:00, 0.135, 200
20/09/2023 00:00:00, 0.135, 200
21/09/2023 00:00:00, 0.158, 200
22/09/2023 00:00:00, 0.159, 200
23/09/2023 00:00:00, 0.177, 200
24/09/2023 00:00:00, 0.189, 200
25/09/2023 00:00:00, 0.12, 200
26/09/2023 00:00:00, 0.136, 200
28/09/2023 00:00:00, 0, 200
29/09/2023 00:00:00, 0.195, 200
30/09/2023 00:00:00, 0.137, 200
01/10/2023 00:00:00, 0.099, 200
02/10/2023 00:00:00, 0.106, 200
03/10/2023 00:00:00, 0.119, 200
04/10/2023 00:00:00, 0.059, 200
05/10/2023 00:00:00, 0.126, 200
06/10/2023 00:00:00, 0.167, 200
07/10/2023 00:00:00, 0.145, 200
08/10/2023 00:00:00, 0.118, 200
09/10/2023 00:00:00, 0.09, 200
10/10/2023 00:00:00, 0.141, 200
11/10/2023 00:00:00, 0.128, 200
13/10/2023 00:00:00, 0, 200
14/10/2023 00:00:00, 0.15, 200
15/10/2023 00:00:00, 0.178, 200
16/10/2023 00:00:00, 0.179, 200
17/10/2023 00:00:00, 0.23, 200
18/10/2023 00:00:00, 0.268, 200
19/10/2023 00:00:00, 0.338, 200
20/10/2023 00:00:00, 0.31, 200
21/10/2023 00:00:00, 0.332, 200
22/10/2023 00:00:00, 0.312, 200
23/10/2023 00:00:00, 0.274, 200
24/10/2023 00:00:00, 0.27, 200
25/10/2023 00:00:00, 0.283, 200
26/10/2023 00:00:00, 0.287, 200
27/10/2023 00:00:00, 0.287, 200
28/10/2023 00:00:00, 0.208, 200
29/10/2023 00:00:00, 0.234, 200
30/10/2023 00:00:00, 0.233, 200
31/10/2023 00:00:00, 0.265, 200
01/11/2023 00:00:00, 0.337, 200
02/11/2023 00:00:00, 0.27, 200
03/11/2023 00:00:00, 0.288, 200
04/11/2023 00:00:00, 0.287, 200
05/11/2023 00:00:00, 0.234, 200
06/11/2023 00:00:00, 0.227, 200
07/11/2023 00:00:00, 0.156, 200
08/11/2023 00:00:00, 0.163, 200
09/11/2023 00:00:00, 0.185, 200
10/11/2023 00:00:00, 0.158, 200
11/11/2023 00:00:00, 0.116, 200
12/11/2023 00:00:00, 0.167, 200
13/11/2023 00:00:00, 0.171, 200
17/11/2023 00:00:00, 0, 200
18/11/2023 00:00:00, 0.199, 200
19/11/2023 00:00:00, 0.171, 200
20/11/2023 00:00:00, 0.166, 200
21/11/2023 00:00:00, 0.115, 200
22/11/2023 00:00:00, 0.169, 200
23/11/2023 00:00:00, 0.208, 200
24/11/2023 00:00:00, 0.191, 200
25/11/2023 00:00:00, 0.099, 200
26/11/2023 00:00:00, 0.089, 200
27/11/2023 00:00:00, 0, 200
28/11/2023 00:00:00, 0.172, 200
29/11/2023 00:00:00, 0.157, 200
30/11/2023 00:00:00, 0.104, 200
01/12/2023 00:00:00, 0.128, 200
02/12/2023 00:00:00, 0.115, 200
03/12/2023 00:00:00, 0.156, 200
04/12/2023 00:00:00, 0.169, 200
05/12/2023 00:00:00, 0.115, 200
06/12/2023 00:00:00, 0.14, 200
07/12/2023 00:00:00, 0.172, 200
08/12/2023 00:00:00, 0.136, 200
09/12/2023 00:00:00, 0.138, 200
10/12/2023 00:00:00, 0.122, 200
11/12/2023 00:00:00, 0.092, 200
12/12/2023 00:00:00, 0.11, 200
13/12/2023 00:00:00, 0.118, 200
14/12/2023 00:00:00, 0.104, 200
15/12/2023 00:00:00, 0.115, 200
16/12/2023 00:00:00, 0.1, 200
17/12/2023 00:00:00, 0.152, 200
18/12/2023 00:00:00, 0.147, 200
19/12/2023 00:00:00, 0.182, 200
20/12/2023 00:00:00, 0.156, 200
21/12/2023 00:00:00, 0.101, 200
22/12/2023 00:00:00, 0.157, 200
23/12/2023 00:00:00, 0.164, 200
24/12/2023 00:00:00, 0.176, 200
25/12/2023 00:00:00, 0.187, 200
26/12/2023 00:00:00, 0.119, 200
27/12/2023 00:00:00, 0.12, 200
28/12/2023 00:00:00, 0.063, 200
29/12/2023 00:00:00, 0.114, 200
30/12/2023 00:00:00, 0.16, 200
31/12/2023 00:00:00, 0.126, 200