Date (NZST), Nitrogen Dioxide 24 hr Average (ug/m3) (ug/m3), Data quality code
01/01/2018 00:00:00, 3.42, 200
02/01/2018 00:00:00, 7.342, 200
03/01/2018 00:00:00, 6.421, 200
04/01/2018 00:00:00, 5.492, 200
05/01/2018 00:00:00, 13.333, 200
06/01/2018 00:00:00, 5.339, 200
07/01/2018 00:00:00, 3.182, 200
08/01/2018 00:00:00, 6.741, 200
09/01/2018 00:00:00, 8.128, 200
10/01/2018 00:00:00, 7.282, 200
11/01/2018 00:00:00, 10.557, 200
12/01/2018 00:00:00, 13.196, 200
13/01/2018 00:00:00, 8.235, 200
14/01/2018 00:00:00, 8.077, 200
15/01/2018 00:00:00, 8.439, 200
16/01/2018 00:00:00, 11.304, 200
17/01/2018 00:00:00, 11.316, 200
18/01/2018 00:00:00, 8.641, 200
19/01/2018 00:00:00, 11.974, 200
20/01/2018 00:00:00, 11.46, 200
21/01/2018 00:00:00, 4.161, 200
22/01/2018 00:00:00, 5.416, 200
23/01/2018 00:00:00, 5.134, 200
24/01/2018 00:00:00, 9.527, 200
25/01/2018 00:00:00, 11.06, 200
26/01/2018 00:00:00, 9.278, 200
27/01/2018 00:00:00, 9.014, 200
28/01/2018 00:00:00, 12.624, 200
29/01/2018 00:00:00, 5.498, 200
30/01/2018 00:00:00, 13.395, 200
31/01/2018 00:00:00, 9.546, 200
01/02/2018 00:00:00, 8.271, 200
02/02/2018 00:00:00, 7.509, 200
03/02/2018 00:00:00, 8.296, 200
04/02/2018 00:00:00, 5.977, 200
05/02/2018 00:00:00, 7.131, 200
06/02/2018 00:00:00, 4.428, 200
07/02/2018 00:00:00, 4.394, 200
08/02/2018 00:00:00, 11.125, 200
09/02/2018 00:00:00, 12.396, 200
10/02/2018 00:00:00, 19.837, 200
11/02/2018 00:00:00, 13.781, 200
12/02/2018 00:00:00, 15.842, 200
13/02/2018 00:00:00, 7.791, 200
14/02/2018 00:00:00, 8.559, 200
15/02/2018 00:00:00, 12.625, 200
16/02/2018 00:00:00, 12.425, 200
17/02/2018 00:00:00, 6.05, 200
18/02/2018 00:00:00, 4.759, 200
19/02/2018 00:00:00, 4.924, 200
20/02/2018 00:00:00, 8.178, 200
21/02/2018 00:00:00, 16.695, 200
22/02/2018 00:00:00, 7.678, 200
23/02/2018 00:00:00, 8.669, 200
24/02/2018 00:00:00, 15.3, 200
25/02/2018 00:00:00, 10.078, 200
26/02/2018 00:00:00, 3.717, 200
27/02/2018 00:00:00, 6.996, 200
28/02/2018 00:00:00, 9.714, 200
01/03/2018 00:00:00, 19.143, 200
02/03/2018 00:00:00, 12.869, 200
03/03/2018 00:00:00, 15.354, 200
04/03/2018 00:00:00, 11.11, 200
05/03/2018 00:00:00, 8.684, 200
06/03/2018 00:00:00, 11.098, 200
07/03/2018 00:00:00, 8.335, 200
08/03/2018 00:00:00, 5.532, 200
09/03/2018 00:00:00, 5.871, 200
10/03/2018 00:00:00, 5.401, 200
11/03/2018 00:00:00, 6.824, 200
13/03/2018 00:00:00, 0, 200
14/03/2018 00:00:00, 8.162, 200
15/03/2018 00:00:00, 8.413, 200
16/03/2018 00:00:00, 4.514, 200
17/03/2018 00:00:00, 4.312, 200
18/03/2018 00:00:00, 5.325, 200
19/03/2018 00:00:00, 7.042, 200
20/03/2018 00:00:00, 9.892, 200
21/03/2018 00:00:00, 8.83, 200
22/03/2018 00:00:00, 0, 200
23/03/2018 00:00:00, 11.323, 200
24/03/2018 00:00:00, 12.847, 200
25/03/2018 00:00:00, 20.618, 200
26/03/2018 00:00:00, 6.587, 200
27/03/2018 00:00:00, 6.915, 200
28/03/2018 00:00:00, 7.702, 200
29/03/2018 00:00:00, 12.59, 200
30/03/2018 00:00:00, 16.117, 200
31/03/2018 00:00:00, 10.875, 200
01/04/2018 00:00:00, 4.584, 200
02/04/2018 00:00:00, 10.692, 200
03/04/2018 00:00:00, 5.308, 200
04/04/2018 00:00:00, 7.432, 200
05/04/2018 00:00:00, 12.341, 200
06/04/2018 00:00:00, 18.58, 200
07/04/2018 00:00:00, 11.188, 200
08/04/2018 00:00:00, 7.335, 200
09/04/2018 00:00:00, 13.297, 200
10/04/2018 00:00:00, 17.927, 200
11/04/2018 00:00:00, 7.464, 200
12/04/2018 00:00:00, 5.941, 200
13/04/2018 00:00:00, 15.017, 200
14/04/2018 00:00:00, 18.156, 200
15/04/2018 00:00:00, 16.497, 200
16/04/2018 00:00:00, 16.915, 200
17/04/2018 00:00:00, 13.861, 200
18/04/2018 00:00:00, 7.695, 200
19/04/2018 00:00:00, 16.753, 200
20/04/2018 00:00:00, 14.747, 200
21/04/2018 00:00:00, 8.626, 200
22/04/2018 00:00:00, 5.787, 200
23/04/2018 00:00:00, 12.559, 200
24/04/2018 00:00:00, 25.292, 200
25/04/2018 00:00:00, 21.206, 200
26/04/2018 00:00:00, 18.169, 200
27/04/2018 00:00:00, 22.276, 200
28/04/2018 00:00:00, 20.381, 200
29/04/2018 00:00:00, 22.95, 200
30/04/2018 00:00:00, 13.408, 200
01/05/2018 00:00:00, 11.008, 200
02/05/2018 00:00:00, 15.866, 200
03/05/2018 00:00:00, 14.69, 200
04/05/2018 00:00:00, 23.315, 200
05/05/2018 00:00:00, 23.994, 200
06/05/2018 00:00:00, 14.165, 200
07/05/2018 00:00:00, 8.25, 200
08/05/2018 00:00:00, 21.375, 200
09/05/2018 00:00:00, 13.326, 200
10/05/2018 00:00:00, 22.603, 200
11/05/2018 00:00:00, 16.06, 200
12/05/2018 00:00:00, 14.255, 200
13/05/2018 00:00:00, 11.248, 200
14/05/2018 00:00:00, 14.865, 200
15/05/2018 00:00:00, 10.09, 200
16/05/2018 00:00:00, 25.717, 200
17/05/2018 00:00:00, 21.201, 200
18/05/2018 00:00:00, 22.111, 200
19/05/2018 00:00:00, 13.791, 200
20/05/2018 00:00:00, 8.243, 200
21/05/2018 00:00:00, 4.891, 200
22/05/2018 00:00:00, 11.889, 200
23/05/2018 00:00:00, 7.818, 200
24/05/2018 00:00:00, 17.173, 200
25/05/2018 00:00:00, 13.579, 200
26/05/2018 00:00:00, 14.973, 200
27/05/2018 00:00:00, 11.597, 200
28/05/2018 00:00:00, 7.884, 200
29/05/2018 00:00:00, 6.077, 200
30/05/2018 00:00:00, 10.464, 200
31/05/2018 00:00:00, 16.267, 200
01/06/2018 00:00:00, 21.793, 200
02/06/2018 00:00:00, 19.43, 200
03/06/2018 00:00:00, 18.453, 200
04/06/2018 00:00:00, 23.235, 200
05/06/2018 00:00:00, 16.361, 200
06/06/2018 00:00:00, 16.97, 200
07/06/2018 00:00:00, 7.982, 200
08/06/2018 00:00:00, 8.834, 200
09/06/2018 00:00:00, 19.59, 200
10/06/2018 00:00:00, 11.395, 200
11/06/2018 00:00:00, 17.975, 200
12/06/2018 00:00:00, 10.503, 200
13/06/2018 00:00:00, 7.162, 200
14/06/2018 00:00:00, 12.913, 200
15/06/2018 00:00:00, 32.601, 200
16/06/2018 00:00:00, 21.396, 200
17/06/2018 00:00:00, 7.644, 200
18/06/2018 00:00:00, 12.391, 200
19/06/2018 00:00:00, 27.205, 200
20/06/2018 00:00:00, 9.989, 200
21/06/2018 00:00:00, 17.54, 200
22/06/2018 00:00:00, 16.834, 200
23/06/2018 00:00:00, 31.635, 200
24/06/2018 00:00:00, 18.82, 200
25/06/2018 00:00:00, 5.206, 200
26/06/2018 00:00:00, 20.845, 200
27/06/2018 00:00:00, 13.27, 200
28/06/2018 00:00:00, 25.941, 200
29/06/2018 00:00:00, 34.205, 200
30/06/2018 00:00:00, 30.55, 200
01/07/2018 00:00:00, 25.007, 200
02/07/2018 00:00:00, 7.377, 200
03/07/2018 00:00:00, 16.145, 200
04/07/2018 00:00:00, 19.862, 200
05/07/2018 00:00:00, 32.626, 200
06/07/2018 00:00:00, 25.882, 200
07/07/2018 00:00:00, 15.722, 200
08/07/2018 00:00:00, 5.572, 200
09/07/2018 00:00:00, 4.356, 200
10/07/2018 00:00:00, 11.314, 200
11/07/2018 00:00:00, 20.307, 200
12/07/2018 00:00:00, 19.504, 200
13/07/2018 00:00:00, 22.123, 200
14/07/2018 00:00:00, 19.765, 200
15/07/2018 00:00:00, 20.612, 200
16/07/2018 00:00:00, 20.391, 200
17/07/2018 00:00:00, 14.902, 200
18/07/2018 00:00:00, 23.568, 200
19/07/2018 00:00:00, 29.495, 200
20/07/2018 00:00:00, 15.449, 200
21/07/2018 00:00:00, 14.5, 200
22/07/2018 00:00:00, 6.253, 200
23/07/2018 00:00:00, 5.351, 200
24/07/2018 00:00:00, 17.008, 200
25/07/2018 00:00:00, 17.068, 200
26/07/2018 00:00:00, 25.168, 200
27/07/2018 00:00:00, 16.477, 200
28/07/2018 00:00:00, 13.779, 200
29/07/2018 00:00:00, 7.746, 200
30/07/2018 00:00:00, 7.498, 200
31/07/2018 00:00:00, 21.894, 200
01/08/2018 00:00:00, 20.198, 200
02/08/2018 00:00:00, 9.802, 200
03/08/2018 00:00:00, 10.87, 200
04/08/2018 00:00:00, 25.19, 200
05/08/2018 00:00:00, 15.876, 200
06/08/2018 00:00:00, 24.336, 200
07/08/2018 00:00:00, 23.622, 200
08/08/2018 00:00:00, 20.061, 200
09/08/2018 00:00:00, 11.915, 200
10/08/2018 00:00:00, 26.631, 200
11/08/2018 00:00:00, 19.284, 200
12/08/2018 00:00:00, 18.467, 200
13/08/2018 00:00:00, 17.406, 200
14/08/2018 00:00:00, 24.802, 200
15/08/2018 00:00:00, 26.582, 200
16/08/2018 00:00:00, 12.907, 200
17/08/2018 00:00:00, 12.67, 200
18/08/2018 00:00:00, 15.058, 200
19/08/2018 00:00:00, 11.249, 200
20/08/2018 00:00:00, 20.487, 200
21/08/2018 00:00:00, 26.817, 200
22/08/2018 00:00:00, 8.654, 200
23/08/2018 00:00:00, 14.762, 200
24/08/2018 00:00:00, 17.743, 200
25/08/2018 00:00:00, 7.89, 200
26/08/2018 00:00:00, 15.052, 200
27/08/2018 00:00:00, 18.358, 200
28/08/2018 00:00:00, 10.469, 200
29/08/2018 00:00:00, 14.213, 200
30/08/2018 00:00:00, 22.028, 200
31/08/2018 00:00:00, 21.935, 200
01/09/2018 00:00:00, 11.523, 200
02/09/2018 00:00:00, 8.134, 200
03/09/2018 00:00:00, 10.861, 200
04/09/2018 00:00:00, 10.382, 200
05/09/2018 00:00:00, 6.184, 200
06/09/2018 00:00:00, 6.732, 200
07/09/2018 00:00:00, 7.132, 200
08/09/2018 00:00:00, 7.981, 200
09/09/2018 00:00:00, 7.598, 200
10/09/2018 00:00:00, 9.351, 200
11/09/2018 00:00:00, 15.514, 200
12/09/2018 00:00:00, 14.306, 200
13/09/2018 00:00:00, 20.853, 200
14/09/2018 00:00:00, 11.452, 200
15/09/2018 00:00:00, 24.611, 200
16/09/2018 00:00:00, 11.473, 200
17/09/2018 00:00:00, 6.023, 200
18/09/2018 00:00:00, 8.682, 200
19/09/2018 00:00:00, 15.491, 200
20/09/2018 00:00:00, 24.295, 200
21/09/2018 00:00:00, 24.276, 200
22/09/2018 00:00:00, 12.562, 200
23/09/2018 00:00:00, 9.496, 200
24/09/2018 00:00:00, 11.494, 200
25/09/2018 00:00:00, 10.466, 200
26/09/2018 00:00:00, 16.671, 200
27/09/2018 00:00:00, 12.599, 200
28/09/2018 00:00:00, 16.187, 200
29/09/2018 00:00:00, 17.888, 200
30/09/2018 00:00:00, 7.846, 200
01/10/2018 00:00:00, 3.812, 200
02/10/2018 00:00:00, 7.66, 200
03/10/2018 00:00:00, 11.01, 200
04/10/2018 00:00:00, 13.585, 200
05/10/2018 00:00:00, 8.579, 200
06/10/2018 00:00:00, 12.564, 200
07/10/2018 00:00:00, 12.549, 200
08/10/2018 00:00:00, 6.115, 200
09/10/2018 00:00:00, 13.489, 200
10/10/2018 00:00:00, 15.26, 200
11/10/2018 00:00:00, 6.929, 200
12/10/2018 00:00:00, 14.738, 200
13/10/2018 00:00:00, 7.145, 200
14/10/2018 00:00:00, 9.222, 200
15/10/2018 00:00:00, 11.293, 200
16/10/2018 00:00:00, 15.974, 200
17/10/2018 00:00:00, 12.564, 200
18/10/2018 00:00:00, 13.3, 200
19/10/2018 00:00:00, 20.615, 200
20/10/2018 00:00:00, 17.234, 200
21/10/2018 00:00:00, 4.99, 200
22/10/2018 00:00:00, 9.777, 200
23/10/2018 00:00:00, 13.324, 200
24/10/2018 00:00:00, 12.769, 200
25/10/2018 00:00:00, 9.433, 200
26/10/2018 00:00:00, 8.789, 200
27/10/2018 00:00:00, 13.186, 200
28/10/2018 00:00:00, 14.566, 200
29/10/2018 00:00:00, 7.272, 200
30/10/2018 00:00:00, 15.56, 200
31/10/2018 00:00:00, 7.918, 200
01/11/2018 00:00:00, 8.429, 200
02/11/2018 00:00:00, 6.251, 200
03/11/2018 00:00:00, 12.185, 200
04/11/2018 00:00:00, 5.033, 200
05/11/2018 00:00:00, 6.84, 200
06/11/2018 00:00:00, 13.015, 200
07/11/2018 00:00:00, 9.986, 200
08/11/2018 00:00:00, 5.837, 200
09/11/2018 00:00:00, 5.977, 200
10/11/2018 00:00:00, 8.409, 200
11/11/2018 00:00:00, 9.005, 200
12/11/2018 00:00:00, 13.58, 200
13/11/2018 00:00:00, 15.035, 200
14/11/2018 00:00:00, 12.354, 200
15/11/2018 00:00:00, 14.194, 200
16/11/2018 00:00:00, 11.549, 200
17/11/2018 00:00:00, 9.289, 200
18/11/2018 00:00:00, 5.65, 200
19/11/2018 00:00:00, 4.254, 200
20/11/2018 00:00:00, 9.906, 200
21/11/2018 00:00:00, 15.498, 200
22/11/2018 00:00:00, 14.418, 200
23/11/2018 00:00:00, 12.309, 200
24/11/2018 00:00:00, 11.169, 200
25/11/2018 00:00:00, 14.461, 200
26/11/2018 00:00:00, 8.607, 200
27/11/2018 00:00:00, 9.596, 200
28/11/2018 00:00:00, 6.87, 200
29/11/2018 00:00:00, 9.337, 200
30/11/2018 00:00:00, 7.977, 200
01/12/2018 00:00:00, 12.308, 200
02/12/2018 00:00:00, 11.821, 200
03/12/2018 00:00:00, 11.914, 200
04/12/2018 00:00:00, 12.522, 200
05/12/2018 00:00:00, 6.836, 200
06/12/2018 00:00:00, 6.789, 200
07/12/2018 00:00:00, 8.726, 200
08/12/2018 00:00:00, 9.123, 200
09/12/2018 00:00:00, 10.632, 200
10/12/2018 00:00:00, 7.611, 200
11/12/2018 00:00:00, 6.681, 200
12/12/2018 00:00:00, 12.15, 200
13/12/2018 00:00:00, 12.581, 200
14/12/2018 00:00:00, 9.233, 200
15/12/2018 00:00:00, 11.031, 200
16/12/2018 00:00:00, 5.447, 200
17/12/2018 00:00:00, 5.266, 200
18/12/2018 00:00:00, 9.012, 200
19/12/2018 00:00:00, 5.095, 200
20/12/2018 00:00:00, 13.6, 200
21/12/2018 00:00:00, 6.183, 200
22/12/2018 00:00:00, 10.095, 200
23/12/2018 00:00:00, 6.113, 200
24/12/2018 00:00:00, 4.606, 200
25/12/2018 00:00:00, 6.692, 200
26/12/2018 00:00:00, 5.009, 200
27/12/2018 00:00:00, 4.125, 200
28/12/2018 00:00:00, 7.32, 200
29/12/2018 00:00:00, 7.73, 200
30/12/2018 00:00:00, 4.801, 200
31/12/2018 00:00:00, 2.865, 200
01/01/2019 00:00:00, 6.965, 200
02/01/2019 00:00:00, 6.963, 200
03/01/2019 00:00:00, 6.967, 200
04/01/2019 00:00:00, 7.281, 200
05/01/2019 00:00:00, 7.576, 200
06/01/2019 00:00:00, 6.242, 200
07/01/2019 00:00:00, 2.823, 200
08/01/2019 00:00:00, 9.221, 200
09/01/2019 00:00:00, 9.731, 200
10/01/2019 00:00:00, 9.093, 200
11/01/2019 00:00:00, 3.547, 200
12/01/2019 00:00:00, 7.308, 200
13/01/2019 00:00:00, 7.619, 200
14/01/2019 00:00:00, 5.477, 200
15/01/2019 00:00:00, 6.9, 200
16/01/2019 00:00:00, 4.316, 200
17/01/2019 00:00:00, 7.076, 200
18/01/2019 00:00:00, 11.652, 200
19/01/2019 00:00:00, 11.418, 200
20/01/2019 00:00:00, 5.688, 200
21/01/2019 00:00:00, 4.007, 200
22/01/2019 00:00:00, 4.515, 200
23/01/2019 00:00:00, 10.586, 200
24/01/2019 00:00:00, 5.193, 200
25/01/2019 00:00:00, 7.319, 200
26/01/2019 00:00:00, 11.146, 200
27/01/2019 00:00:00, 5.307, 200
28/01/2019 00:00:00, 6.37, 200
29/01/2019 00:00:00, 7.909, 200
30/01/2019 00:00:00, 16.801, 200
31/01/2019 00:00:00, 10.336, 200
01/02/2019 00:00:00, 9.1, 200
02/02/2019 00:00:00, 5.527, 200
03/02/2019 00:00:00, 4.681, 200
04/02/2019 00:00:00, 8.384, 200
05/02/2019 00:00:00, 7.861, 200
06/02/2019 00:00:00, 7.268, 200
07/02/2019 00:00:00, 4.242, 200
08/02/2019 00:00:00, 6.515, 200
09/02/2019 00:00:00, 13.159, 200
10/02/2019 00:00:00, 8.278, 200
11/02/2019 00:00:00, 10.497, 200
12/02/2019 00:00:00, 13.192, 200
13/02/2019 00:00:00, 9.252, 200
14/02/2019 00:00:00, 13.639, 200
15/02/2019 00:00:00, 6.547, 200
16/02/2019 00:00:00, 10.057, 200
17/02/2019 00:00:00, 5.735, 200
18/02/2019 00:00:00, 7.347, 200
19/02/2019 00:00:00, 9.477, 200
20/02/2019 00:00:00, 10.205, 200
21/02/2019 00:00:00, 7.939, 200
22/02/2019 00:00:00, 11.927, 200
23/02/2019 00:00:00, 6.548, 200
24/02/2019 00:00:00, 7.692, 200
25/02/2019 00:00:00, 6.074, 200
26/02/2019 00:00:00, 5.73, 200
27/02/2019 00:00:00, 14.403, 200
28/02/2019 00:00:00, 6.524, 200
01/03/2019 00:00:00, 7.681, 200
02/03/2019 00:00:00, 14.167, 200
03/03/2019 00:00:00, 11.19, 200
04/03/2019 00:00:00, 10.152, 200
05/03/2019 00:00:00, 12.452, 200
06/03/2019 00:00:00, 13.502, 200
07/03/2019 00:00:00, 12.104, 200
08/03/2019 00:00:00, 5.45, 200
09/03/2019 00:00:00, 8.619, 200
10/03/2019 00:00:00, 11.623, 200
11/03/2019 00:00:00, 4.45, 200
12/03/2019 00:00:00, 12.968, 200
13/03/2019 00:00:00, 7.861, 200
14/03/2019 00:00:00, 6.774, 200
15/03/2019 00:00:00, 10.531, 200
16/03/2019 00:00:00, 13.791, 200
17/03/2019 00:00:00, 8.139, 200
18/03/2019 00:00:00, 5.08, 200
19/03/2019 00:00:00, 15.03, 200
20/03/2019 00:00:00, 14.63, 200
21/03/2019 00:00:00, 12.623, 200
22/03/2019 00:00:00, 11.649, 200
23/03/2019 00:00:00, 14.011, 200
24/03/2019 00:00:00, 14.98, 200
25/03/2019 00:00:00, 13.885, 200
26/03/2019 00:00:00, 6.382, 200
27/03/2019 00:00:00, 4.981, 200
28/03/2019 00:00:00, 7.896, 200
29/03/2019 00:00:00, 8.864, 200
30/03/2019 00:00:00, 15.514, 200
31/03/2019 00:00:00, 18.517, 200
01/04/2019 00:00:00, 12.277, 200
02/04/2019 00:00:00, 8.451, 200
03/04/2019 00:00:00, 9.651, 200
04/04/2019 00:00:00, 10.381, 200
05/04/2019 00:00:00, 17.016, 200
06/04/2019 00:00:00, 5.576, 200
07/04/2019 00:00:00, 3.885, 200
08/04/2019 00:00:00, 5.72, 200
09/04/2019 00:00:00, 8.614, 200
10/04/2019 00:00:00, 17.634, 200
11/04/2019 00:00:00, 6.051, 200
12/04/2019 00:00:00, 11.428, 200
13/04/2019 00:00:00, 6.537, 200
14/04/2019 00:00:00, 9.163, 200
15/04/2019 00:00:00, 9.642, 200
16/04/2019 00:00:00, 9.228, 200
18/04/2019 00:00:00, 0, 200
19/04/2019 00:00:00, 18.926, 200
20/04/2019 00:00:00, 12.712, 200
21/04/2019 00:00:00, 5.967, 200
22/04/2019 00:00:00, 14.365, 200
23/04/2019 00:00:00, 12.256, 200
24/04/2019 00:00:00, 12.23, 200
25/04/2019 00:00:00, 13.624, 200
26/04/2019 00:00:00, 8.954, 200
27/04/2019 00:00:00, 21.709, 200
28/04/2019 00:00:00, 4.269, 200
29/04/2019 00:00:00, 5.334, 200
30/04/2019 00:00:00, 8.587, 200
01/05/2019 00:00:00, 8.327, 200
02/05/2019 00:00:00, 18.608, 0
03/05/2019 00:00:00, 31.11, 0
04/05/2019 00:00:00, 27.776, 0
05/05/2019 00:00:00, 16.984, 0
06/05/2019 00:00:00, 10.734, 0
07/05/2019 00:00:00, 15.73, 0
08/05/2019 00:00:00, 34.881, 0
09/05/2019 00:00:00, 22.177, 0
10/05/2019 00:00:00, 13.425, 0
11/05/2019 00:00:00, 17.642, 0
12/05/2019 00:00:00, 9.092, 0
13/05/2019 00:00:00, 8.418, 0
14/05/2019 00:00:00, 15.079, 0
15/05/2019 00:00:00, 17.237, 0
16/05/2019 00:00:00, 8.237, 0
17/05/2019 00:00:00, 11.295, 0
18/05/2019 00:00:00, 16.703, 0
19/05/2019 00:00:00, 14.282, 0
20/05/2019 00:00:00, 15.901, 0
21/05/2019 00:00:00, 31.26, 0
22/05/2019 00:00:00, 28.505, 0
23/05/2019 00:00:00, 19.679, 0
24/05/2019 00:00:00, 33.544, 0
25/05/2019 00:00:00, 19.977, 0
26/05/2019 00:00:00, 8.01, 0
27/05/2019 00:00:00, 8.994, 0
28/05/2019 00:00:00, 8.029, 0
29/05/2019 00:00:00, 18.578, 0
30/05/2019 00:00:00, 6.252, 0
31/05/2019 00:00:00, 5.989, 0
01/06/2019 00:00:00, 14.039, 0
02/06/2019 00:00:00, 4.843, 0
03/06/2019 00:00:00, 2.84, 0
04/06/2019 00:00:00, 10.308, 0
05/06/2019 00:00:00, 9.855, 0
06/06/2019 00:00:00, 15.954, 0
07/06/2019 00:00:00, 15.603, 0
08/06/2019 00:00:00, 14.067, 0
09/06/2019 00:00:00, 14.236, 0
10/06/2019 00:00:00, 10.25, 0
11/06/2019 00:00:00, 30.68, 0
12/06/2019 00:00:00, 9.654, 0
13/06/2019 00:00:00, 20.291, 0
14/06/2019 00:00:00, 8.537, 0
15/06/2019 00:00:00, 21.342, 0
16/06/2019 00:00:00, 16.614, 0
17/06/2019 00:00:00, 18.742, 0
18/06/2019 00:00:00, 16.073, 0
19/06/2019 00:00:00, 13.908, 0
20/06/2019 00:00:00, 26.578, 0
21/06/2019 00:00:00, 31.473, 0
22/06/2019 00:00:00, 12.287, 0
23/06/2019 00:00:00, 25.826, 0
24/06/2019 00:00:00, 9.067, 0
25/06/2019 00:00:00, 10.215, 0
26/06/2019 00:00:00, 18.306, 0
27/06/2019 00:00:00, 30.32, 0
28/06/2019 00:00:00, 21.272, 0
29/06/2019 00:00:00, 25.07, 0
30/06/2019 00:00:00, 10.882, 0
01/07/2019 00:00:00, 20.729, 0
02/07/2019 00:00:00, 16.615, 200
03/07/2019 00:00:00, 17.254, 200
04/07/2019 00:00:00, 8.301, 200
05/07/2019 00:00:00, 11.802, 200
06/07/2019 00:00:00, 5.403, 200
07/07/2019 00:00:00, 4.325, 200
08/07/2019 00:00:00, 12.37, 200
09/07/2019 00:00:00, 21.989, 200
10/07/2019 00:00:00, 24.585, 200
11/07/2019 00:00:00, 13.84, 200
12/07/2019 00:00:00, 10.706, 200
13/07/2019 00:00:00, 12.331, 200
14/07/2019 00:00:00, 6.421, 200
15/07/2019 00:00:00, 5.16, 200
16/07/2019 00:00:00, 13.583, 200
17/07/2019 00:00:00, 10.773, 200
18/07/2019 00:00:00, 11.584, 200
19/07/2019 00:00:00, 10.962, 200
20/07/2019 00:00:00, 30.241, 200
21/07/2019 00:00:00, 16.802, 200
22/07/2019 00:00:00, 17.006, 200
23/07/2019 00:00:00, 24.044, 200
24/07/2019 00:00:00, 21.32, 200
25/07/2019 00:00:00, 27.046, 200
26/07/2019 00:00:00, 21.511, 200
27/07/2019 00:00:00, 24.911, 200
28/07/2019 00:00:00, 13.445, 200
29/07/2019 00:00:00, 12.081, 200
30/07/2019 00:00:00, 24.318, 200
31/07/2019 00:00:00, 19.623, 200
01/08/2019 00:00:00, 8.844, 200
02/08/2019 00:00:00, 12.902, 200
03/08/2019 00:00:00, 12.606, 200
04/08/2019 00:00:00, 8.852, 200
05/08/2019 00:00:00, 7.133, 200
06/08/2019 00:00:00, 14.165, 200
07/08/2019 00:00:00, 25.536, 200
08/08/2019 00:00:00, 17.335, 200
09/08/2019 00:00:00, 11.275, 200
10/08/2019 00:00:00, 17.671, 200
11/08/2019 00:00:00, 17.003, 200
12/08/2019 00:00:00, 10.487, 200
13/08/2019 00:00:00, 20.299, 200
14/08/2019 00:00:00, 12.34, 200
15/08/2019 00:00:00, 15.897, 200
16/08/2019 00:00:00, 27.687, 200
17/08/2019 00:00:00, 14.793, 200
18/08/2019 00:00:00, 6.042, 200
19/08/2019 00:00:00, 8.437, 200
20/08/2019 00:00:00, 18.435, 200
21/08/2019 00:00:00, 12.987, 200
22/08/2019 00:00:00, 22.264, 200
23/08/2019 00:00:00, 10.925, 200
24/08/2019 00:00:00, 18.049, 200
25/08/2019 00:00:00, 11.466, 200
26/08/2019 00:00:00, 11.315, 200
27/08/2019 00:00:00, 10.236, 200
28/08/2019 00:00:00, 20.733, 200
29/08/2019 00:00:00, 23.592, 200
30/08/2019 00:00:00, 11.04, 200
31/08/2019 00:00:00, 23.318, 200
01/09/2019 00:00:00, 21.184, 200
02/09/2019 00:00:00, 12.544, 200
03/09/2019 00:00:00, 17.691, 200
04/09/2019 00:00:00, 21.2, 200
05/09/2019 00:00:00, 20.268, 200
06/09/2019 00:00:00, 11.079, 200
07/09/2019 00:00:00, 6.943, 200
08/09/2019 00:00:00, 8.57, 200
09/09/2019 00:00:00, 9.783, 200
10/09/2019 00:00:00, 8.253, 200
11/09/2019 00:00:00, 18.018, 200
12/09/2019 00:00:00, 19.8, 200
13/09/2019 00:00:00, 17.914, 200
14/09/2019 00:00:00, 7.692, 200
15/09/2019 00:00:00, 15.562, 200
16/09/2019 00:00:00, 12.671, 200
17/09/2019 00:00:00, 9.901, 200
18/09/2019 00:00:00, 11.924, 200
19/09/2019 00:00:00, 22.269, 200
20/09/2019 00:00:00, 22.99, 200
21/09/2019 00:00:00, 12.754, 200
22/09/2019 00:00:00, 13.849, 200
23/09/2019 00:00:00, 13.003, 200
24/09/2019 00:00:00, 5.863, 200
25/09/2019 00:00:00, 14.311, 200
26/09/2019 00:00:00, 10.253, 200
27/09/2019 00:00:00, 8.184, 200
28/09/2019 00:00:00, 18.073, 200
29/09/2019 00:00:00, 7.07, 200
30/09/2019 00:00:00, 3.443, 200
01/10/2019 00:00:00, 7.439, 200
02/10/2019 00:00:00, 11.56, 200
03/10/2019 00:00:00, 7.268, 200
04/10/2019 00:00:00, 8.789, 200
05/10/2019 00:00:00, 13.668, 200
06/10/2019 00:00:00, 5.312, 200
07/10/2019 00:00:00, 7.691, 200
08/10/2019 00:00:00, 11.03, 200
09/10/2019 00:00:00, 6.652, 200
10/10/2019 00:00:00, 6.018, 200
11/10/2019 00:00:00, 11.959, 200
12/10/2019 00:00:00, 16.282, 200
13/10/2019 00:00:00, 9.635, 200
14/10/2019 00:00:00, 6.456, 200
15/10/2019 00:00:00, 11.733, 200
16/10/2019 00:00:00, 9.066, 200
17/10/2019 00:00:00, 8.334, 200
18/10/2019 00:00:00, 17.218, 200
19/10/2019 00:00:00, 10.036, 200
20/10/2019 00:00:00, 9.868, 200
21/10/2019 00:00:00, 9.642, 200
22/10/2019 00:00:00, 7.684, 200
23/10/2019 00:00:00, 7.782, 200
24/10/2019 00:00:00, 7.613, 200
25/10/2019 00:00:00, 10.829, 200
26/10/2019 00:00:00, 12.753, 200
27/10/2019 00:00:00, 10.658, 200
28/10/2019 00:00:00, 3.333, 200
29/10/2019 00:00:00, 3.218, 200
30/10/2019 00:00:00, 7.587, 200
31/10/2019 00:00:00, 11.199, 200
01/11/2019 00:00:00, 11.875, 200
02/11/2019 00:00:00, 10.911, 200
03/11/2019 00:00:00, 8.757, 200
04/11/2019 00:00:00, 5.546, 200
05/11/2019 00:00:00, 6.593, 200
06/11/2019 00:00:00, 7.73, 200
07/11/2019 00:00:00, 8.175, 200
08/11/2019 00:00:00, 7.971, 200
09/11/2019 00:00:00, 5.899, 200
10/11/2019 00:00:00, 6.503, 200
11/11/2019 00:00:00, 12.836, 200
12/11/2019 00:00:00, 11.502, 200
13/11/2019 00:00:00, 11.503, 200
14/11/2019 00:00:00, 9.517, 200
15/11/2019 00:00:00, 6.96, 200
16/11/2019 00:00:00, 11.794, 200
17/11/2019 00:00:00, 2.943, 200
18/11/2019 00:00:00, 4.017, 200
19/11/2019 00:00:00, 8.382, 200
20/11/2019 00:00:00, 6.648, 200
21/11/2019 00:00:00, 7.506, 200
22/11/2019 00:00:00, 12.855, 200
23/11/2019 00:00:00, 10.124, 200
24/11/2019 00:00:00, 11.355, 200
25/11/2019 00:00:00, 9.562, 200
26/11/2019 00:00:00, 10.638, 200
27/11/2019 00:00:00, 10.786, 200
28/11/2019 00:00:00, 5.675, 200
29/11/2019 00:00:00, 10.438, 200
30/11/2019 00:00:00, 9.562, 200
01/12/2019 00:00:00, 12.084, 200
02/12/2019 00:00:00, 3.993, 200
03/12/2019 00:00:00, 6.826, 200
04/12/2019 00:00:00, 5.299, 200
05/12/2019 00:00:00, 5.11, 200
06/12/2019 00:00:00, 5.647, 200
07/12/2019 00:00:00, 6.596, 200
08/12/2019 00:00:00, 4.064, 200
09/12/2019 00:00:00, 6.666, 200
10/12/2019 00:00:00, 8.013, 200
11/12/2019 00:00:00, 10.014, 200
12/12/2019 00:00:00, 15.052, 200
13/12/2019 00:00:00, 7.74, 200
14/12/2019 00:00:00, 10.261, 200
15/12/2019 00:00:00, 5.044, 200
16/12/2019 00:00:00, 2.821, 200
17/12/2019 00:00:00, 12.301, 200
18/12/2019 00:00:00, 16.625, 200
19/12/2019 00:00:00, 9.099, 200
20/12/2019 00:00:00, 8.798, 200
21/12/2019 00:00:00, 7.888, 200
22/12/2019 00:00:00, 5.338, 200
23/12/2019 00:00:00, 8.714, 200
24/12/2019 00:00:00, 5.254, 200
25/12/2019 00:00:00, 3.781, 200
26/12/2019 00:00:00, 3.771, 200
27/12/2019 00:00:00, 6.104, 200
28/12/2019 00:00:00, 3.483, 200
29/12/2019 00:00:00, 6.16, 200
30/12/2019 00:00:00, 5.826, 200
31/12/2019 00:00:00, 6.096, 200
01/01/2020 00:00:00, 5.891, 200
02/01/2020 00:00:00, 3.42, 200
03/01/2020 00:00:00, 2.755, 200
04/01/2020 00:00:00, 8.181, 200
05/01/2020 00:00:00, 3.747, 200
06/01/2020 00:00:00, 4.772, 200
07/01/2020 00:00:00, 5.062, 200
08/01/2020 00:00:00, 6.271, 200
09/01/2020 00:00:00, 7.441, 200
10/01/2020 00:00:00, 7.423, 200
11/01/2020 00:00:00, 7.059, 200
12/01/2020 00:00:00, 3.804, 200
13/01/2020 00:00:00, 2.726, 200
14/01/2020 00:00:00, 5.292, 200
15/01/2020 00:00:00, 5.911, 200
16/01/2020 00:00:00, 5.672, 200
17/01/2020 00:00:00, 6.615, 200
18/01/2020 00:00:00, 8.262, 200
19/01/2020 00:00:00, 5.318, 200
20/01/2020 00:00:00, 3.235, 200
21/01/2020 00:00:00, 5.179, 200
22/01/2020 00:00:00, 9.192, 200
23/01/2020 00:00:00, 6.743, 200
24/01/2020 00:00:00, 8.938, 200
25/01/2020 00:00:00, 10.291, 200
26/01/2020 00:00:00, 7.4, 200
27/01/2020 00:00:00, 5.63, 200
28/01/2020 00:00:00, 5.488, 200
29/01/2020 00:00:00, 9.157, 200
30/01/2020 00:00:00, 7.603, 200
31/01/2020 00:00:00, 7.497, 200
01/02/2020 00:00:00, 5.51, 200
02/02/2020 00:00:00, 9.806, 200
03/02/2020 00:00:00, 3.573, 200
04/02/2020 00:00:00, 5.291, 200
05/02/2020 00:00:00, 3.974, 200
06/02/2020 00:00:00, 8.895, 200
07/02/2020 00:00:00, 8.872, 200
08/02/2020 00:00:00, 6.508, 200
09/02/2020 00:00:00, 4.529, 200
10/02/2020 00:00:00, 5.667, 200
11/02/2020 00:00:00, 11.341, 200
12/02/2020 00:00:00, 6.824, 200
13/02/2020 00:00:00, 9.809, 200
14/02/2020 00:00:00, 8.612, 200
15/02/2020 00:00:00, 10.847, 200
16/02/2020 00:00:00, 11.606, 200
17/02/2020 00:00:00, 5.286, 200
18/02/2020 00:00:00, 5.978, 200
19/02/2020 00:00:00, 9.665, 200
20/02/2020 00:00:00, 9.91, 200
21/02/2020 00:00:00, 10.352, 200
22/02/2020 00:00:00, 7.361, 200
23/02/2020 00:00:00, 5.557, 200
24/02/2020 00:00:00, 4.339, 200
25/02/2020 00:00:00, 11.867, 200
26/02/2020 00:00:00, 16.601, 200
27/02/2020 00:00:00, 15.268, 200
28/02/2020 00:00:00, 7.433, 200
29/02/2020 00:00:00, 7.33, 200
01/03/2020 00:00:00, 5.212, 200
02/03/2020 00:00:00, 13.104, 200
03/03/2020 00:00:00, 13.776, 200
04/03/2020 00:00:00, 7.453, 200
05/03/2020 00:00:00, 6.064, 200
06/03/2020 00:00:00, 8.341, 200
07/03/2020 00:00:00, 13.819, 200
08/03/2020 00:00:00, 10.695, 200
09/03/2020 00:00:00, 8.667, 200
10/03/2020 00:00:00, 9.337, 200
11/03/2020 00:00:00, 7.679, 200
12/03/2020 00:00:00, 7.303, 200
13/03/2020 00:00:00, 8.833, 200
14/03/2020 00:00:00, 12.043, 200
15/03/2020 00:00:00, 12.66, 200
16/03/2020 00:00:00, 11.584, 200
17/03/2020 00:00:00, 7.062, 200
18/03/2020 00:00:00, 4.931, 200
19/03/2020 00:00:00, 10.164, 200
20/03/2020 00:00:00, 8.435, 200
21/03/2020 00:00:00, 7.744, 200
22/03/2020 00:00:00, 10.291, 200
23/03/2020 00:00:00, 2.64, 200
24/03/2020 00:00:00, 7.181, 200
25/03/2020 00:00:00, 9.51, 200
26/03/2020 00:00:00, 11.07, 200
27/03/2020 00:00:00, 2.172, 200
28/03/2020 00:00:00, 4.214, 200
29/03/2020 00:00:00, 1.303, 200
30/03/2020 00:00:00, 2.501, 200
31/03/2020 00:00:00, 6.654, 200
01/04/2020 00:00:00, 3.423, 200
02/04/2020 00:00:00, 7.285, 200
03/04/2020 00:00:00, 3.038, 200
04/04/2020 00:00:00, 3, 200
05/04/2020 00:00:00, 4.432, 200
06/04/2020 00:00:00, 9.235, 200
07/04/2020 00:00:00, 9.976, 200
08/04/2020 00:00:00, 2.684, 200
09/04/2020 00:00:00, 4.739, 200
10/04/2020 00:00:00, 5.155, 200
11/04/2020 00:00:00, 8.133, 200
21/04/2020 00:00:00, 0, 200
22/04/2020 00:00:00, 10.554, 200
23/04/2020 00:00:00, 8.802, 200
24/04/2020 00:00:00, 3.712, 200
25/04/2020 00:00:00, 4.641, 200
26/04/2020 00:00:00, 5.409, 200
27/04/2020 00:00:00, 4.115, 200
28/04/2020 00:00:00, 1.181, 200
29/04/2020 00:00:00, 17.937, 200
30/04/2020 00:00:00, 17.628, 200
01/05/2020 00:00:00, 6.141, 200
02/05/2020 00:00:00, 7.378, 200
03/05/2020 00:00:00, 3.265, 200
04/05/2020 00:00:00, 1.767, 200
05/05/2020 00:00:00, 8.085, 200
06/05/2020 00:00:00, 8.837, 200
07/05/2020 00:00:00, 15.435, 200
08/05/2020 00:00:00, 14.425, 200
09/05/2020 00:00:00, 18.175, 200
10/05/2020 00:00:00, 14.04, 200
11/05/2020 00:00:00, 14.036, 200
12/05/2020 00:00:00, 18.55, 200
13/05/2020 00:00:00, 16.105, 200
14/05/2020 00:00:00, 23.054, 200
15/05/2020 00:00:00, 17.4, 200
16/05/2020 00:00:00, 16.298, 200
17/05/2020 00:00:00, 5.578, 200
18/05/2020 00:00:00, 9.289, 200
19/05/2020 00:00:00, 16.703, 200
20/05/2020 00:00:00, 14.304, 200
21/05/2020 00:00:00, 29.1, 200
22/05/2020 00:00:00, 13.784, 200
23/05/2020 00:00:00, 9.128, 200
24/05/2020 00:00:00, 16.83, 200
25/05/2020 00:00:00, 17.699, 200
26/05/2020 00:00:00, 9.478, 200
27/05/2020 00:00:00, 8.735, 200
28/05/2020 00:00:00, 12.071, 200
29/05/2020 00:00:00, 23.321, 200
30/05/2020 00:00:00, 23.41, 200
31/05/2020 00:00:00, 9.857, 200
01/06/2020 00:00:00, 10.494, 200
02/06/2020 00:00:00, 13.17, 200
03/06/2020 00:00:00, 21.588, 200
04/06/2020 00:00:00, 15.399, 200
05/06/2020 00:00:00, 11.325, 200
06/06/2020 00:00:00, 11.804, 200
07/06/2020 00:00:00, 13.424, 200
08/06/2020 00:00:00, 14.785, 200
09/06/2020 00:00:00, 32.901, 200
10/06/2020 00:00:00, 30.714, 200
11/06/2020 00:00:00, 31.835, 200
12/06/2020 00:00:00, 10.142, 200
13/06/2020 00:00:00, 9.62, 200
14/06/2020 00:00:00, 12.197, 200
15/06/2020 00:00:00, 23.373, 200
16/06/2020 00:00:00, 17.279, 200
17/06/2020 00:00:00, 10.058, 200
18/06/2020 00:00:00, 9.557, 200
19/06/2020 00:00:00, 7.495, 200
20/06/2020 00:00:00, 6.542, 200
21/06/2020 00:00:00, 5.492, 200
22/06/2020 00:00:00, 5.409, 200
23/06/2020 00:00:00, 22.548, 200
24/06/2020 00:00:00, 30.364, 200
25/06/2020 00:00:00, 14.879, 200
26/06/2020 00:00:00, 9.932, 200
27/06/2020 00:00:00, 19.378, 200
28/06/2020 00:00:00, 21.121, 200
29/06/2020 00:00:00, 11.869, 200
30/06/2020 00:00:00, 14.847, 200
01/07/2020 00:00:00, 7.588, 200
02/07/2020 00:00:00, 5.668, 200
03/07/2020 00:00:00, 5.062, 200
04/07/2020 00:00:00, 28.771, 200
05/07/2020 00:00:00, 20.448, 200
06/07/2020 00:00:00, 16.341, 200
07/07/2020 00:00:00, 13.657, 200
08/07/2020 00:00:00, 22.071, 200
09/07/2020 00:00:00, 11.212, 200
10/07/2020 00:00:00, 7.228, 200
11/07/2020 00:00:00, 25.147, 200
12/07/2020 00:00:00, 17.913, 200
13/07/2020 00:00:00, 4.252, 200
14/07/2020 00:00:00, 14.409, 200
15/07/2020 00:00:00, 25.745, 200
16/07/2020 00:00:00, 13.145, 200
17/07/2020 00:00:00, 16.668, 200
18/07/2020 00:00:00, 19.905, 200
19/07/2020 00:00:00, 18.678, 200
20/07/2020 00:00:00, 17.414, 200
21/07/2020 00:00:00, 26.296, 200
22/07/2020 00:00:00, 12.701, 200
23/07/2020 00:00:00, 18.338, 200
24/07/2020 00:00:00, 12.856, 200
25/07/2020 00:00:00, 30.693, 200
26/07/2020 00:00:00, 27.773, 200
27/07/2020 00:00:00, 24.653, 200
28/07/2020 00:00:00, 25.782, 200
29/07/2020 00:00:00, 30.71, 200
30/07/2020 00:00:00, 30.844, 200
31/07/2020 00:00:00, 28.677, 200
01/08/2020 00:00:00, 29.539, 200
02/08/2020 00:00:00, 27.089, 200
03/08/2020 00:00:00, 22.277, 200
04/08/2020 00:00:00, 27.756, 200
05/08/2020 00:00:00, 13.983, 200
06/08/2020 00:00:00, 21.354, 200
07/08/2020 00:00:00, 19.546, 200
08/08/2020 00:00:00, 20.148, 200
09/08/2020 00:00:00, 9.876, 200
10/08/2020 00:00:00, 23.448, 200
11/08/2020 00:00:00, 28.037, 200
12/08/2020 00:00:00, 24.271, 200
13/08/2020 00:00:00, 12.166, 200
14/08/2020 00:00:00, 22.254, 200
15/08/2020 00:00:00, 16.777, 200
16/08/2020 00:00:00, 22.439, 200
17/08/2020 00:00:00, 11.581, 200
18/08/2020 00:00:00, 26.824, 200
19/08/2020 00:00:00, 31.417, 200
20/08/2020 00:00:00, 34.604, 200
21/08/2020 00:00:00, 22.604, 200
22/08/2020 00:00:00, 7.445, 200
23/08/2020 00:00:00, 15.279, 200
24/08/2020 00:00:00, 22.989, 200
25/08/2020 00:00:00, 11.138, 200
26/08/2020 00:00:00, 16.112, 200
27/08/2020 00:00:00, 13.27, 200
28/08/2020 00:00:00, 21.79, 200
29/08/2020 00:00:00, 16.102, 200
30/08/2020 00:00:00, 5.87, 200
31/08/2020 00:00:00, 8.235, 200
01/09/2020 00:00:00, 10.134, 200
02/09/2020 00:00:00, 10.168, 200
03/09/2020 00:00:00, 12.337, 200
04/09/2020 00:00:00, 17.413, 200
05/09/2020 00:00:00, 19.6, 200
06/09/2020 00:00:00, 5.148, 200
07/09/2020 00:00:00, 3.808, 200
08/09/2020 00:00:00, 11.356, 200
09/09/2020 00:00:00, 19.336, 200
10/09/2020 00:00:00, 9.351, 200
11/09/2020 00:00:00, 11.63, 200
12/09/2020 00:00:00, 10.558, 200
13/09/2020 00:00:00, 22.421, 200
14/09/2020 00:00:00, 10.417, 200
15/09/2020 00:00:00, 6.674, 200
16/09/2020 00:00:00, 7.461, 200
17/09/2020 00:00:00, 13.192, 200
18/09/2020 00:00:00, 7.653, 200
19/09/2020 00:00:00, 17.862, 200
20/09/2020 00:00:00, 19.86, 200
21/09/2020 00:00:00, 18.753, 200
22/09/2020 00:00:00, 17.503, 200
23/09/2020 00:00:00, 11.222, 200
24/09/2020 00:00:00, 6.94, 200
25/09/2020 00:00:00, 9, 200
26/09/2020 00:00:00, 7.356, 200
27/09/2020 00:00:00, 5.46, 200
28/09/2020 00:00:00, 3.435, 200
29/09/2020 00:00:00, 9.473, 200
30/09/2020 00:00:00, 13.128, 200
01/10/2020 00:00:00, 23.977, 200
02/10/2020 00:00:00, 25.386, 200
03/10/2020 00:00:00, 8.763, 200
04/10/2020 00:00:00, 4.744, 200
05/10/2020 00:00:00, 7.568, 200
06/10/2020 00:00:00, 8.647, 200
07/10/2020 00:00:00, 6.991, 200
08/10/2020 00:00:00, 12.748, 200
09/10/2020 00:00:00, 11.702, 200
10/10/2020 00:00:00, 19.092, 200
11/10/2020 00:00:00, 17.718, 200
12/10/2020 00:00:00, 6.268, 200
13/10/2020 00:00:00, 10.896, 200
14/10/2020 00:00:00, 11.392, 200
15/10/2020 00:00:00, 11.655, 200
16/10/2020 00:00:00, 11.271, 200
17/10/2020 00:00:00, 17.798, 200
18/10/2020 00:00:00, 16.013, 200
19/10/2020 00:00:00, 13.736, 200
20/10/2020 00:00:00, 6.76, 200
21/10/2020 00:00:00, 16.307, 200
22/10/2020 00:00:00, 17.523, 200
23/10/2020 00:00:00, 13.487, 200
24/10/2020 00:00:00, 11.333, 200
25/10/2020 00:00:00, 6.304, 200
26/10/2020 00:00:00, 3.398, 200
27/10/2020 00:00:00, 2.681, 200
28/10/2020 00:00:00, 9.019, 200
29/10/2020 00:00:00, 11.781, 200
31/10/2020 00:00:00, 0, 200
01/11/2020 00:00:00, 4.265, 200
02/11/2020 00:00:00, 6.848, 200
03/11/2020 00:00:00, 14.307, 200
04/11/2020 00:00:00, 26.06, 200
05/11/2020 00:00:00, 8.287, 200
06/11/2020 00:00:00, 11.121, 200
07/11/2020 00:00:00, 12.921, 200
08/11/2020 00:00:00, 9.087, 200
09/11/2020 00:00:00, 4.801, 200
10/11/2020 00:00:00, 5.855, 200
11/11/2020 00:00:00, 5.905, 200
12/11/2020 00:00:00, 8.88, 200
13/11/2020 00:00:00, 15.582, 200
14/11/2020 00:00:00, 9.052, 200
15/11/2020 00:00:00, 5.341, 200
16/11/2020 00:00:00, 7.601, 200
17/11/2020 00:00:00, 9.691, 200
18/11/2020 00:00:00, 9.192, 200
19/11/2020 00:00:00, 9.191, 200
20/11/2020 00:00:00, 6.559, 200
21/11/2020 00:00:00, 14.464, 200
22/11/2020 00:00:00, 3.967, 200
23/11/2020 00:00:00, 3.163, 200
24/11/2020 00:00:00, 8.336, 200
25/11/2020 00:00:00, 12.904, 200
26/11/2020 00:00:00, 15.817, 200
27/11/2020 00:00:00, 17.776, 200
28/11/2020 00:00:00, 9.243, 200
29/11/2020 00:00:00, 3.998, 200
30/11/2020 00:00:00, 5.089, 200
01/12/2020 00:00:00, 12.115, 200
02/12/2020 00:00:00, 6.001, 200
03/12/2020 00:00:00, 13.618, 200
04/12/2020 00:00:00, 11.52, 200
05/12/2020 00:00:00, 9.56, 200
06/12/2020 00:00:00, 4.365, 200
07/12/2020 00:00:00, 4.956, 200
08/12/2020 00:00:00, 5.314, 200
09/12/2020 00:00:00, 7.487, 200
10/12/2020 00:00:00, 9.955, 200
11/12/2020 00:00:00, 18.822, 200
12/12/2020 00:00:00, 7.73, 200
13/12/2020 00:00:00, 5.646, 200
14/12/2020 00:00:00, 4.133, 200
15/12/2020 00:00:00, 7.045, 200
16/12/2020 00:00:00, 9.049, 200
17/12/2020 00:00:00, 7.396, 200
18/12/2020 00:00:00, 9.36, 200
19/12/2020 00:00:00, 9.458, 200
20/12/2020 00:00:00, 4.075, 200
21/12/2020 00:00:00, 4.171, 200
22/12/2020 00:00:00, 12.322, 200
23/12/2020 00:00:00, 9.286, 200
24/12/2020 00:00:00, 7.67, 200
25/12/2020 00:00:00, 5.18, 200
26/12/2020 00:00:00, 3.469, 200
27/12/2020 00:00:00, 2.478, 200
28/12/2020 00:00:00, 1.867, 200
29/12/2020 00:00:00, 2.291, 200
30/12/2020 00:00:00, 3.055, 200
31/12/2020 00:00:00, 3.659, 200
01/01/2021 00:00:00, 4.95, 200
02/01/2021 00:00:00, 4.506, 200
03/01/2021 00:00:00, 4.718, 200
04/01/2021 00:00:00, 2.764, 200
05/01/2021 00:00:00, 3.89, 200
06/01/2021 00:00:00, 8.142, 200
07/01/2021 00:00:00, 6.853, 200
08/01/2021 00:00:00, 4.204, 200
09/01/2021 00:00:00, 5.555, 200
10/01/2021 00:00:00, 5.593, 200
11/01/2021 00:00:00, 4.532, 200
12/01/2021 00:00:00, 7.688, 200
13/01/2021 00:00:00, 9.311, 200
14/01/2021 00:00:00, 9.172, 200
15/01/2021 00:00:00, 10.564, 200
16/01/2021 00:00:00, 12.219, 200
17/01/2021 00:00:00, 9.09, 200
18/01/2021 00:00:00, 2.724, 200
19/01/2021 00:00:00, 4.578, 200
20/01/2021 00:00:00, 4.172, 200
21/01/2021 00:00:00, 5.128, 200
22/01/2021 00:00:00, 6.248, 200
23/01/2021 00:00:00, 11.262, 200
24/01/2021 00:00:00, 3.598, 200
25/01/2021 00:00:00, 4.607, 200
26/01/2021 00:00:00, 6.505, 200
27/01/2021 00:00:00, 9.285, 200
28/01/2021 00:00:00, 7.181, 200
29/01/2021 00:00:00, 6.91, 200
30/01/2021 00:00:00, 5.098, 200
31/01/2021 00:00:00, 3.731, 200
01/02/2021 00:00:00, 7.6, 200
02/02/2021 00:00:00, 11.29, 200
03/02/2021 00:00:00, 12.584, 200
04/02/2021 00:00:00, 11.465, 200
05/02/2021 00:00:00, 5.058, 200
06/02/2021 00:00:00, 5.257, 200
07/02/2021 00:00:00, 5.398, 200
08/02/2021 00:00:00, 6.199, 200
09/02/2021 00:00:00, 4.358, 200
10/02/2021 00:00:00, 7.515, 200
11/02/2021 00:00:00, 6.687, 200
12/02/2021 00:00:00, 6.443, 200
13/02/2021 00:00:00, 7.167, 200
14/02/2021 00:00:00, 8.87, 200
15/02/2021 00:00:00, 6.808, 200
16/02/2021 00:00:00, 12.517, 200
17/02/2021 00:00:00, 3.743, 200
18/02/2021 00:00:00, 5.897, 200
19/02/2021 00:00:00, 10.954, 200
20/02/2021 00:00:00, 13.241, 200
21/02/2021 00:00:00, 8.894, 200
22/02/2021 00:00:00, 6.574, 200
23/02/2021 00:00:00, 10.959, 200
24/02/2021 00:00:00, 9.756, 200
25/02/2021 00:00:00, 7.142, 200
26/02/2021 00:00:00, 13.648, 200
27/02/2021 00:00:00, 13.267, 200
28/02/2021 00:00:00, 11.782, 200
01/03/2021 00:00:00, 15.703, 200
02/03/2021 00:00:00, 13.07, 200
03/03/2021 00:00:00, 10.983, 200
04/03/2021 00:00:00, 6.633, 200
05/03/2021 00:00:00, 8.887, 200
06/03/2021 00:00:00, 6.134, 200
07/03/2021 00:00:00, 4.466, 200
08/03/2021 00:00:00, 5.347, 200
09/03/2021 00:00:00, 8.129, 200
10/03/2021 00:00:00, 10.716, 200
11/03/2021 00:00:00, 6.07, 200
12/03/2021 00:00:00, 6.23, 200
13/03/2021 00:00:00, 7.664, 200
14/03/2021 00:00:00, 12.46, 200
15/03/2021 00:00:00, 9.822, 200
16/03/2021 00:00:00, 8.229, 200
17/03/2021 00:00:00, 7.26, 200
18/03/2021 00:00:00, 11.725, 200
19/03/2021 00:00:00, 8.585, 200
20/03/2021 00:00:00, 12.981, 200
21/03/2021 00:00:00, 8.395, 200
22/03/2021 00:00:00, 5.933, 200
23/03/2021 00:00:00, 9.037, 200
24/03/2021 00:00:00, 12.241, 200
25/03/2021 00:00:00, 11.505, 200
26/03/2021 00:00:00, 12.731, 200
27/03/2021 00:00:00, 15.784, 200
28/03/2021 00:00:00, 7.145, 200
29/03/2021 00:00:00, 5.846, 200
30/03/2021 00:00:00, 9.655, 200
31/03/2021 00:00:00, 23.974, 200
01/04/2021 00:00:00, 16.022, 200
02/04/2021 00:00:00, 7.719, 200
03/04/2021 00:00:00, 10.178, 200
04/04/2021 00:00:00, 7.311, 200
05/04/2021 00:00:00, 3.124, 200
06/04/2021 00:00:00, 4.708, 200
07/04/2021 00:00:00, 19.314, 200
08/04/2021 00:00:00, 13.907, 200
09/04/2021 00:00:00, 21.271, 200
10/04/2021 00:00:00, 23.876, 200
11/04/2021 00:00:00, 12.816, 200
12/04/2021 00:00:00, 4.299, 200
13/04/2021 00:00:00, 11.88, 200
14/04/2021 00:00:00, 8.068, 200
15/04/2021 00:00:00, 15.396, 200
16/04/2021 00:00:00, 14.484, 200
17/04/2021 00:00:00, 8.864, 200
18/04/2021 00:00:00, 8.977, 200
19/04/2021 00:00:00, 12.133, 200
20/04/2021 00:00:00, 9.061, 200
21/04/2021 00:00:00, 17.314, 200
22/04/2021 00:00:00, 17.107, 200
23/04/2021 00:00:00, 14.98, 200
24/04/2021 00:00:00, 9.398, 200
25/04/2021 00:00:00, 13.173, 200
26/04/2021 00:00:00, 6.758, 200
27/04/2021 00:00:00, 4.575, 200
28/04/2021 00:00:00, 7.934, 200
29/04/2021 00:00:00, 20.9, 200
30/04/2021 00:00:00, 26.182, 200
01/05/2021 00:00:00, 16.36, 200
02/05/2021 00:00:00, 8.254, 200
03/05/2021 00:00:00, 15.03, 200
04/05/2021 00:00:00, 17.965, 200
05/05/2021 00:00:00, 10.87, 200
06/05/2021 00:00:00, 21.43, 200
07/05/2021 00:00:00, 12.377, 200
08/05/2021 00:00:00, 18.176, 200
09/05/2021 00:00:00, 13.702, 200
10/05/2021 00:00:00, 4.127, 200
11/05/2021 00:00:00, 7.517, 200
12/05/2021 00:00:00, 5.607, 200
13/05/2021 00:00:00, 6.441, 200
14/05/2021 00:00:00, 19.256, 200
15/05/2021 00:00:00, 24.368, 200
16/05/2021 00:00:00, 11.512, 200
17/05/2021 00:00:00, 5.317, 200
18/05/2021 00:00:00, 16.518, 200
19/05/2021 00:00:00, 8.154, 200
20/05/2021 00:00:00, 19.235, 200
21/05/2021 00:00:00, 0, 200
22/05/2021 00:00:00, 15.741, 200
23/05/2021 00:00:00, 16.488, 200
24/05/2021 00:00:00, 10.549, 200
25/05/2021 00:00:00, 4.852, 200
26/05/2021 00:00:00, 10.971, 200
27/05/2021 00:00:00, 25.674, 200
28/05/2021 00:00:00, 28.103, 200
29/05/2021 00:00:00, 26.792, 200
30/05/2021 00:00:00, 24.777, 200
31/05/2021 00:00:00, 20.347, 200
01/06/2021 00:00:00, 14.851, 200
02/06/2021 00:00:00, 11.1, 200
03/06/2021 00:00:00, 26.726, 200
04/06/2021 00:00:00, 29.414, 200
05/06/2021 00:00:00, 20.341, 200
06/06/2021 00:00:00, 8.495, 200
07/06/2021 00:00:00, 19.097, 200
08/06/2021 00:00:00, 7.887, 200
09/06/2021 00:00:00, 18.363, 200
10/06/2021 00:00:00, 32.755, 200
11/06/2021 00:00:00, 18.895, 200
12/06/2021 00:00:00, 22.875, 200
13/06/2021 00:00:00, 15.415, 200
14/06/2021 00:00:00, 5.711, 200
15/06/2021 00:00:00, 13.888, 200
16/06/2021 00:00:00, 10.182, 200
17/06/2021 00:00:00, 15.738, 200
18/06/2021 00:00:00, 15.628, 200
19/06/2021 00:00:00, 9.997, 200
20/06/2021 00:00:00, 10.214, 200
21/06/2021 00:00:00, 4.64, 200
22/06/2021 00:00:00, 4.537, 200
23/06/2021 00:00:00, 9.435, 200
24/06/2021 00:00:00, 19.261, 200
25/06/2021 00:00:00, 9.435, 200
26/06/2021 00:00:00, 5.838, 200
27/06/2021 00:00:00, 4.221, 200
28/06/2021 00:00:00, 6.15, 200
29/06/2021 00:00:00, 9.655, 200
30/06/2021 00:00:00, 4.975, 200
01/07/2021 00:00:00, 0, 200
02/07/2021 00:00:00, 21.021, 200
03/07/2021 00:00:00, 28.516, 200
04/07/2021 00:00:00, 24.324, 200
05/07/2021 00:00:00, 22.416, 200
06/07/2021 00:00:00, 13.084, 200
07/07/2021 00:00:00, 8.335, 200
08/07/2021 00:00:00, 12.725, 200
09/07/2021 00:00:00, 26.363, 200
10/07/2021 00:00:00, 25.455, 200
11/07/2021 00:00:00, 17.416, 200
12/07/2021 00:00:00, 7.193, 200
13/07/2021 00:00:00, 27.2, 200
14/07/2021 00:00:00, 23.329, 200
15/07/2021 00:00:00, 20.18, 200
16/07/2021 00:00:00, 10.093, 200
17/07/2021 00:00:00, 7.389, 200
18/07/2021 00:00:00, 4.911, 200
19/07/2021 00:00:00, 7.793, 200
20/07/2021 00:00:00, 9.498, 200
21/07/2021 00:00:00, 21.503, 200
22/07/2021 00:00:00, 14.267, 200
23/07/2021 00:00:00, 10.546, 200
24/07/2021 00:00:00, 19.205, 200
25/07/2021 00:00:00, 22.63, 200
26/07/2021 00:00:00, 18.528, 200
27/07/2021 00:00:00, 25.381, 200
28/07/2021 00:00:00, 16.743, 200
29/07/2021 00:00:00, 26.146, 200
30/07/2021 00:00:00, 23.003, 200
31/07/2021 00:00:00, 26.289, 200
01/08/2021 00:00:00, 21.269, 200
02/08/2021 00:00:00, 18.316, 200
03/08/2021 00:00:00, 0, 200
04/08/2021 00:00:00, 8.907, 200
05/08/2021 00:00:00, 18.046, 200
06/08/2021 00:00:00, 36.498, 200
07/08/2021 00:00:00, 22.342, 200
08/08/2021 00:00:00, 17.53, 200
09/08/2021 00:00:00, 7.146, 200
10/08/2021 00:00:00, 4.942, 200
11/08/2021 00:00:00, 27.721, 200
12/08/2021 00:00:00, 34.42, 200
13/08/2021 00:00:00, 14.502, 200
14/08/2021 00:00:00, 15.324, 200
15/08/2021 00:00:00, 10.298, 200
16/08/2021 00:00:00, 14.147, 200
17/08/2021 00:00:00, 6.901, 200
18/08/2021 00:00:00, 8.188, 200
19/08/2021 00:00:00, 4.333, 200
20/08/2021 00:00:00, 8.482, 200
21/08/2021 00:00:00, 4.368, 200
22/08/2021 00:00:00, 8.447, 200
23/08/2021 00:00:00, 7.181, 200
24/08/2021 00:00:00, 2.748, 200
25/08/2021 00:00:00, 1.932, 200
26/08/2021 00:00:00, 3.156, 200
27/08/2021 00:00:00, 4.634, 200
28/08/2021 00:00:00, 5.354, 200
29/08/2021 00:00:00, 6.17, 200
30/08/2021 00:00:00, 3.854, 200
31/08/2021 00:00:00, 2.36, 200
01/09/2021 00:00:00, 5.65, 200
02/09/2021 00:00:00, 21.102, 200
03/09/2021 00:00:00, 17.156, 200
04/09/2021 00:00:00, 19.607, 200
05/09/2021 00:00:00, 4.603, 200
06/09/2021 00:00:00, 1.932, 200
07/09/2021 00:00:00, 6.797, 200
08/09/2021 00:00:00, 6.941, 200
09/09/2021 00:00:00, 9.089, 200
10/09/2021 00:00:00, 10.213, 200
11/09/2021 00:00:00, 6.7, 200
12/09/2021 00:00:00, 13.379, 200
13/09/2021 00:00:00, 3.929, 200
14/09/2021 00:00:00, 7.364, 200
15/09/2021 00:00:00, 8.262, 200
16/09/2021 00:00:00, 17.447, 200
17/09/2021 00:00:00, 8.199, 200
18/09/2021 00:00:00, 7.272, 200
19/09/2021 00:00:00, 11.464, 200
20/09/2021 00:00:00, 10.476, 200
21/09/2021 00:00:00, 18.805, 200
22/09/2021 00:00:00, 8.105, 200
23/09/2021 00:00:00, 25.003, 200
24/09/2021 00:00:00, 18.785, 200
25/09/2021 00:00:00, 13.577, 200
26/09/2021 00:00:00, 4.649, 200
27/09/2021 00:00:00, 4.673, 200
28/09/2021 00:00:00, 9.001, 200
29/09/2021 00:00:00, 9.986, 200
30/09/2021 00:00:00, 15.667, 200
01/10/2021 00:00:00, 11.199, 200
02/10/2021 00:00:00, 16.496, 200
03/10/2021 00:00:00, 7.029, 200
04/10/2021 00:00:00, 7.068, 200
05/10/2021 00:00:00, 20.366, 200
06/10/2021 00:00:00, 24.311, 200
07/10/2021 00:00:00, 19.771, 200
08/10/2021 00:00:00, 14.099, 200
09/10/2021 00:00:00, 11.173, 200
10/10/2021 00:00:00, 6.812, 200
11/10/2021 00:00:00, 6.802, 200
12/10/2021 00:00:00, 10.783, 200
13/10/2021 00:00:00, 9.318, 200
14/10/2021 00:00:00, 7.662, 200
15/10/2021 00:00:00, 9.377, 200
16/10/2021 00:00:00, 17.356, 200
17/10/2021 00:00:00, 5.747, 200
18/10/2021 00:00:00, 3.04, 200
19/10/2021 00:00:00, 5.461, 200
20/10/2021 00:00:00, 7.816, 200
21/10/2021 00:00:00, 8.458, 200
22/10/2021 00:00:00, 14.951, 200
23/10/2021 00:00:00, 13.635, 200
24/10/2021 00:00:00, 13.186, 200
25/10/2021 00:00:00, 7.253, 200
26/10/2021 00:00:00, 3.662, 200
27/10/2021 00:00:00, 8.895, 200
28/10/2021 00:00:00, 9.817, 200
29/10/2021 00:00:00, 23.232, 200
30/10/2021 00:00:00, 16.276, 200
31/10/2021 00:00:00, 9.353, 200
01/11/2021 00:00:00, 2.833, 200
02/11/2021 00:00:00, 9.776, 200
03/11/2021 00:00:00, 10.227, 200
04/11/2021 00:00:00, 4.699, 200
05/11/2021 00:00:00, 4.677, 200
06/11/2021 00:00:00, 5.988, 200
07/11/2021 00:00:00, 5.014, 200
08/11/2021 00:00:00, 7.041, 200
09/11/2021 00:00:00, 11.146, 200
10/11/2021 00:00:00, 9.735, 200
11/11/2021 00:00:00, 10.821, 200
12/11/2021 00:00:00, 13.749, 200
13/11/2021 00:00:00, 7.241, 200
14/11/2021 00:00:00, 3.649, 200
15/11/2021 00:00:00, 2.629, 200
16/11/2021 00:00:00, 6.115, 200
17/11/2021 00:00:00, 5.827, 200
18/11/2021 00:00:00, 7.326, 200
19/11/2021 00:00:00, 12.889, 200
20/11/2021 00:00:00, 13.695, 200
21/11/2021 00:00:00, 4.666, 200
22/11/2021 00:00:00, 3.952, 200
23/11/2021 00:00:00, 8.093, 200
24/11/2021 00:00:00, 6.75, 200
25/11/2021 00:00:00, 10.057, 200
26/11/2021 00:00:00, 12.803, 200
27/11/2021 00:00:00, 6.605, 200
28/11/2021 00:00:00, 5.088, 200
29/11/2021 00:00:00, 4.813, 200
30/11/2021 00:00:00, 9.596, 200
01/12/2021 00:00:00, 9.636, 200
02/12/2021 00:00:00, 7.057, 200
03/12/2021 00:00:00, 13.327, 200
04/12/2021 00:00:00, 10.191, 200
05/12/2021 00:00:00, 6.2, 200
06/12/2021 00:00:00, 2.7, 200
07/12/2021 00:00:00, 4.389, 200
08/12/2021 00:00:00, 9.747, 200
09/12/2021 00:00:00, 8.762, 200
10/12/2021 00:00:00, 5.288, 200
11/12/2021 00:00:00, 10.855, 200
12/12/2021 00:00:00, 3.633, 200
13/12/2021 00:00:00, 3.837, 200
14/12/2021 00:00:00, 17.9, 200
15/12/2021 00:00:00, 6.083, 200
16/12/2021 00:00:00, 8.058, 200
17/12/2021 00:00:00, 10.184, 200
18/12/2021 00:00:00, 9.662, 200
19/12/2021 00:00:00, 6.733, 200
20/12/2021 00:00:00, 5.497, 200
21/12/2021 00:00:00, 4.654, 200
22/12/2021 00:00:00, 5.414, 200
23/12/2021 00:00:00, 5.552, 200
24/12/2021 00:00:00, 6.524, 200
25/12/2021 00:00:00, 6.724, 200
26/12/2021 00:00:00, 1.856, 200
27/12/2021 00:00:00, 2.64, 200
28/12/2021 00:00:00, 1.802, 200
29/12/2021 00:00:00, 3.504, 200
30/12/2021 00:00:00, 3.78, 200
31/12/2021 00:00:00, 5.763, 200
01/01/2022 00:00:00, 5.407, 200
02/01/2022 00:00:00, 5.104, 200
03/01/2022 00:00:00, 6.913, 200
04/01/2022 00:00:00, 4.332, 200
05/01/2022 00:00:00, 5.534, 200
06/01/2022 00:00:00, 3.05, 200
07/01/2022 00:00:00, 3.402, 200
08/01/2022 00:00:00, 3.707, 200
09/01/2022 00:00:00, 5.359, 200
10/01/2022 00:00:00, 2.445, 200
11/01/2022 00:00:00, 5.821, 200
12/01/2022 00:00:00, 7.107, 200
13/01/2022 00:00:00, 7.531, 200
14/01/2022 00:00:00, 4.032, 200
15/01/2022 00:00:00, 5.512, 200
16/01/2022 00:00:00, 4.733, 200
17/01/2022 00:00:00, 5.096, 200
18/01/2022 00:00:00, 8.797, 200
19/01/2022 00:00:00, 6.375, 200
20/01/2022 00:00:00, 6.896, 200
21/01/2022 00:00:00, 5.662, 200
22/01/2022 00:00:00, 8.924, 200
23/01/2022 00:00:00, 7.366, 200
24/01/2022 00:00:00, 3.811, 200
25/01/2022 00:00:00, 5.712, 200
26/01/2022 00:00:00, 12.066, 200
27/01/2022 00:00:00, 9.976, 200
28/01/2022 00:00:00, 4.406, 200
29/01/2022 00:00:00, 7.621, 200
30/01/2022 00:00:00, 8.879, 200
31/01/2022 00:00:00, 3.778, 200
01/02/2022 00:00:00, 11.882, 200
02/02/2022 00:00:00, 10.965, 200
03/02/2022 00:00:00, 6.936, 200
04/02/2022 00:00:00, 5.144, 200
05/02/2022 00:00:00, 7.958, 200
06/02/2022 00:00:00, 4.551, 200
07/02/2022 00:00:00, 1.96, 200
08/02/2022 00:00:00, 2.769, 200
09/02/2022 00:00:00, 6.817, 200
10/02/2022 00:00:00, 16.278, 200
11/02/2022 00:00:00, 7.875, 200
12/02/2022 00:00:00, 8.931, 200
13/02/2022 00:00:00, 8.477, 200
14/02/2022 00:00:00, 1.662, 200
15/02/2022 00:00:00, 6.483, 200
16/02/2022 00:00:00, 14.383, 200
17/02/2022 00:00:00, 9.796, 200
18/02/2022 00:00:00, 11.101, 200
19/02/2022 00:00:00, 12.451, 200
20/02/2022 00:00:00, 4.569, 200
21/02/2022 00:00:00, 3.35, 200
22/02/2022 00:00:00, 9.786, 200
23/02/2022 00:00:00, 8.114, 200
24/02/2022 00:00:00, 6.732, 200
25/02/2022 00:00:00, 7.288, 200
26/02/2022 00:00:00, 10.242, 200
27/02/2022 00:00:00, 8.36, 200
28/02/2022 00:00:00, 2.594, 200
01/03/2022 00:00:00, 6.914, 200
02/03/2022 00:00:00, 9.2, 200
03/03/2022 00:00:00, 6.216, 200
04/03/2022 00:00:00, 12.223, 200
05/03/2022 00:00:00, 14.165, 200
06/03/2022 00:00:00, 10.274, 200
07/03/2022 00:00:00, 3.559, 200
08/03/2022 00:00:00, 8.777, 200
09/03/2022 00:00:00, 9.557, 200
10/03/2022 00:00:00, 8.032, 200
11/03/2022 00:00:00, 14.108, 200
12/03/2022 00:00:00, 8.046, 200
13/03/2022 00:00:00, 5.08, 200
14/03/2022 00:00:00, 1.997, 200
15/03/2022 00:00:00, 5.66, 200
16/03/2022 00:00:00, 4.993, 200
17/03/2022 00:00:00, 0, 200
18/03/2022 00:00:00, 6.696, 200
19/03/2022 00:00:00, 10.429, 200
20/03/2022 00:00:00, 11.527, 200
21/03/2022 00:00:00, 9.89, 200
22/03/2022 00:00:00, 17.808, 200
23/03/2022 00:00:00, 14.92, 200
24/03/2022 00:00:00, 20.416, 200
25/03/2022 00:00:00, 10.313, 200
26/03/2022 00:00:00, 3.45, 200
27/03/2022 00:00:00, 3.516, 200
28/03/2022 00:00:00, 2.271, 200
29/03/2022 00:00:00, 6.46, 200
30/03/2022 00:00:00, 7.621, 200
31/03/2022 00:00:00, 9.469, 200
01/04/2022 00:00:00, 17.611, 200
02/04/2022 00:00:00, 7.305, 200
03/04/2022 00:00:00, 0, 200
04/04/2022 00:00:00, 9.949, 200
05/04/2022 00:00:00, 14.366, 200
06/04/2022 00:00:00, 7.679, 200
07/04/2022 00:00:00, 8.783, 200
08/04/2022 00:00:00, 10.143, 200
09/04/2022 00:00:00, 19.202, 200
10/04/2022 00:00:00, 9.733, 200
11/04/2022 00:00:00, 13.532, 200
12/04/2022 00:00:00, 8.688, 200
13/04/2022 00:00:00, 9.38, 200
14/04/2022 00:00:00, 4.329, 200
15/04/2022 00:00:00, 9.785, 200
16/04/2022 00:00:00, 7.845, 200
17/04/2022 00:00:00, 3.76, 200
18/04/2022 00:00:00, 0, 200
19/04/2022 00:00:00, 8.526, 200
20/04/2022 00:00:00, 19.44, 200
21/04/2022 00:00:00, 14.406, 200
22/04/2022 00:00:00, 5.995, 200
23/04/2022 00:00:00, 8.126, 200
24/04/2022 00:00:00, 9.306, 200
25/04/2022 00:00:00, 8.231, 200
26/04/2022 00:00:00, 6.225, 200
27/04/2022 00:00:00, 17.334, 200
28/04/2022 00:00:00, 11.794, 200
29/04/2022 00:00:00, 16.889, 200
30/04/2022 00:00:00, 20.624, 200
01/05/2022 00:00:00, 15.904, 200
02/05/2022 00:00:00, 1.695, 200
03/05/2022 00:00:00, 9.574, 200
04/05/2022 00:00:00, 19.182, 200
05/05/2022 00:00:00, 20.543, 200
06/05/2022 00:00:00, 15.696, 200
07/05/2022 00:00:00, 18.296, 200
08/05/2022 00:00:00, 12.669, 200
09/05/2022 00:00:00, 1.159, 200
10/05/2022 00:00:00, 10.234, 200
11/05/2022 00:00:00, 6.463, 200
12/05/2022 00:00:00, 18.657, 200
13/05/2022 00:00:00, 21.741, 200
14/05/2022 00:00:00, 16.924, 200
15/05/2022 00:00:00, 3.762, 200
16/05/2022 00:00:00, 16.956, 200
17/05/2022 00:00:00, 17.323, 200
18/05/2022 00:00:00, 8.85, 200
19/05/2022 00:00:00, 13.79, 200
20/05/2022 00:00:00, 5.117, 200
21/05/2022 00:00:00, 9.746, 200
22/05/2022 00:00:00, 5.166, 200
23/05/2022 00:00:00, 10.992, 200
25/05/2022 00:00:00, 0, 200
26/05/2022 00:00:00, 21.827, 200
27/05/2022 00:00:00, 13.589, 200
28/05/2022 00:00:00, 21.324, 200
29/05/2022 00:00:00, 14.133, 200
30/05/2022 00:00:00, 19.916, 200
31/05/2022 00:00:00, 29.844, 200
01/06/2022 00:00:00, 8.658, 200
02/06/2022 00:00:00, 8.004, 200
03/06/2022 00:00:00, 17.902, 200
04/06/2022 00:00:00, 9.972, 200
05/06/2022 00:00:00, 12.54, 200
06/06/2022 00:00:00, 21.07, 200
07/06/2022 00:00:00, 6.503, 200
08/06/2022 00:00:00, 17.603, 200
09/06/2022 00:00:00, 10.845, 200
10/06/2022 00:00:00, 14.259, 200
11/06/2022 00:00:00, 9.305, 200
12/06/2022 00:00:00, 5.9, 200
13/06/2022 00:00:00, 4.739, 200
14/06/2022 00:00:00, 11.887, 200
15/06/2022 00:00:00, 16.483, 200
16/06/2022 00:00:00, 10.647, 200
17/06/2022 00:00:00, 13.615, 200
18/06/2022 00:00:00, 20.951, 200
19/06/2022 00:00:00, 16.382, 200
20/06/2022 00:00:00, 5.289, 200
21/06/2022 00:00:00, 6.904, 200
22/06/2022 00:00:00, 8.882, 200
23/06/2022 00:00:00, 18.099, 200
24/06/2022 00:00:00, 30.031, 200
25/06/2022 00:00:00, 17.169, 200
26/06/2022 00:00:00, 9.09, 200
27/06/2022 00:00:00, 13.34, 200
28/06/2022 00:00:00, 16.282, 200
29/06/2022 00:00:00, 21.783, 200
30/06/2022 00:00:00, 22.997, 200
01/07/2022 00:00:00, 22.317, 200
02/07/2022 00:00:00, 22.75, 200
03/07/2022 00:00:00, 22.189, 200
04/07/2022 00:00:00, 19.375, 200
05/07/2022 00:00:00, 26.365, 200
06/07/2022 00:00:00, 13.817, 200
07/07/2022 00:00:00, 21.035, 200
08/07/2022 00:00:00, 32.893, 200
09/07/2022 00:00:00, 20.545, 200
10/07/2022 00:00:00, 6.771, 200
11/07/2022 00:00:00, 5.942, 200
12/07/2022 00:00:00, 24.113, 200
13/07/2022 00:00:00, 16.574, 200
14/07/2022 00:00:00, 7.347, 200
15/07/2022 00:00:00, 12.894, 200
16/07/2022 00:00:00, 16.812, 200
17/07/2022 00:00:00, 19.811, 200
18/07/2022 00:00:00, 11.389, 200
19/07/2022 00:00:00, 5.809, 200
20/07/2022 00:00:00, 14.2, 200
21/07/2022 00:00:00, 21.408, 200
22/07/2022 00:00:00, 6.144, 200
23/07/2022 00:00:00, 7.377, 200
24/07/2022 00:00:00, 15.351, 200
25/07/2022 00:00:00, 17.114, 200
26/07/2022 00:00:00, 27.728, 200
27/07/2022 00:00:00, 30.477, 200
28/07/2022 00:00:00, 15.858, 200
29/07/2022 00:00:00, 15.924, 200
30/07/2022 00:00:00, 15.528, 200
31/07/2022 00:00:00, 11.388, 200
01/08/2022 00:00:00, 10.796, 200
02/08/2022 00:00:00, 18.953, 200
03/08/2022 00:00:00, 6.635, 200
04/08/2022 00:00:00, 9.014, 200
05/08/2022 00:00:00, 14.821, 200
06/08/2022 00:00:00, 9.767, 200
07/08/2022 00:00:00, 4.126, 200
08/08/2022 00:00:00, 3.78, 200
09/08/2022 00:00:00, 4.641, 200
10/08/2022 00:00:00, 6.224, 200
11/08/2022 00:00:00, 10.514, 200
12/08/2022 00:00:00, 11.828, 200
13/08/2022 00:00:00, 24.489, 200
14/08/2022 00:00:00, 20.825, 200
15/08/2022 00:00:00, 14.732, 200
16/08/2022 00:00:00, 24.931, 200
17/08/2022 00:00:00, 21.181, 200
18/08/2022 00:00:00, 14.495, 200
19/08/2022 00:00:00, 17.95, 200
20/08/2022 00:00:00, 10.65, 200
21/08/2022 00:00:00, 4.738, 200
22/08/2022 00:00:00, 2.834, 200
23/08/2022 00:00:00, 16.255, 200
24/08/2022 00:00:00, 18.477, 200
25/08/2022 00:00:00, 8.304, 200
26/08/2022 00:00:00, 24.463, 200
27/08/2022 00:00:00, 7.496, 200
28/08/2022 00:00:00, 7.666, 200
29/08/2022 00:00:00, 5.569, 200
30/08/2022 00:00:00, 17.667, 200
31/08/2022 00:00:00, 22.508, 200
01/09/2022 00:00:00, 16.025, 200
02/09/2022 00:00:00, 10.538, 200
03/09/2022 00:00:00, 9.069, 200
04/09/2022 00:00:00, 7.042, 200
05/09/2022 00:00:00, 5.101, 200
06/09/2022 00:00:00, 17.852, 200
07/09/2022 00:00:00, 14.304, 200
08/09/2022 00:00:00, 21.995, 200
09/09/2022 00:00:00, 21.598, 200
10/09/2022 00:00:00, 20.695, 200
11/09/2022 00:00:00, 15.739, 200
12/09/2022 00:00:00, 14.011, 200
13/09/2022 00:00:00, 25.008, 200
14/09/2022 00:00:00, 10.807, 200
15/09/2022 00:00:00, 11.12, 200
16/09/2022 00:00:00, 22.549, 200
17/09/2022 00:00:00, 20.477, 200
18/09/2022 00:00:00, 15.333, 200
19/09/2022 00:00:00, 12.132, 200
20/09/2022 00:00:00, 11.487, 200
21/09/2022 00:00:00, 11.415, 200
22/09/2022 00:00:00, 14.905, 200
23/09/2022 00:00:00, 9.131, 200
24/09/2022 00:00:00, 8.083, 200
25/09/2022 00:00:00, 6.028, 200
26/09/2022 00:00:00, 6.88, 200
27/09/2022 00:00:00, 13.023, 200
28/09/2022 00:00:00, 16.561, 200
29/09/2022 00:00:00, 14.04, 200
30/09/2022 00:00:00, 10.238, 200
01/10/2022 00:00:00, 9.104, 200
02/10/2022 00:00:00, 10.672, 200
03/10/2022 00:00:00, 4.451, 200
04/10/2022 00:00:00, 12.287, 200
05/10/2022 00:00:00, 15.516, 200
06/10/2022 00:00:00, 10.944, 200
07/10/2022 00:00:00, 8.355, 200
08/10/2022 00:00:00, 10.598, 200
09/10/2022 00:00:00, 11.352, 200
10/10/2022 00:00:00, 4.987, 200
11/10/2022 00:00:00, 9.183, 200
12/10/2022 00:00:00, 10.502, 200
13/10/2022 00:00:00, 15.329, 200
14/10/2022 00:00:00, 11.471, 200
15/10/2022 00:00:00, 9.592, 200
16/10/2022 00:00:00, 14.88, 200
17/10/2022 00:00:00, 9.356, 200
18/10/2022 00:00:00, 11.787, 200
19/10/2022 00:00:00, 11.78, 200
20/10/2022 00:00:00, 15.147, 200
21/10/2022 00:00:00, 12.713, 200
22/10/2022 00:00:00, 7.902, 200
23/10/2022 00:00:00, 12.85, 200
24/10/2022 00:00:00, 8.242, 200
25/10/2022 00:00:00, 4.746, 200
26/10/2022 00:00:00, 13.314, 200
27/10/2022 00:00:00, 10.516, 200
28/10/2022 00:00:00, 9.563, 200
29/10/2022 00:00:00, 11.815, 200
30/10/2022 00:00:00, 5.963, 200
31/10/2022 00:00:00, 4.665, 200
01/11/2022 00:00:00, 10.714, 200
02/11/2022 00:00:00, 7.488, 200
03/11/2022 00:00:00, 8.369, 200
04/11/2022 00:00:00, 6.624, 200
05/11/2022 00:00:00, 7.307, 200
06/11/2022 00:00:00, 10.7, 200
07/11/2022 00:00:00, 12.092, 200
08/11/2022 00:00:00, 11.419, 200
09/11/2022 00:00:00, 12.381, 200
10/11/2022 00:00:00, 15.67, 200
11/11/2022 00:00:00, 6.525, 200
12/11/2022 00:00:00, 15.501, 200
13/11/2022 00:00:00, 10.085, 200
14/11/2022 00:00:00, 8.182, 200
15/11/2022 00:00:00, 11.489, 200
16/11/2022 00:00:00, 17.04, 200
17/11/2022 00:00:00, 10.917, 200
18/11/2022 00:00:00, 21.51, 200
19/11/2022 00:00:00, 18.259, 200
20/11/2022 00:00:00, 9.962, 200
21/11/2022 00:00:00, 7.556, 200
22/11/2022 00:00:00, 8.268, 200
23/11/2022 00:00:00, 7.962, 200
24/11/2022 00:00:00, 8.213, 200
25/11/2022 00:00:00, 8.83, 200
26/11/2022 00:00:00, 11.644, 200
27/11/2022 00:00:00, 5.056, 200
28/11/2022 00:00:00, 7.777, 200
29/11/2022 00:00:00, 6.748, 200
30/11/2022 00:00:00, 6.045, 200
01/12/2022 00:00:00, 5.494, 200
02/12/2022 00:00:00, 8.296, 200
03/12/2022 00:00:00, 7.311, 200
04/12/2022 00:00:00, 5.292, 200
05/12/2022 00:00:00, 7.825, 200
06/12/2022 00:00:00, 7.611, 200
07/12/2022 00:00:00, 7.08, 200
08/12/2022 00:00:00, 5.219, 200
09/12/2022 00:00:00, 13.303, 200
10/12/2022 00:00:00, 18.636, 200
11/12/2022 00:00:00, 4.851, 200
12/12/2022 00:00:00, 3.762, 200
13/12/2022 00:00:00, 6.649, 200
14/12/2022 00:00:00, 11.709, 200
15/12/2022 00:00:00, 9.236, 200
16/12/2022 00:00:00, 14.275, 200
17/12/2022 00:00:00, 7.368, 200
18/12/2022 00:00:00, 8.254, 200
19/12/2022 00:00:00, 4.695, 200
20/12/2022 00:00:00, 6.375, 200
21/12/2022 00:00:00, 7.326, 200
22/12/2022 00:00:00, 4.094, 200
23/12/2022 00:00:00, 5.036, 200
24/12/2022 00:00:00, 8.261, 200
25/12/2022 00:00:00, 4.827, 200
26/12/2022 00:00:00, 3.259, 200
27/12/2022 00:00:00, 3.705, 200
28/12/2022 00:00:00, 3.225, 200
29/12/2022 00:00:00, 3.967, 200
30/12/2022 00:00:00, 4.155, 200
31/12/2022 00:00:00, 3.795, 200
01/01/2023 00:00:00, 1.654, 200
02/01/2023 00:00:00, -0.658, 200
03/01/2023 00:00:00, 1.155, 200
04/01/2023 00:00:00, 3.557, 200
05/01/2023 00:00:00, 8.669, 200
06/01/2023 00:00:00, 10.279, 200
07/01/2023 00:00:00, 6.881, 200
08/01/2023 00:00:00, 0.502, 200
09/01/2023 00:00:00, -0.911, 200
10/01/2023 00:00:00, 2.536, 200
11/01/2023 00:00:00, 5.705, 200
12/01/2023 00:00:00, 1.518, 200
13/01/2023 00:00:00, 0.786, 200
14/01/2023 00:00:00, 3.283, 200
15/01/2023 00:00:00, 2.184, 200
16/01/2023 00:00:00, 2.811, 200
17/01/2023 00:00:00, 5.826, 200
18/01/2023 00:00:00, 5.353, 200
19/01/2023 00:00:00, 5.043, 200
20/01/2023 00:00:00, 8.085, 200
21/01/2023 00:00:00, 5.591, 200
22/01/2023 00:00:00, 2.321, 200
23/01/2023 00:00:00, 3.818, 200
24/01/2023 00:00:00, 0.463, 200
25/01/2023 00:00:00, 7.451, 200
26/01/2023 00:00:00, 7.807, 200
27/01/2023 00:00:00, 4.449, 200
28/01/2023 00:00:00, 12.492, 200
29/01/2023 00:00:00, 0.233, 200
30/01/2023 00:00:00, 8.717, 200
31/01/2023 00:00:00, 6.189, 200
01/02/2023 00:00:00, 12.998, 200
02/02/2023 00:00:00, 14.194, 200
03/02/2023 00:00:00, 6.241, 200
04/02/2023 00:00:00, 4.147, 200
05/02/2023 00:00:00, 0.638, 200
06/02/2023 00:00:00, -0.081, 200
07/02/2023 00:00:00, 1.915, 200
08/02/2023 00:00:00, 6.25, 200
09/02/2023 00:00:00, 7.613, 200
10/02/2023 00:00:00, 4.488, 200
11/02/2023 00:00:00, 10.916, 200
12/02/2023 00:00:00, 5.764, 200
13/02/2023 00:00:00, 3.281, 200
14/02/2023 00:00:00, 4.831, 200
15/02/2023 00:00:00, -0.199, 200
16/02/2023 00:00:00, 0.865, 200
17/02/2023 00:00:00, 1.037, 200
18/02/2023 00:00:00, 3.053, 200
19/02/2023 00:00:00, 6.416, 200
20/02/2023 00:00:00, 6.953, 200
21/02/2023 00:00:00, 6.886, 200
22/02/2023 00:00:00, 3.452, 200
23/02/2023 00:00:00, 3.646, 200
24/02/2023 00:00:00, 2.347, 200
25/02/2023 00:00:00, 1.8, 200
26/02/2023 00:00:00, 1.034, 200
27/02/2023 00:00:00, 2.149, 200
28/02/2023 00:00:00, 7.038, 200
01/03/2023 00:00:00, 4.904, 200
02/03/2023 00:00:00, 8.13, 200
03/03/2023 00:00:00, 5.418, 200
04/03/2023 00:00:00, 6.865, 200
05/03/2023 00:00:00, 3.522, 200
06/03/2023 00:00:00, 1.11, 200
07/03/2023 00:00:00, 3.979, 200
08/03/2023 00:00:00, 10.296, 200
09/03/2023 00:00:00, 5.54, 200
10/03/2023 00:00:00, 2.155, 200
11/03/2023 00:00:00, 7.766, 200
12/03/2023 00:00:00, 8.458, 200
13/03/2023 00:00:00, 4.074, 200
14/03/2023 00:00:00, 2.492, 200
15/03/2023 00:00:00, 11.611, 200
16/03/2023 00:00:00, 11.137, 200
17/03/2023 00:00:00, 11.212, 200
18/03/2023 00:00:00, 1.946, 200
19/03/2023 00:00:00, 3.923, 200
20/03/2023 00:00:00, 9.019, 200
21/03/2023 00:00:00, 4.394, 200
22/03/2023 00:00:00, 3.696, 200
23/03/2023 00:00:00, 3.714, 200
24/03/2023 00:00:00, 6.248, 200
25/03/2023 00:00:00, 11.566, 200
26/03/2023 00:00:00, 0.968, 200
27/03/2023 00:00:00, 3.55, 200
28/03/2023 00:00:00, 5.184, 200
29/03/2023 00:00:00, 3.17, 200
30/03/2023 00:00:00, 1.041, 200
31/03/2023 00:00:00, 2.038, 200
01/04/2023 00:00:00, 10.207, 200
02/04/2023 00:00:00, 3.754, 200
03/04/2023 00:00:00, 1.138, 200
04/04/2023 00:00:00, 5.756, 200
05/04/2023 00:00:00, 13.944, 200
06/04/2023 00:00:00, 10.095, 200
07/04/2023 00:00:00, 4.509, 200
08/04/2023 00:00:00, 1.689, 200
09/04/2023 00:00:00, 5.226, 200
10/04/2023 00:00:00, 11.464, 200
11/04/2023 00:00:00, 5.576, 200
12/04/2023 00:00:00, 4.546, 200
13/04/2023 00:00:00, 9.292, 200
14/04/2023 00:00:00, 6.284, 200
15/04/2023 00:00:00, 4.005, 200
16/04/2023 00:00:00, 10.182, 200
17/04/2023 00:00:00, 11.424, 200
18/04/2023 00:00:00, 12.653, 200
19/04/2023 00:00:00, 13.452, 200
20/04/2023 00:00:00, 9.526, 200
21/04/2023 00:00:00, 10.996, 200
22/04/2023 00:00:00, 20.624, 200
23/04/2023 00:00:00, 5.193, 200
24/04/2023 00:00:00, 3.918, 200
25/04/2023 00:00:00, 2.3, 200
26/04/2023 00:00:00, 9.357, 200
27/04/2023 00:00:00, 6.44, 200
28/04/2023 00:00:00, 15.238, 200
29/04/2023 00:00:00, 20.387, 200
30/04/2023 00:00:00, 14.623, 200
01/05/2023 00:00:00, 16.148, 200
02/05/2023 00:00:00, 24.468, 200
03/05/2023 00:00:00, 12.269, 200
04/05/2023 00:00:00, 8.324, 200
05/05/2023 00:00:00, 20.499, 200
06/05/2023 00:00:00, 20.827, 200
07/05/2023 00:00:00, 7.057, 200
08/05/2023 00:00:00, 9.833, 200
09/05/2023 00:00:00, 13.466, 200
10/05/2023 00:00:00, 9.561, 200
11/05/2023 00:00:00, 5.381, 200
12/05/2023 00:00:00, 4.377, 200
13/05/2023 00:00:00, 14.873, 200
14/05/2023 00:00:00, 13.596, 200
15/05/2023 00:00:00, 6.429, 200
16/05/2023 00:00:00, 7.308, 200
17/05/2023 00:00:00, 0, 200
18/05/2023 00:00:00, 15.274, 200
19/05/2023 00:00:00, 15.607, 200
20/05/2023 00:00:00, 20.067, 200
21/05/2023 00:00:00, 9.373, 200
22/05/2023 00:00:00, 8.351, 200
23/05/2023 00:00:00, 15.784, 200
24/05/2023 00:00:00, 23.33, 200
25/05/2023 00:00:00, 12.115, 200
26/05/2023 00:00:00, 22.197, 200
27/05/2023 00:00:00, 6.47, 200
28/05/2023 00:00:00, 5.063, 200
29/05/2023 00:00:00, 15.231, 200
30/05/2023 00:00:00, 20.67, 200
31/05/2023 00:00:00, 6.714, 200
01/06/2023 00:00:00, 14.105, 200
02/06/2023 00:00:00, 6.367, 200
03/06/2023 00:00:00, 9.888, 200
04/06/2023 00:00:00, 17.102, 200
05/06/2023 00:00:00, 7.523, 200
06/06/2023 00:00:00, 2.189, 200
07/06/2023 00:00:00, 2.659, 200
08/06/2023 00:00:00, 6.979, 200
09/06/2023 00:00:00, 8.437, 200
10/06/2023 00:00:00, 12.696, 200
11/06/2023 00:00:00, 14.112, 200
12/06/2023 00:00:00, 12.101, 200
13/06/2023 00:00:00, 10.408, 200
14/06/2023 00:00:00, 8.768, 200
15/06/2023 00:00:00, 11.37, 200
16/06/2023 00:00:00, 17.838, 200
17/06/2023 00:00:00, 16.176, 200
18/06/2023 00:00:00, 10.15, 200
19/06/2023 00:00:00, 6.366, 200
20/06/2023 00:00:00, 19.887, 200
21/06/2023 00:00:00, 18.829, 200
22/06/2023 00:00:00, 21.387, 200
23/06/2023 00:00:00, 0, 200
24/06/2023 00:00:00, 12.731, 200
25/06/2023 00:00:00, 13.004, 200
26/06/2023 00:00:00, 11.091, 200
27/06/2023 00:00:00, 20.565, 200
28/06/2023 00:00:00, 0, 200
29/06/2023 00:00:00, 17.885, 200
30/06/2023 00:00:00, 0, 200
01/07/2023 00:00:00, 16.715, 200
02/07/2023 00:00:00, 1.685, 200
03/07/2023 00:00:00, -0.165, 200
04/07/2023 00:00:00, 2.848, 200
05/07/2023 00:00:00, 10.713, 200
06/07/2023 00:00:00, 21.298, 200
07/07/2023 00:00:00, 10.01, 200
08/07/2023 00:00:00, 22.392, 200
09/07/2023 00:00:00, 13.691, 200
10/07/2023 00:00:00, 15.115, 200
11/07/2023 00:00:00, 16.848, 200
12/07/2023 00:00:00, 11.653, 200
13/07/2023 00:00:00, 5.63, 200
14/07/2023 00:00:00, 11.396, 200
15/07/2023 00:00:00, 3.776, 200
16/07/2023 00:00:00, 7.651, 200
17/07/2023 00:00:00, -1.2, 200
18/07/2023 00:00:00, 14.169, 200
19/07/2023 00:00:00, 16.888, 200
20/07/2023 00:00:00, 2.383, 200
21/07/2023 00:00:00, 5.056, 200
22/07/2023 00:00:00, 0.357, 200
23/07/2023 00:00:00, -1.969, 200
24/07/2023 00:00:00, 5.72, 200
25/07/2023 00:00:00, 2.547, 200
26/07/2023 00:00:00, 13.525, 200
27/07/2023 00:00:00, 2.445, 200
28/07/2023 00:00:00, 4.41, 200
29/07/2023 00:00:00, 3.402, 200
30/07/2023 00:00:00, 12.625, 200
31/07/2023 00:00:00, 11.774, 200
01/08/2023 00:00:00, 5.3, 200
02/08/2023 00:00:00, -0.083, 200
03/08/2023 00:00:00, 0.199, 200
04/08/2023 00:00:00, -0.643, 200
05/08/2023 00:00:00, 15.395, 200
06/08/2023 00:00:00, 4.407, 200
07/08/2023 00:00:00, 10.013, 200
08/08/2023 00:00:00, 11.286, 200
09/08/2023 00:00:00, 9.35, 200
10/08/2023 00:00:00, 15.538, 200
11/08/2023 00:00:00, 2.007, 200
12/08/2023 00:00:00, 7.903, 200
13/08/2023 00:00:00, 8.078, 200
14/08/2023 00:00:00, -2.021, 200
15/08/2023 00:00:00, 5.052, 200
16/08/2023 00:00:00, 4.771, 200
17/08/2023 00:00:00, 15.488, 200
18/08/2023 00:00:00, 6.45, 200
19/08/2023 00:00:00, 12.113, 200
20/08/2023 00:00:00, 4.688, 200
21/08/2023 00:00:00, -2.137, 200
22/08/2023 00:00:00, -1.101, 200
23/08/2023 00:00:00, 6.173, 200
24/08/2023 00:00:00, 18.286, 200
25/08/2023 00:00:00, 17.884, 200
26/08/2023 00:00:00, 15.87, 200
27/08/2023 00:00:00, 14.253, 200
28/08/2023 00:00:00, 2.783, 200
29/08/2023 00:00:00, 6.849, 200
30/08/2023 00:00:00, 21.334, 200
31/08/2023 00:00:00, 17.222, 200
01/09/2023 00:00:00, 9.865, 200
02/09/2023 00:00:00, 5.411, 200
03/09/2023 00:00:00, 8.581, 200
04/09/2023 00:00:00, 9.095, 200
05/09/2023 00:00:00, 15.937, 200
06/09/2023 00:00:00, 21.367, 200
07/09/2023 00:00:00, 4.584, 200
08/09/2023 00:00:00, 10.935, 200
09/09/2023 00:00:00, 17.164, 200
10/09/2023 00:00:00, 9.298, 200
11/09/2023 00:00:00, 4.635, 200
12/09/2023 00:00:00, 6.36, 200
13/09/2023 00:00:00, 6.988, 200
14/09/2023 00:00:00, 14.397, 200
15/09/2023 00:00:00, 4.419, 200
16/09/2023 00:00:00, 6.38, 200
17/09/2023 00:00:00, 5.474, 200
18/09/2023 00:00:00, -1.027, 200
19/09/2023 00:00:00, 5.575, 200
20/09/2023 00:00:00, 4.527, 200
21/09/2023 00:00:00, 4.765, 200
22/09/2023 00:00:00, 5.82, 200
23/09/2023 00:00:00, 5.116, 200
24/09/2023 00:00:00, 3.639, 200
25/09/2023 00:00:00, 0.161, 200
26/09/2023 00:00:00, 4.421, 200
28/09/2023 00:00:00, 0, 200
29/09/2023 00:00:00, 21.518, 200
30/09/2023 00:00:00, 11.718, 200
01/10/2023 00:00:00, 6.013, 200
02/10/2023 00:00:00, 8.566, 200
03/10/2023 00:00:00, 5.397, 200
04/10/2023 00:00:00, 7.392, 200
05/10/2023 00:00:00, 17.359, 200
06/10/2023 00:00:00, 13.852, 200
07/10/2023 00:00:00, 11.676, 200
08/10/2023 00:00:00, 6.461, 200
09/10/2023 00:00:00, 4.931, 200
10/10/2023 00:00:00, 18.95, 200
11/10/2023 00:00:00, 19.279, 200
13/10/2023 00:00:00, 0, 200
14/10/2023 00:00:00, 8.895, 200
15/10/2023 00:00:00, 3.85, 200
16/10/2023 00:00:00, 2.77, 200
17/10/2023 00:00:00, 10.496, 200
18/10/2023 00:00:00, 7.518, 200
19/10/2023 00:00:00, 16.876, 200
20/10/2023 00:00:00, 12.222, 200
21/10/2023 00:00:00, 14.131, 200
22/10/2023 00:00:00, 5.467, 200
23/10/2023 00:00:00, 4.285, 200
24/10/2023 00:00:00, 10.035, 200
25/10/2023 00:00:00, 5.938, 200
26/10/2023 00:00:00, 2.685, 200
27/10/2023 00:00:00, 1.683, 200
28/10/2023 00:00:00, 3.518, 200
29/10/2023 00:00:00, 6.706, 200
30/10/2023 00:00:00, 6.746, 200
31/10/2023 00:00:00, 9.337, 200
01/11/2023 00:00:00, 10.885, 200
02/11/2023 00:00:00, 7.524, 200
03/11/2023 00:00:00, 9.405, 200
04/11/2023 00:00:00, 10.272, 200
05/11/2023 00:00:00, 1.61, 200
06/11/2023 00:00:00, 1.595, 200
07/11/2023 00:00:00, 1.452, 200
08/11/2023 00:00:00, 1.578, 200
09/11/2023 00:00:00, 4.916, 200
10/11/2023 00:00:00, 2.9, 200
11/11/2023 00:00:00, 3.351, 200
12/11/2023 00:00:00, 5.432, 200
13/11/2023 00:00:00, 1.429, 200
17/11/2023 00:00:00, 0, 200
18/11/2023 00:00:00, 3.565, 200
19/11/2023 00:00:00, 4.693, 200
20/11/2023 00:00:00, 1.448, 200
21/11/2023 00:00:00, 0.879, 200
22/11/2023 00:00:00, 4.698, 200
23/11/2023 00:00:00, 10.662, 200
24/11/2023 00:00:00, 5.504, 200
25/11/2023 00:00:00, 1.408, 200
26/11/2023 00:00:00, 1.42, 200
27/11/2023 00:00:00, 0, 200
28/11/2023 00:00:00, 8.972, 200
29/11/2023 00:00:00, 3.312, 200
30/11/2023 00:00:00, 5.906, 200
01/12/2023 00:00:00, 10.473, 200
02/12/2023 00:00:00, 7.167, 200
03/12/2023 00:00:00, 5.805, 200
04/12/2023 00:00:00, 2.206, 200
05/12/2023 00:00:00, 5.226, 200
06/12/2023 00:00:00, 8.978, 200
07/12/2023 00:00:00, 9.105, 200
08/12/2023 00:00:00, 7.652, 200
09/12/2023 00:00:00, 8.794, 200
10/12/2023 00:00:00, 3.815, 200
11/12/2023 00:00:00, 1.778, 200
12/12/2023 00:00:00, 7.878, 200
13/12/2023 00:00:00, 9.827, 200
14/12/2023 00:00:00, 7.011, 200
15/12/2023 00:00:00, 7.197, 200
16/12/2023 00:00:00, 3.702, 200
17/12/2023 00:00:00, 1.703, 200
18/12/2023 00:00:00, 0.756, 200
19/12/2023 00:00:00, 6.213, 200
20/12/2023 00:00:00, 9.715, 200
21/12/2023 00:00:00, 4.295, 200
22/12/2023 00:00:00, 6.709, 200
23/12/2023 00:00:00, 9.014, 200
24/12/2023 00:00:00, 7.826, 200
25/12/2023 00:00:00, 3.441, 200
26/12/2023 00:00:00, -0.195, 200
27/12/2023 00:00:00, 0.839, 200
28/12/2023 00:00:00, 1.354, 200
29/12/2023 00:00:00, 5.558, 200
30/12/2023 00:00:00, 2.535, 200
31/12/2023 00:00:00, 0.358, 200