Date (NZST), Air Quality PM10 (Daily Average) (ug/m3), Data quality code
01/01/2018 00:00:00, 6.21, undefined
02/01/2018 00:00:00, 14.165, undefined
03/01/2018 00:00:00, 4.728, undefined
04/01/2018 00:00:00, 5.569, undefined
05/01/2018 00:00:00, 5.891, undefined
06/01/2018 00:00:00, 6.54, undefined
07/01/2018 00:00:00, 19.978, undefined
08/01/2018 00:00:00, 14.188, undefined
09/01/2018 00:00:00, 15.643, undefined
10/01/2018 00:00:00, 11.983, undefined
11/01/2018 00:00:00, 6.732, undefined
12/01/2018 00:00:00, 3.035, undefined
13/01/2018 00:00:00, 4.88, undefined
14/01/2018 00:00:00, 8.356, undefined
15/01/2018 00:00:00, 9.51, undefined
16/01/2018 00:00:00, 9.169, undefined
17/01/2018 00:00:00, 8.616, undefined
18/01/2018 00:00:00, 10.372, undefined
19/01/2018 00:00:00, 6.85, undefined
20/01/2018 00:00:00, 14.466, undefined
21/01/2018 00:00:00, 9.238, undefined
22/01/2018 00:00:00, 9.485, undefined
23/01/2018 00:00:00, 4.976, undefined
24/01/2018 00:00:00, 9.172, undefined
25/01/2018 00:00:00, 13.37, undefined
26/01/2018 00:00:00, 17.082, undefined
27/01/2018 00:00:00, 12.759, undefined
28/01/2018 00:00:00, 9.599, undefined
29/01/2018 00:00:00, 12.045, undefined
30/01/2018 00:00:00, 13.932, undefined
31/01/2018 00:00:00, 12.787, undefined
01/02/2018 00:00:00, 16.262, undefined
02/02/2018 00:00:00, 19.477, undefined
03/02/2018 00:00:00, 17.5, undefined
04/02/2018 00:00:00, 15.112, undefined
05/02/2018 00:00:00, 9.447, undefined
06/02/2018 00:00:00, 12.978, undefined
07/02/2018 00:00:00, 16.142, undefined
08/02/2018 00:00:00, 13.838, undefined
09/02/2018 00:00:00, 11.264, undefined
10/02/2018 00:00:00, 10.718, undefined
11/02/2018 00:00:00, 6.106, undefined
12/02/2018 00:00:00, 8.607, undefined
13/02/2018 00:00:00, 4.91, undefined
14/02/2018 00:00:00, 6.597, undefined
15/02/2018 00:00:00, 13.739, undefined
16/02/2018 00:00:00, 13.819, undefined
17/02/2018 00:00:00, 11.713, undefined
18/02/2018 00:00:00, 10.483, undefined
19/02/2018 00:00:00, 13.542, undefined
20/02/2018 00:00:00, 14.452, undefined
21/02/2018 00:00:00, 10.11, undefined
22/02/2018 00:00:00, 20.914, undefined
23/02/2018 00:00:00, 12.286, undefined
24/02/2018 00:00:00, 11.618, undefined
25/02/2018 00:00:00, 13.762, undefined
26/02/2018 00:00:00, 10.794, undefined
27/02/2018 00:00:00, 14.909, undefined
28/02/2018 00:00:00, 11.647, undefined
01/03/2018 00:00:00, 14.113, undefined
02/03/2018 00:00:00, 16.631, undefined
03/03/2018 00:00:00, 17.75, undefined
04/03/2018 00:00:00, 15.342, undefined
05/03/2018 00:00:00, 16.643, undefined
06/03/2018 00:00:00, 14.579, undefined
07/03/2018 00:00:00, 8.237, undefined
08/03/2018 00:00:00, 15.445, undefined
09/03/2018 00:00:00, 17.17, undefined
10/03/2018 00:00:00, 19.096, undefined
11/03/2018 00:00:00, 14.535, undefined
12/03/2018 00:00:00, 11.648, undefined
13/03/2018 00:00:00, 8.421, undefined
14/03/2018 00:00:00, 18.233, undefined
15/03/2018 00:00:00, 17.793, undefined
16/03/2018 00:00:00, 13.838, undefined
17/03/2018 00:00:00, 23.972, undefined
18/03/2018 00:00:00, 22.128, undefined
19/03/2018 00:00:00, 11.498, undefined
20/03/2018 00:00:00, 7.035, undefined
21/03/2018 00:00:00, 11.86, undefined
22/03/2018 00:00:00, 12.037, undefined
23/03/2018 00:00:00, 10.87, undefined
24/03/2018 00:00:00, 8.361, undefined
25/03/2018 00:00:00, 10.4, undefined
26/03/2018 00:00:00, 10.721, undefined
27/03/2018 00:00:00, 7.378, undefined
28/03/2018 00:00:00, 11.82, undefined
29/03/2018 00:00:00, 10.237, undefined
30/03/2018 00:00:00, 19.503, undefined
31/03/2018 00:00:00, 12.887, undefined
01/04/2018 00:00:00, 19.763, undefined
02/04/2018 00:00:00, 17.211, undefined
03/04/2018 00:00:00, 13.954, undefined
04/04/2018 00:00:00, 21.741, undefined
05/04/2018 00:00:00, 19.444, undefined
06/04/2018 00:00:00, 18.607, undefined
07/04/2018 00:00:00, 18.733, undefined
08/04/2018 00:00:00, 15.371, undefined
09/04/2018 00:00:00, 10.241, undefined
10/04/2018 00:00:00, 16.524, undefined
11/04/2018 00:00:00, 13.434, undefined
12/04/2018 00:00:00, 16.691, undefined
13/04/2018 00:00:00, 9.472, undefined
14/04/2018 00:00:00, 17.893, undefined
15/04/2018 00:00:00, 11.257, undefined
16/04/2018 00:00:00, 7.73, undefined
17/04/2018 00:00:00, 14.535, undefined
18/04/2018 00:00:00, 22.525, undefined
19/04/2018 00:00:00, 14.174, undefined
20/04/2018 00:00:00, 10.924, undefined
21/04/2018 00:00:00, 17.975, undefined
22/04/2018 00:00:00, 16.599, undefined
23/04/2018 00:00:00, 12.531, undefined
24/04/2018 00:00:00, 14.588, undefined
25/04/2018 00:00:00, 13.094, undefined
26/04/2018 00:00:00, 9.86, undefined
27/04/2018 00:00:00, 15.897, undefined
28/04/2018 00:00:00, 11.599, undefined
29/04/2018 00:00:00, 13.323, undefined
30/04/2018 00:00:00, 7.732, undefined
01/05/2018 00:00:00, 7.446, undefined
02/05/2018 00:00:00, 11.618, undefined
03/05/2018 00:00:00, 17.187, undefined
04/05/2018 00:00:00, 16.326, undefined
05/05/2018 00:00:00, 17.012, undefined
06/05/2018 00:00:00, 10.347, undefined
07/05/2018 00:00:00, 13.541, undefined
08/05/2018 00:00:00, 15.689, undefined
09/05/2018 00:00:00, 17.023, undefined
10/05/2018 00:00:00, 23.499, undefined
11/05/2018 00:00:00, 20.244, undefined
12/05/2018 00:00:00, 12.4, undefined
13/05/2018 00:00:00, 18.365, undefined
14/05/2018 00:00:00, 7.181, undefined
15/05/2018 00:00:00, 6.244, undefined
16/05/2018 00:00:00, 18.841, undefined
17/05/2018 00:00:00, 11.102, undefined
18/05/2018 00:00:00, 11.811, undefined
19/05/2018 00:00:00, 10.867, undefined
20/05/2018 00:00:00, 14.447, undefined
21/05/2018 00:00:00, 11.605, undefined
22/05/2018 00:00:00, 15.382, undefined
23/05/2018 00:00:00, 12.29, undefined
24/05/2018 00:00:00, 11.845, undefined
25/05/2018 00:00:00, 9.332, undefined
26/05/2018 00:00:00, 9.943, undefined
27/05/2018 00:00:00, 9.2, undefined
28/05/2018 00:00:00, 11.256, undefined
29/05/2018 00:00:00, 15.63, undefined
30/05/2018 00:00:00, 9.709, undefined
31/05/2018 00:00:00, 13.061, undefined
01/06/2018 00:00:00, 11.06, undefined
02/06/2018 00:00:00, 5.262, undefined
03/06/2018 00:00:00, 7.729, undefined
04/06/2018 00:00:00, 7.059, undefined
05/06/2018 00:00:00, 5.336, undefined
06/06/2018 00:00:00, 13.314, undefined
07/06/2018 00:00:00, 13.182, undefined
08/06/2018 00:00:00, 14.161, undefined
09/06/2018 00:00:00, 16.092, undefined
10/06/2018 00:00:00, 12.237, undefined
11/06/2018 00:00:00, 13.195, undefined
12/06/2018 00:00:00, 18.443, undefined
13/06/2018 00:00:00, 16.143, undefined
14/06/2018 00:00:00, 9.691, undefined
15/06/2018 00:00:00, 12.416, undefined
16/06/2018 00:00:00, 8.868, undefined
17/06/2018 00:00:00, 11.869, undefined
18/06/2018 00:00:00, 6.723, undefined
19/06/2018 00:00:00, 8.702, undefined
20/06/2018 00:00:00, 13.3, undefined
21/06/2018 00:00:00, 14.469, undefined
22/06/2018 00:00:00, 8.841, undefined
23/06/2018 00:00:00, 13.615, undefined
24/06/2018 00:00:00, 6.197, undefined
25/06/2018 00:00:00, 13.199, undefined
26/06/2018 00:00:00, 12.311, undefined
27/06/2018 00:00:00, 10.273, undefined
28/06/2018 00:00:00, 13.413, undefined
29/06/2018 00:00:00, 17.794, undefined
30/06/2018 00:00:00, 18.017, undefined
01/07/2018 00:00:00, 11.409, undefined
02/07/2018 00:00:00, 3.789, undefined
03/07/2018 00:00:00, 13.632, undefined
04/07/2018 00:00:00, 15.977, undefined
05/07/2018 00:00:00, 14.026, undefined
06/07/2018 00:00:00, 16.795, undefined
07/07/2018 00:00:00, 9.251, undefined
08/07/2018 00:00:00, 11.993, undefined
09/07/2018 00:00:00, 7.828, undefined
10/07/2018 00:00:00, 18.153, undefined
11/07/2018 00:00:00, 11.367, undefined
12/07/2018 00:00:00, 10.807, undefined
13/07/2018 00:00:00, 24.296, undefined
14/07/2018 00:00:00, 8.565, undefined
15/07/2018 00:00:00, 9.912, undefined
16/07/2018 00:00:00, 7.679, undefined
17/07/2018 00:00:00, 8.85, undefined
18/07/2018 00:00:00, 18.896, undefined
19/07/2018 00:00:00, 14.452, undefined
20/07/2018 00:00:00, 8.042, undefined
21/07/2018 00:00:00, 7.385, undefined
22/07/2018 00:00:00, 10.688, undefined
23/07/2018 00:00:00, 17.118, undefined
24/07/2018 00:00:00, 9.18, undefined
25/07/2018 00:00:00, 8.623, undefined
26/07/2018 00:00:00, 7.174, undefined
27/07/2018 00:00:00, 7.105, undefined
28/07/2018 00:00:00, 8.148, undefined
29/07/2018 00:00:00, 9.289, undefined
30/07/2018 00:00:00, 14.572, undefined
31/07/2018 00:00:00, 13.768, undefined
01/08/2018 00:00:00, 7.547, undefined
02/08/2018 00:00:00, 14.954, undefined
03/08/2018 00:00:00, 10.811, undefined
04/08/2018 00:00:00, 12.479, undefined
05/08/2018 00:00:00, 6.409, undefined
06/08/2018 00:00:00, 8.285, undefined
07/08/2018 00:00:00, 7.357, undefined
08/08/2018 00:00:00, 7.314, undefined
09/08/2018 00:00:00, 7.837, undefined
10/08/2018 00:00:00, 12.039, undefined
11/08/2018 00:00:00, 16.489, undefined
12/08/2018 00:00:00, 14.462, undefined
13/08/2018 00:00:00, 8.098, undefined
14/08/2018 00:00:00, 8.29, undefined
15/08/2018 00:00:00, 10.096, undefined
16/08/2018 00:00:00, 12.572, undefined
17/08/2018 00:00:00, 19.168, undefined
18/08/2018 00:00:00, 14.447, undefined
19/08/2018 00:00:00, 14.897, undefined
20/08/2018 00:00:00, 9.154, undefined
21/08/2018 00:00:00, 8.61, undefined
22/08/2018 00:00:00, 17.293, undefined
23/08/2018 00:00:00, 10.61, undefined
24/08/2018 00:00:00, 11.261, undefined
25/08/2018 00:00:00, 10.79, undefined
26/08/2018 00:00:00, 18.987, undefined
27/08/2018 00:00:00, 20.297, undefined
28/08/2018 00:00:00, 12.783, undefined
29/08/2018 00:00:00, 7.903, undefined
30/08/2018 00:00:00, 11.109, undefined
31/08/2018 00:00:00, 14.213, undefined
01/09/2018 00:00:00, 12.735, undefined
02/09/2018 00:00:00, 10.418, undefined
03/09/2018 00:00:00, 8.795, undefined
04/09/2018 00:00:00, 13.016, undefined
05/09/2018 00:00:00, 14.469, undefined
06/09/2018 00:00:00, 16.283, undefined
07/09/2018 00:00:00, 22.34, undefined
08/09/2018 00:00:00, 15.906, undefined
09/09/2018 00:00:00, 7.185, undefined
10/09/2018 00:00:00, 6.008, undefined
11/09/2018 00:00:00, 9.793, undefined
12/09/2018 00:00:00, 12.623, undefined
13/09/2018 00:00:00, 12.066, undefined
14/09/2018 00:00:00, 18.483, undefined
15/09/2018 00:00:00, 18.605, undefined
16/09/2018 00:00:00, 9.809, undefined
17/09/2018 00:00:00, 13.572, undefined
18/09/2018 00:00:00, 12.696, undefined
19/09/2018 00:00:00, 13.602, undefined
20/09/2018 00:00:00, 10.256, undefined
21/09/2018 00:00:00, 8.43, undefined
22/09/2018 00:00:00, 15.922, undefined
23/09/2018 00:00:00, 17.177, undefined
24/09/2018 00:00:00, 9.79, undefined
25/09/2018 00:00:00, 15.467, undefined
26/09/2018 00:00:00, 11.987, undefined
27/09/2018 00:00:00, 18.741, undefined
28/09/2018 00:00:00, 14.494, undefined
29/09/2018 00:00:00, 11.396, undefined
30/09/2018 00:00:00, 11.044, undefined
01/10/2018 00:00:00, 10.085, undefined
02/10/2018 00:00:00, 10.483, undefined
03/10/2018 00:00:00, 13.437, undefined
04/10/2018 00:00:00, 10.866, undefined
05/10/2018 00:00:00, 11.475, undefined
06/10/2018 00:00:00, 12.22, undefined
07/10/2018 00:00:00, 8.518, undefined
08/10/2018 00:00:00, 11.985, undefined
09/10/2018 00:00:00, 10.193, undefined
10/10/2018 00:00:00, 14.669, undefined
11/10/2018 00:00:00, 12.762, undefined
12/10/2018 00:00:00, 10.049, undefined
13/10/2018 00:00:00, 16.342, undefined
14/10/2018 00:00:00, 18.778, undefined
15/10/2018 00:00:00, 17.599, undefined
16/10/2018 00:00:00, 22.711, undefined
17/10/2018 00:00:00, 15.011, undefined
18/10/2018 00:00:00, 15.188, undefined
19/10/2018 00:00:00, 21.247, undefined
20/10/2018 00:00:00, 12.058, undefined
21/10/2018 00:00:00, 12.046, undefined
22/10/2018 00:00:00, 7.317, undefined
23/10/2018 00:00:00, 5.574, undefined
24/10/2018 00:00:00, 7.48, undefined
25/10/2018 00:00:00, 8.993, undefined
26/10/2018 00:00:00, 13.39, undefined
27/10/2018 00:00:00, 6.911, undefined
28/10/2018 00:00:00, 9.166, undefined
29/10/2018 00:00:00, 9.722, undefined
30/10/2018 00:00:00, 7.965, undefined
31/10/2018 00:00:00, 11.402, undefined
01/11/2018 00:00:00, 13.516, undefined
02/11/2018 00:00:00, 19.961, undefined
03/11/2018 00:00:00, 20.057, undefined
04/11/2018 00:00:00, 14.247, undefined
05/11/2018 00:00:00, 14.572, undefined
06/11/2018 00:00:00, 14.798, undefined
07/11/2018 00:00:00, 22.648, undefined
08/11/2018 00:00:00, 14.818, undefined
09/11/2018 00:00:00, 9.482, undefined
10/11/2018 00:00:00, 11.315, undefined
11/11/2018 00:00:00, 8.11, undefined
12/11/2018 00:00:00, 8.521, undefined
13/11/2018 00:00:00, 8.208, undefined
14/11/2018 00:00:00, 11.257, undefined
15/11/2018 00:00:00, 11.363, undefined
16/11/2018 00:00:00, 13.149, undefined
17/11/2018 00:00:00, 13.077, undefined
18/11/2018 00:00:00, 10.466, undefined
19/11/2018 00:00:00, 15.255, undefined
20/11/2018 00:00:00, 9.509, undefined
21/11/2018 00:00:00, 4.786, undefined
22/11/2018 00:00:00, 5.338, undefined
23/11/2018 00:00:00, 7.752, undefined
24/11/2018 00:00:00, 12.162, undefined
25/11/2018 00:00:00, 9.946, undefined
26/11/2018 00:00:00, 4.947, undefined
27/11/2018 00:00:00, 13.605, undefined
28/11/2018 00:00:00, 12.776, undefined
29/11/2018 00:00:00, 16.367, undefined
30/11/2018 00:00:00, 0, undefined
01/12/2018 00:00:00, 9.272, undefined
02/12/2018 00:00:00, 9.504, undefined
03/12/2018 00:00:00, 6.19, undefined
04/12/2018 00:00:00, 7.744, undefined
05/12/2018 00:00:00, 13.067, undefined
06/12/2018 00:00:00, 25.283, undefined
07/12/2018 00:00:00, 17.679, undefined
08/12/2018 00:00:00, 22.975, undefined
09/12/2018 00:00:00, 19.418, undefined
10/12/2018 00:00:00, 19.786, undefined
11/12/2018 00:00:00, 20.202, undefined
12/12/2018 00:00:00, 11.997, undefined
13/12/2018 00:00:00, 9.479, undefined
14/12/2018 00:00:00, 8.617, undefined
15/12/2018 00:00:00, 7.413, undefined
16/12/2018 00:00:00, 5.798, undefined
17/12/2018 00:00:00, 5.446, undefined
18/12/2018 00:00:00, 8.987, undefined
19/12/2018 00:00:00, 15.172, undefined
20/12/2018 00:00:00, 10.539, undefined
21/12/2018 00:00:00, 8.616, undefined
22/12/2018 00:00:00, 9.147, undefined
23/12/2018 00:00:00, 8.877, undefined
24/12/2018 00:00:00, 10.988, undefined
25/12/2018 00:00:00, 7.189, undefined
26/12/2018 00:00:00, 2.087, undefined
27/12/2018 00:00:00, 16.398, undefined
28/12/2018 00:00:00, 17.337, undefined
29/12/2018 00:00:00, 10.006, undefined
30/12/2018 00:00:00, 11.609, undefined
31/12/2018 00:00:00, 13.348, undefined
01/01/2019 00:00:00, 13.904, undefined
02/01/2019 00:00:00, 12.39, undefined
03/01/2019 00:00:00, 20.83, undefined
04/01/2019 00:00:00, 26.113, undefined
05/01/2019 00:00:00, 14.767, undefined
06/01/2019 00:00:00, 21.006, undefined
07/01/2019 00:00:00, 22.139, undefined
08/01/2019 00:00:00, 17.321, undefined
09/01/2019 00:00:00, 18.582, undefined
10/01/2019 00:00:00, 16.458, undefined
11/01/2019 00:00:00, 13.4, undefined
12/01/2019 00:00:00, 14.963, undefined
13/01/2019 00:00:00, 11.96, undefined
14/01/2019 00:00:00, 10.947, undefined
15/01/2019 00:00:00, 14.856, undefined
16/01/2019 00:00:00, 15.485, undefined
17/01/2019 00:00:00, 13.223, undefined
18/01/2019 00:00:00, 11.321, undefined
19/01/2019 00:00:00, 17.915, undefined
20/01/2019 00:00:00, 12.985, undefined
21/01/2019 00:00:00, 20.399, undefined
22/01/2019 00:00:00, 19.755, undefined
23/01/2019 00:00:00, 20.39, undefined
25/01/2019 00:00:00, 0, undefined
26/01/2019 00:00:00, 14.098, undefined
27/01/2019 00:00:00, 19.019, undefined
28/01/2019 00:00:00, 14.178, undefined
29/01/2019 00:00:00, 8.327, undefined
30/01/2019 00:00:00, 11.594, undefined
31/01/2019 00:00:00, 11.353, undefined
01/02/2019 00:00:00, 11.507, undefined
02/02/2019 00:00:00, 18.498, undefined
03/02/2019 00:00:00, 23.733, undefined
04/02/2019 00:00:00, 12.461, undefined
05/02/2019 00:00:00, 15.451, undefined
06/02/2019 00:00:00, 20.855, undefined
07/02/2019 00:00:00, 27.847, undefined
08/02/2019 00:00:00, 14.769, undefined
09/02/2019 00:00:00, 10.387, undefined
10/02/2019 00:00:00, 11.258, undefined
11/02/2019 00:00:00, 9.769, undefined
12/02/2019 00:00:00, 9.466, undefined
13/02/2019 00:00:00, 15.217, undefined
14/02/2019 00:00:00, 13.193, undefined
15/02/2019 00:00:00, 6.975, undefined
16/02/2019 00:00:00, 17.196, undefined
17/02/2019 00:00:00, 19.077, undefined
18/02/2019 00:00:00, 11.214, undefined
19/02/2019 00:00:00, 19.954, undefined
20/02/2019 00:00:00, 15.848, undefined
21/02/2019 00:00:00, 12.937, undefined
22/02/2019 00:00:00, 12.826, undefined
23/02/2019 00:00:00, 6.94, undefined
24/02/2019 00:00:00, 16.119, undefined
25/02/2019 00:00:00, 14.286, undefined
26/02/2019 00:00:00, 14.379, undefined
27/02/2019 00:00:00, 9.162, undefined
28/02/2019 00:00:00, 16.172, undefined
01/03/2019 00:00:00, 18.636, undefined
02/03/2019 00:00:00, 13.892, undefined
03/03/2019 00:00:00, 11.984, undefined
04/03/2019 00:00:00, 13.312, undefined
05/03/2019 00:00:00, 12.129, undefined
06/03/2019 00:00:00, 16.435, undefined
07/03/2019 00:00:00, 12.619, undefined
08/03/2019 00:00:00, 11.027, undefined
09/03/2019 00:00:00, 9.074, undefined
10/03/2019 00:00:00, 6.27, undefined
11/03/2019 00:00:00, 11.35, undefined
12/03/2019 00:00:00, 7.908, undefined
13/03/2019 00:00:00, 9.269, undefined
14/03/2019 00:00:00, 9.066, undefined
15/03/2019 00:00:00, 27.112, undefined
16/03/2019 00:00:00, 11.308, undefined
17/03/2019 00:00:00, 9.808, undefined
18/03/2019 00:00:00, 9.845, undefined
19/03/2019 00:00:00, 11.342, undefined
20/03/2019 00:00:00, 12.227, undefined
21/03/2019 00:00:00, 9.428, undefined
22/03/2019 00:00:00, 7.272, undefined
23/03/2019 00:00:00, 9.222, undefined
24/03/2019 00:00:00, 10.3, undefined
25/03/2019 00:00:00, 7.949, undefined
26/03/2019 00:00:00, 8.175, undefined
27/03/2019 00:00:00, 14.529, undefined
28/03/2019 00:00:00, 15.661, undefined
29/03/2019 00:00:00, 23.605, undefined
30/03/2019 00:00:00, 13.124, undefined
31/03/2019 00:00:00, 13.871, undefined
01/04/2019 00:00:00, 7.505, undefined
02/04/2019 00:00:00, 12.118, undefined
03/04/2019 00:00:00, 17.436, undefined
04/04/2019 00:00:00, 10.911, undefined
05/04/2019 00:00:00, 8.285, undefined
06/04/2019 00:00:00, 13.838, undefined
07/04/2019 00:00:00, 15.468, undefined
08/04/2019 00:00:00, 11.383, undefined
09/04/2019 00:00:00, 16.708, undefined
10/04/2019 00:00:00, 12.621, undefined
11/04/2019 00:00:00, 11.485, undefined
12/04/2019 00:00:00, 8.58, undefined
13/04/2019 00:00:00, 17.991, undefined
14/04/2019 00:00:00, 15.082, undefined
15/04/2019 00:00:00, 15.119, undefined
16/04/2019 00:00:00, 14.674, undefined
17/04/2019 00:00:00, 12.377, undefined
18/04/2019 00:00:00, 7.185, undefined
19/04/2019 00:00:00, 9.033, undefined
20/04/2019 00:00:00, 7.949, undefined
21/04/2019 00:00:00, 9.226, undefined
22/04/2019 00:00:00, 9.223, undefined
23/04/2019 00:00:00, 10.291, undefined
24/04/2019 00:00:00, 8.579, undefined
25/04/2019 00:00:00, 5.539, undefined
26/04/2019 00:00:00, 6.291, undefined
27/04/2019 00:00:00, 0, undefined
28/04/2019 00:00:00, 14.312, undefined
29/04/2019 00:00:00, 13.549, undefined
30/04/2019 00:00:00, 16.742, undefined
01/05/2019 00:00:00, 16.844, undefined
02/05/2019 00:00:00, 11.216, undefined
03/05/2019 00:00:00, 12.117, undefined
04/05/2019 00:00:00, 18.524, undefined
05/05/2019 00:00:00, 10.847, undefined
06/05/2019 00:00:00, 13.516, undefined
07/05/2019 00:00:00, 15.921, undefined
08/05/2019 00:00:00, 19.047, undefined
09/05/2019 00:00:00, 13.187, undefined
10/05/2019 00:00:00, 11.168, undefined
11/05/2019 00:00:00, 17.454, undefined
12/05/2019 00:00:00, 7.421, undefined
13/05/2019 00:00:00, 9.032, undefined
14/05/2019 00:00:00, 19.067, undefined
15/05/2019 00:00:00, 15.037, undefined
16/05/2019 00:00:00, 12.578, undefined
17/05/2019 00:00:00, 14.129, undefined
18/05/2019 00:00:00, 18.043, undefined
19/05/2019 00:00:00, 10.485, undefined
20/05/2019 00:00:00, 20.006, undefined
21/05/2019 00:00:00, 18.529, undefined
22/05/2019 00:00:00, 14.741, undefined
23/05/2019 00:00:00, 16.858, undefined
24/05/2019 00:00:00, 15.102, undefined
25/05/2019 00:00:00, 11.136, undefined
26/05/2019 00:00:00, 10.236, undefined
27/05/2019 00:00:00, 9.458, undefined
28/05/2019 00:00:00, 7.685, undefined
29/05/2019 00:00:00, 8.842, undefined
30/05/2019 00:00:00, 19.095, undefined
31/05/2019 00:00:00, 24.423, undefined
01/06/2019 00:00:00, 16.032, undefined
02/06/2019 00:00:00, 10.439, undefined
03/06/2019 00:00:00, 15.499, undefined
04/06/2019 00:00:00, 7.835, undefined
05/06/2019 00:00:00, 7.746, undefined
06/06/2019 00:00:00, 8.157, undefined
07/06/2019 00:00:00, 12.141, undefined
08/06/2019 00:00:00, 13.336, undefined
09/06/2019 00:00:00, 21.331, undefined
10/06/2019 00:00:00, 21.611, undefined
11/06/2019 00:00:00, 17.842, undefined
12/06/2019 00:00:00, 10.432, undefined
13/06/2019 00:00:00, 10.832, undefined
14/06/2019 00:00:00, 11.128, undefined
15/06/2019 00:00:00, 10.109, undefined
16/06/2019 00:00:00, 10.122, undefined
17/06/2019 00:00:00, 9.331, undefined
18/06/2019 00:00:00, 7.323, undefined
19/06/2019 00:00:00, 12.723, undefined
20/06/2019 00:00:00, 18.258, undefined
21/06/2019 00:00:00, 11.058, undefined
22/06/2019 00:00:00, 8.897, undefined
23/06/2019 00:00:00, 17.46, undefined
24/06/2019 00:00:00, 10.051, undefined
25/06/2019 00:00:00, 9.29, undefined
26/06/2019 00:00:00, 15.212, undefined
27/06/2019 00:00:00, 14.704, undefined
28/06/2019 00:00:00, 15.368, undefined
29/06/2019 00:00:00, 15.053, undefined
30/06/2019 00:00:00, 7.289, undefined
01/07/2019 00:00:00, 12.513, undefined
02/07/2019 00:00:00, 9.874, undefined
03/07/2019 00:00:00, 7.009, undefined
04/07/2019 00:00:00, 3.654, undefined
05/07/2019 00:00:00, 15.698, undefined
06/07/2019 00:00:00, 14.463, undefined
07/07/2019 00:00:00, 16.723, undefined
08/07/2019 00:00:00, 10.702, undefined
09/07/2019 00:00:00, 18.171, undefined
10/07/2019 00:00:00, 11.936, undefined
11/07/2019 00:00:00, 12.537, undefined
12/07/2019 00:00:00, 11.71, undefined
13/07/2019 00:00:00, 9.668, undefined
14/07/2019 00:00:00, 14.14, undefined
15/07/2019 00:00:00, 11.485, undefined
16/07/2019 00:00:00, 9.56, undefined
17/07/2019 00:00:00, 11.275, undefined
18/07/2019 00:00:00, 9.948, undefined
19/07/2019 00:00:00, 7.657, undefined
20/07/2019 00:00:00, 11.084, undefined
21/07/2019 00:00:00, 4.809, undefined
22/07/2019 00:00:00, 5.877, undefined
23/07/2019 00:00:00, 12.611, undefined
24/07/2019 00:00:00, 9.928, undefined
25/07/2019 00:00:00, 12.909, undefined
26/07/2019 00:00:00, 17.224, undefined
27/07/2019 00:00:00, 15.323, undefined
28/07/2019 00:00:00, 10.451, undefined
29/07/2019 00:00:00, 13.003, undefined
30/07/2019 00:00:00, 11.409, undefined
31/07/2019 00:00:00, 7.866, undefined
01/08/2019 00:00:00, 12.612, undefined
02/08/2019 00:00:00, 14.671, undefined
03/08/2019 00:00:00, 7.298, undefined
04/08/2019 00:00:00, 11.586, undefined
05/08/2019 00:00:00, 12.216, undefined
06/08/2019 00:00:00, 7.753, undefined
07/08/2019 00:00:00, 10.156, undefined
08/08/2019 00:00:00, 8.844, undefined
09/08/2019 00:00:00, 9.946, undefined
10/08/2019 00:00:00, 12.2, undefined
11/08/2019 00:00:00, 13.3, undefined
12/08/2019 00:00:00, 16.232, undefined
13/08/2019 00:00:00, 5.879, undefined
14/08/2019 00:00:00, 6.605, undefined
15/08/2019 00:00:00, 18.843, undefined
16/08/2019 00:00:00, 13.997, undefined
17/08/2019 00:00:00, 9.256, undefined
18/08/2019 00:00:00, 16.368, undefined
19/08/2019 00:00:00, 14.996, undefined
20/08/2019 00:00:00, 7.38, undefined
21/08/2019 00:00:00, 7.141, undefined
22/08/2019 00:00:00, 8.241, undefined
23/08/2019 00:00:00, 10.287, undefined
24/08/2019 00:00:00, 10.612, undefined
25/08/2019 00:00:00, 14.7, undefined
26/08/2019 00:00:00, 10.603, undefined
27/08/2019 00:00:00, 19.873, undefined
28/08/2019 00:00:00, 11.92, undefined
29/08/2019 00:00:00, 12.292, undefined
30/08/2019 00:00:00, 12.079, undefined
31/08/2019 00:00:00, 15.259, undefined
01/09/2019 00:00:00, 12.997, undefined
02/09/2019 00:00:00, 8.952, undefined
03/09/2019 00:00:00, 18.989, undefined
04/09/2019 00:00:00, 12.276, undefined
05/09/2019 00:00:00, 4.509, undefined
06/09/2019 00:00:00, 8.647, undefined
07/09/2019 00:00:00, 11.758, undefined
08/09/2019 00:00:00, 17.529, undefined
09/09/2019 00:00:00, 11.977, undefined
10/09/2019 00:00:00, 11.747, undefined
11/09/2019 00:00:00, 10.628, undefined
12/09/2019 00:00:00, 18.883, undefined
13/09/2019 00:00:00, 15.562, undefined
14/09/2019 00:00:00, 17.501, undefined
15/09/2019 00:00:00, 9.237, undefined
16/09/2019 00:00:00, 9.667, undefined
17/09/2019 00:00:00, 13.606, undefined
18/09/2019 00:00:00, 22.138, undefined
19/09/2019 00:00:00, 11.582, undefined
20/09/2019 00:00:00, 12.573, undefined
21/09/2019 00:00:00, 12.776, undefined
22/09/2019 00:00:00, 9.559, undefined
23/09/2019 00:00:00, 10.176, undefined
24/09/2019 00:00:00, 13.71, undefined
25/09/2019 00:00:00, 11.997, undefined
26/09/2019 00:00:00, 8.113, undefined
27/09/2019 00:00:00, 8.609, undefined
28/09/2019 00:00:00, 9.636, undefined
29/09/2019 00:00:00, 15.09, undefined
30/09/2019 00:00:00, 12.712, undefined
01/10/2019 00:00:00, 11.417, undefined
02/10/2019 00:00:00, 11.09, undefined
03/10/2019 00:00:00, 17.005, undefined
04/10/2019 00:00:00, 14.78, undefined
05/10/2019 00:00:00, 12.084, undefined
06/10/2019 00:00:00, 15.55, undefined
07/10/2019 00:00:00, 17.162, undefined
08/10/2019 00:00:00, 9.908, undefined
09/10/2019 00:00:00, 11.345, undefined
10/10/2019 00:00:00, 10.581, undefined
11/10/2019 00:00:00, 7.424, undefined
12/10/2019 00:00:00, 10.42, undefined
13/10/2019 00:00:00, 10.681, undefined
14/10/2019 00:00:00, 5.75, undefined
15/10/2019 00:00:00, 5.612, undefined
16/10/2019 00:00:00, 8.91, undefined
17/10/2019 00:00:00, 9.857, undefined
18/10/2019 00:00:00, 13.891, undefined
19/10/2019 00:00:00, 11.088, undefined
20/10/2019 00:00:00, 17.61, undefined
21/10/2019 00:00:00, 21.283, undefined
22/10/2019 00:00:00, 16.283, undefined
23/10/2019 00:00:00, 15.72, undefined
24/10/2019 00:00:00, 13.658, undefined
25/10/2019 00:00:00, 14.057, undefined
26/10/2019 00:00:00, 16.061, undefined
27/10/2019 00:00:00, 22.416, undefined
28/10/2019 00:00:00, 18.235, undefined
29/10/2019 00:00:00, 20.443, undefined
30/10/2019 00:00:00, 12.045, undefined
31/10/2019 00:00:00, 17.556, undefined
01/11/2019 00:00:00, 24.362, undefined
02/11/2019 00:00:00, 23.047, undefined
03/11/2019 00:00:00, 20.854, undefined
04/11/2019 00:00:00, 15.913, undefined
05/11/2019 00:00:00, 22.742, undefined
06/11/2019 00:00:00, 14.935, undefined
07/11/2019 00:00:00, 11.191, undefined
08/11/2019 00:00:00, 13.369, undefined
09/11/2019 00:00:00, 16.121, undefined
10/11/2019 00:00:00, 12.942, undefined
11/11/2019 00:00:00, 7.538, undefined
12/11/2019 00:00:00, 8.426, undefined
13/11/2019 00:00:00, 13.203, undefined
14/11/2019 00:00:00, 19.127, undefined
15/11/2019 00:00:00, 21.943, undefined
16/11/2019 00:00:00, 15.257, undefined
17/11/2019 00:00:00, 26.33, undefined
18/11/2019 00:00:00, 15.671, undefined
19/11/2019 00:00:00, 13.356, undefined
20/11/2019 00:00:00, 13.986, undefined
21/11/2019 00:00:00, 18.438, undefined
22/11/2019 00:00:00, 7.844, undefined
23/11/2019 00:00:00, 22.55, undefined
24/11/2019 00:00:00, 24.037, undefined
25/11/2019 00:00:00, 19.828, undefined
26/11/2019 00:00:00, 23.088, undefined
28/11/2019 00:00:00, 0, undefined
29/11/2019 00:00:00, 20.891, undefined
30/11/2019 00:00:00, 19.354, undefined
01/12/2019 00:00:00, 15.995, undefined
02/12/2019 00:00:00, 15.048, undefined
03/12/2019 00:00:00, 15.051, undefined
04/12/2019 00:00:00, 23.186, undefined
05/12/2019 00:00:00, 33.658, undefined
06/12/2019 00:00:00, 29.779, undefined
07/12/2019 00:00:00, 24.812, undefined
08/12/2019 00:00:00, 38.575, undefined
09/12/2019 00:00:00, 18.639, undefined
10/12/2019 00:00:00, 12.623, undefined
11/12/2019 00:00:00, 6.624, undefined
12/12/2019 00:00:00, 8.453, undefined
13/12/2019 00:00:00, 12.003, undefined
14/12/2019 00:00:00, 11.333, undefined
15/12/2019 00:00:00, 17.563, undefined
16/12/2019 00:00:00, 16.032, undefined
17/12/2019 00:00:00, 11.779, undefined
18/12/2019 00:00:00, 9.062, undefined
19/12/2019 00:00:00, 13.736, undefined
20/12/2019 00:00:00, 20.844, undefined
21/12/2019 00:00:00, 22.422, undefined
22/12/2019 00:00:00, 12.248, undefined
23/12/2019 00:00:00, 11.159, undefined
24/12/2019 00:00:00, 23.314, undefined
25/12/2019 00:00:00, 21.29, undefined
26/12/2019 00:00:00, 17.946, undefined
27/12/2019 00:00:00, 10.659, undefined
28/12/2019 00:00:00, 14.77, undefined
29/12/2019 00:00:00, 20.023, undefined
30/12/2019 00:00:00, 22.52, undefined
31/12/2019 00:00:00, 18.164, undefined
01/01/2020 00:00:00, 14.414, undefined
02/01/2020 00:00:00, 13.424, undefined
03/01/2020 00:00:00, 12.613, undefined
04/01/2020 00:00:00, 25.668, undefined
05/01/2020 00:00:00, 13.27, undefined
06/01/2020 00:00:00, 16.717, undefined
07/01/2020 00:00:00, 19.202, undefined
08/01/2020 00:00:00, 18.998, undefined
09/01/2020 00:00:00, 15.564, undefined
10/01/2020 00:00:00, 13.337, undefined
11/01/2020 00:00:00, 16.231, undefined
12/01/2020 00:00:00, 18.654, undefined
13/01/2020 00:00:00, 14.977, undefined
14/01/2020 00:00:00, 22.453, undefined
15/01/2020 00:00:00, 17.162, undefined
16/01/2020 00:00:00, 13.199, undefined
17/01/2020 00:00:00, 0, undefined
18/01/2020 00:00:00, 7.346, undefined
19/01/2020 00:00:00, 8.928, undefined
20/01/2020 00:00:00, 4.301, undefined
21/01/2020 00:00:00, 8.332, undefined
22/01/2020 00:00:00, 9.389, undefined
23/01/2020 00:00:00, 0, undefined
24/01/2020 00:00:00, 11.02, undefined
25/01/2020 00:00:00, 9.367, undefined
26/01/2020 00:00:00, 12.887, undefined
27/01/2020 00:00:00, 10.722, undefined
28/01/2020 00:00:00, 6.904, undefined
29/01/2020 00:00:00, 12.49, undefined
30/01/2020 00:00:00, 13.677, undefined
31/01/2020 00:00:00, 23.131, undefined
01/02/2020 00:00:00, 28.775, undefined
02/02/2020 00:00:00, 33.385, undefined
03/02/2020 00:00:00, 21.192, undefined
04/02/2020 00:00:00, 10.887, undefined
05/02/2020 00:00:00, 11.018, undefined
06/02/2020 00:00:00, 19.535, undefined
07/02/2020 00:00:00, 16.802, undefined
08/02/2020 00:00:00, 14.108, undefined
09/02/2020 00:00:00, 14.721, undefined
10/02/2020 00:00:00, 11.086, undefined
11/02/2020 00:00:00, 18.886, undefined
12/02/2020 00:00:00, 14.624, undefined
13/02/2020 00:00:00, 19.676, undefined
14/02/2020 00:00:00, 17.88, undefined
15/02/2020 00:00:00, 15.044, undefined
16/02/2020 00:00:00, 12.268, undefined
17/02/2020 00:00:00, 16.117, undefined
18/02/2020 00:00:00, 12.681, undefined
19/02/2020 00:00:00, 6.206, undefined
20/02/2020 00:00:00, 8.003, undefined
21/02/2020 00:00:00, 7.18, undefined
22/02/2020 00:00:00, 7.061, undefined
23/02/2020 00:00:00, 13.27, undefined
24/02/2020 00:00:00, 13.465, undefined
25/02/2020 00:00:00, 9.394, undefined
26/02/2020 00:00:00, 9.801, undefined
27/02/2020 00:00:00, 7.554, undefined
28/02/2020 00:00:00, 8.858, undefined
29/02/2020 00:00:00, 5.631, undefined
01/03/2020 00:00:00, 17.223, undefined
02/03/2020 00:00:00, 12.234, undefined
03/03/2020 00:00:00, 10.884, undefined
04/03/2020 00:00:00, 16.426, undefined
05/03/2020 00:00:00, 18.258, undefined
06/03/2020 00:00:00, 17.156, undefined
07/03/2020 00:00:00, 11.316, undefined
08/03/2020 00:00:00, 7.512, undefined
09/03/2020 00:00:00, 6.814, undefined
10/03/2020 00:00:00, 9.105, undefined
11/03/2020 00:00:00, 10.741, undefined
12/03/2020 00:00:00, 14.75, undefined
13/03/2020 00:00:00, 15.631, undefined
14/03/2020 00:00:00, 14.387, undefined
15/03/2020 00:00:00, 8.006, undefined
16/03/2020 00:00:00, 7.253, undefined
17/03/2020 00:00:00, 11.794, undefined
18/03/2020 00:00:00, 24.079, undefined
19/03/2020 00:00:00, 11.85, undefined
20/03/2020 00:00:00, 15.454, undefined
21/03/2020 00:00:00, 16.156, undefined
22/03/2020 00:00:00, 8.356, undefined
23/03/2020 00:00:00, 11.806, undefined
24/03/2020 00:00:00, 6.789, undefined
25/03/2020 00:00:00, 6.645, undefined
26/03/2020 00:00:00, 5.864, undefined
27/03/2020 00:00:00, 8.069, undefined
28/03/2020 00:00:00, 8.576, undefined
29/03/2020 00:00:00, 10.215, undefined
30/03/2020 00:00:00, 9.338, undefined
31/03/2020 00:00:00, 4.13, undefined
01/04/2020 00:00:00, 3.334, undefined
02/04/2020 00:00:00, 4.461, undefined
03/04/2020 00:00:00, 1.572, undefined
04/04/2020 00:00:00, 2.22, undefined
05/04/2020 00:00:00, 5.331, undefined
06/04/2020 00:00:00, 4.479, undefined
07/04/2020 00:00:00, 0, undefined
08/04/2020 00:00:00, 10.36, undefined
09/04/2020 00:00:00, 15.476, undefined
10/04/2020 00:00:00, 0, undefined
11/04/2020 00:00:00, 9.178, undefined
12/04/2020 00:00:00, 7.998, undefined
13/04/2020 00:00:00, 7.012, undefined
14/04/2020 00:00:00, 16.177, undefined
15/04/2020 00:00:00, 8.941, undefined
16/04/2020 00:00:00, 16.706, undefined
17/04/2020 00:00:00, 12.052, undefined
18/04/2020 00:00:00, 11.424, undefined
19/04/2020 00:00:00, 13.559, undefined
20/04/2020 00:00:00, 24.534, undefined
21/04/2020 00:00:00, 14.879, undefined
22/04/2020 00:00:00, 6.964, undefined
23/04/2020 00:00:00, 9.241, undefined
24/04/2020 00:00:00, 7.348, undefined
25/04/2020 00:00:00, 7.712, undefined
26/04/2020 00:00:00, 13.833, undefined
27/04/2020 00:00:00, 18.773, undefined
28/04/2020 00:00:00, 14.48, undefined
29/04/2020 00:00:00, 12.026, undefined
30/04/2020 00:00:00, 13.324, undefined
01/05/2020 00:00:00, 15.37, undefined
02/05/2020 00:00:00, 14.236, undefined
03/05/2020 00:00:00, 11.866, undefined
04/05/2020 00:00:00, 9.525, undefined
05/05/2020 00:00:00, 11.261, undefined
06/05/2020 00:00:00, 11.572, undefined
07/05/2020 00:00:00, 10.849, undefined
08/05/2020 00:00:00, 10.923, undefined
09/05/2020 00:00:00, 15.484, undefined
10/05/2020 00:00:00, 15.16, undefined
11/05/2020 00:00:00, 12.278, undefined
12/05/2020 00:00:00, 12.714, undefined
13/05/2020 00:00:00, 11.59, undefined
14/05/2020 00:00:00, 15.11, undefined
15/05/2020 00:00:00, 10.157, undefined
16/05/2020 00:00:00, 13.631, undefined
17/05/2020 00:00:00, 16.355, undefined
18/05/2020 00:00:00, 9.535, undefined
19/05/2020 00:00:00, 11.834, undefined
20/05/2020 00:00:00, 15.862, undefined
21/05/2020 00:00:00, 12.315, undefined
22/05/2020 00:00:00, 11.559, undefined
23/05/2020 00:00:00, 9.526, undefined
24/05/2020 00:00:00, 12.224, undefined
25/05/2020 00:00:00, 10.474, undefined
26/05/2020 00:00:00, 7.862, undefined
27/05/2020 00:00:00, 10.881, undefined
28/05/2020 00:00:00, 8.13, undefined
29/05/2020 00:00:00, 15.018, undefined
30/05/2020 00:00:00, 12.501, undefined
31/05/2020 00:00:00, 10.569, undefined
01/06/2020 00:00:00, 5.972, undefined
02/06/2020 00:00:00, 5.149, undefined
03/06/2020 00:00:00, 9.914, undefined
04/06/2020 00:00:00, 10.911, undefined
05/06/2020 00:00:00, 10.689, undefined
06/06/2020 00:00:00, 10.44, undefined
07/06/2020 00:00:00, 11.42, undefined
08/06/2020 00:00:00, 8.966, undefined
09/06/2020 00:00:00, 14.282, undefined
10/06/2020 00:00:00, 14.731, undefined
11/06/2020 00:00:00, 13.671, undefined
12/06/2020 00:00:00, 10.192, undefined
13/06/2020 00:00:00, 17.452, undefined
14/06/2020 00:00:00, 14.872, undefined
15/06/2020 00:00:00, 11.755, undefined
16/06/2020 00:00:00, 10.193, undefined
17/06/2020 00:00:00, 14.35, undefined
18/06/2020 00:00:00, 6.971, undefined
19/06/2020 00:00:00, 6.936, undefined
20/06/2020 00:00:00, 12.237, undefined
21/06/2020 00:00:00, 7.123, undefined
22/06/2020 00:00:00, 10.564, undefined
23/06/2020 00:00:00, 12.893, undefined
24/06/2020 00:00:00, 15.042, undefined
25/06/2020 00:00:00, 12.128, undefined
26/06/2020 00:00:00, 8.51, undefined
27/06/2020 00:00:00, 10.387, undefined
28/06/2020 00:00:00, 8.933, undefined
29/06/2020 00:00:00, 13.868, undefined
30/06/2020 00:00:00, 13.558, undefined
01/07/2020 00:00:00, 11.372, undefined
02/07/2020 00:00:00, 13.976, undefined
03/07/2020 00:00:00, 13.603, undefined
04/07/2020 00:00:00, 14.468, undefined
05/07/2020 00:00:00, 11.549, undefined
06/07/2020 00:00:00, 8.842, undefined
07/07/2020 00:00:00, 11.785, undefined
08/07/2020 00:00:00, 10.546, undefined
09/07/2020 00:00:00, 11.287, undefined
10/07/2020 00:00:00, 11.017, undefined
11/07/2020 00:00:00, 12.92, undefined
12/07/2020 00:00:00, 9.973, undefined
13/07/2020 00:00:00, 10.79, undefined
14/07/2020 00:00:00, 11.941, undefined
15/07/2020 00:00:00, 14.735, undefined
16/07/2020 00:00:00, 11.543, undefined
17/07/2020 00:00:00, 10.009, undefined
18/07/2020 00:00:00, 7.86, undefined
19/07/2020 00:00:00, 7.431, undefined
20/07/2020 00:00:00, 7.466, undefined
21/07/2020 00:00:00, 9.304, undefined
22/07/2020 00:00:00, 8.186, undefined
23/07/2020 00:00:00, 18.275, undefined
24/07/2020 00:00:00, 7.774, undefined
25/07/2020 00:00:00, 11.737, undefined
26/07/2020 00:00:00, 9.717, undefined
27/07/2020 00:00:00, 10.632, undefined
28/07/2020 00:00:00, 12.206, undefined
29/07/2020 00:00:00, 11.925, undefined
30/07/2020 00:00:00, 15.053, undefined
31/07/2020 00:00:00, 10.684, undefined
01/08/2020 00:00:00, 12.366, undefined
02/08/2020 00:00:00, 13.869, undefined
03/08/2020 00:00:00, 8.986, undefined
04/08/2020 00:00:00, 9.333, undefined
05/08/2020 00:00:00, 11.427, undefined
06/08/2020 00:00:00, 11.733, undefined
07/08/2020 00:00:00, 8.116, undefined
08/08/2020 00:00:00, 11.081, undefined
09/08/2020 00:00:00, 15.733, undefined
10/08/2020 00:00:00, 13.707, undefined
11/08/2020 00:00:00, 14.934, undefined
12/08/2020 00:00:00, 13.145, undefined
13/08/2020 00:00:00, 16.256, undefined
14/08/2020 00:00:00, 10.516, undefined
15/08/2020 00:00:00, 10.74, undefined
16/08/2020 00:00:00, 9.591, undefined
17/08/2020 00:00:00, 12.2, undefined
18/08/2020 00:00:00, 11.343, undefined
19/08/2020 00:00:00, 12.137, undefined
20/08/2020 00:00:00, 8.849, undefined
21/08/2020 00:00:00, 12.051, undefined
22/08/2020 00:00:00, 22.856, undefined
23/08/2020 00:00:00, 13.985, undefined
24/08/2020 00:00:00, 10.001, undefined
25/08/2020 00:00:00, 14.508, undefined
26/08/2020 00:00:00, 17.629, undefined
27/08/2020 00:00:00, 10.774, undefined
28/08/2020 00:00:00, 10.052, undefined
29/08/2020 00:00:00, 9.14, undefined
30/08/2020 00:00:00, 14.995, undefined
31/08/2020 00:00:00, 16.163, undefined
01/09/2020 00:00:00, 22.915, undefined
02/09/2020 00:00:00, 13.67, undefined
03/09/2020 00:00:00, 11.526, undefined
04/09/2020 00:00:00, 8.525, undefined
05/09/2020 00:00:00, 9.807, undefined
06/09/2020 00:00:00, 16.052, undefined
07/09/2020 00:00:00, 17.104, undefined
08/09/2020 00:00:00, 20.125, undefined
09/09/2020 00:00:00, 12.746, undefined
10/09/2020 00:00:00, 18.364, undefined
11/09/2020 00:00:00, 8.148, undefined
12/09/2020 00:00:00, 12.008, undefined
13/09/2020 00:00:00, 10.331, undefined
14/09/2020 00:00:00, 15.457, undefined
15/09/2020 00:00:00, 16.93, undefined
16/09/2020 00:00:00, 18.486, undefined
17/09/2020 00:00:00, 11.334, undefined
18/09/2020 00:00:00, 28.052, undefined
19/09/2020 00:00:00, 10.728, undefined
20/09/2020 00:00:00, 14.273, undefined
21/09/2020 00:00:00, 7.567, undefined
22/09/2020 00:00:00, 11.91, undefined
23/09/2020 00:00:00, 8.302, undefined
24/09/2020 00:00:00, 8.741, undefined
25/09/2020 00:00:00, 10.313, undefined
26/09/2020 00:00:00, 18.733, undefined
27/09/2020 00:00:00, 13.105, undefined
28/09/2020 00:00:00, 24.74, undefined
29/09/2020 00:00:00, 13.008, undefined
30/09/2020 00:00:00, 8.527, undefined
01/10/2020 00:00:00, 12.81, undefined
02/10/2020 00:00:00, 10.872, undefined
03/10/2020 00:00:00, 8.784, undefined
04/10/2020 00:00:00, 13.406, undefined
05/10/2020 00:00:00, 19.118, undefined
06/10/2020 00:00:00, 19.404, undefined
07/10/2020 00:00:00, 23.581, undefined
08/10/2020 00:00:00, 11.659, undefined
09/10/2020 00:00:00, 12.994, undefined
10/10/2020 00:00:00, 9.564, undefined
11/10/2020 00:00:00, 8.741, undefined
12/10/2020 00:00:00, 12.139, undefined
13/10/2020 00:00:00, 5.357, undefined
14/10/2020 00:00:00, 11.529, undefined
15/10/2020 00:00:00, 17.091, undefined
16/10/2020 00:00:00, 15.729, undefined
17/10/2020 00:00:00, 9.93, undefined
18/10/2020 00:00:00, 16.099, undefined
19/10/2020 00:00:00, 8.401, undefined
20/10/2020 00:00:00, 10.123, undefined
21/10/2020 00:00:00, 17.673, undefined
22/10/2020 00:00:00, 11.702, undefined
23/10/2020 00:00:00, 9.794, undefined
24/10/2020 00:00:00, 6.735, undefined
25/10/2020 00:00:00, 4.778, undefined
26/10/2020 00:00:00, 5.939, undefined
27/10/2020 00:00:00, 7.368, undefined
28/10/2020 00:00:00, 5.407, undefined
29/10/2020 00:00:00, 10.571, undefined
31/10/2020 00:00:00, 0, undefined
01/11/2020 00:00:00, 12.244, undefined
02/11/2020 00:00:00, 20.845, undefined
03/11/2020 00:00:00, 15.384, undefined
04/11/2020 00:00:00, 8.25, undefined
05/11/2020 00:00:00, 8.902, undefined
06/11/2020 00:00:00, 10.353, undefined
07/11/2020 00:00:00, 17.273, undefined
08/11/2020 00:00:00, 4.534, undefined
09/11/2020 00:00:00, 15.67, undefined
10/11/2020 00:00:00, 19.637, undefined
11/11/2020 00:00:00, 16.075, undefined
12/11/2020 00:00:00, 14.342, undefined
13/11/2020 00:00:00, 12.39, undefined
14/11/2020 00:00:00, 9.805, undefined
15/11/2020 00:00:00, 13.712, undefined
16/11/2020 00:00:00, 12.516, undefined
17/11/2020 00:00:00, 15.486, undefined
18/11/2020 00:00:00, 17.9, undefined
19/11/2020 00:00:00, 15.421, undefined
20/11/2020 00:00:00, 16.389, undefined
21/11/2020 00:00:00, 12.534, undefined
22/11/2020 00:00:00, 19.437, undefined
23/11/2020 00:00:00, 19.133, undefined
24/11/2020 00:00:00, 18.138, undefined
25/11/2020 00:00:00, 10.226, undefined
26/11/2020 00:00:00, 5.579, undefined
27/11/2020 00:00:00, 6.984, undefined
28/11/2020 00:00:00, 16.129, undefined
29/11/2020 00:00:00, 18.799, undefined
30/11/2020 00:00:00, 13.107, undefined
01/12/2020 00:00:00, 13.009, undefined
02/12/2020 00:00:00, 30.193, undefined
03/12/2020 00:00:00, 19.387, undefined
04/12/2020 00:00:00, 23.535, undefined
05/12/2020 00:00:00, 22.588, undefined
06/12/2020 00:00:00, 16.985, undefined
07/12/2020 00:00:00, 13.405, undefined
08/12/2020 00:00:00, 7.132, undefined
09/12/2020 00:00:00, 10.431, undefined
10/12/2020 00:00:00, 6.379, undefined
11/12/2020 00:00:00, 11.903, undefined
12/12/2020 00:00:00, 18.926, undefined
13/12/2020 00:00:00, 17.449, undefined
14/12/2020 00:00:00, 25.071, undefined
15/12/2020 00:00:00, 26.552, undefined
16/12/2020 00:00:00, 13.223, undefined
17/12/2020 00:00:00, 18.497, undefined
18/12/2020 00:00:00, 19.275, undefined
19/12/2020 00:00:00, 10.87, undefined
20/12/2020 00:00:00, 7.946, undefined
21/12/2020 00:00:00, 11.536, undefined
22/12/2020 00:00:00, 7.212, undefined
23/12/2020 00:00:00, 7.981, undefined
24/12/2020 00:00:00, 5.176, undefined
25/12/2020 00:00:00, 12, undefined
26/12/2020 00:00:00, 10.261, undefined
27/12/2020 00:00:00, 12.138, undefined
28/12/2020 00:00:00, 11.432, undefined
29/12/2020 00:00:00, 13.373, undefined
30/12/2020 00:00:00, 9.603, undefined
31/12/2020 00:00:00, 7.313, undefined
01/01/2021 00:00:00, 14.342, undefined
02/01/2021 00:00:00, 10.467, undefined
03/01/2021 00:00:00, 5.645, undefined
04/01/2021 00:00:00, 6.46, undefined
05/01/2021 00:00:00, 9.95, undefined
06/01/2021 00:00:00, 8.58, undefined
07/01/2021 00:00:00, 10.97, undefined
08/01/2021 00:00:00, 8.028, undefined
09/01/2021 00:00:00, 12.73, undefined
10/01/2021 00:00:00, 17.296, undefined
11/01/2021 00:00:00, 18.898, undefined
12/01/2021 00:00:00, 17.756, undefined
13/01/2021 00:00:00, 12.735, undefined
14/01/2021 00:00:00, 12.917, undefined
15/01/2021 00:00:00, 0, undefined
16/01/2021 00:00:00, 13.142, undefined
17/01/2021 00:00:00, 14.023, undefined
18/01/2021 00:00:00, 15.058, undefined
19/01/2021 00:00:00, 22.436, undefined
20/01/2021 00:00:00, 22.86, undefined
21/01/2021 00:00:00, 16.387, undefined
22/01/2021 00:00:00, 16.021, undefined
23/01/2021 00:00:00, 12.349, undefined
24/01/2021 00:00:00, 14.591, undefined
25/01/2021 00:00:00, 22.743, undefined
26/01/2021 00:00:00, 24.024, undefined
27/01/2021 00:00:00, 15.114, undefined
28/01/2021 00:00:00, 11.208, undefined
29/01/2021 00:00:00, 15.105, undefined
30/01/2021 00:00:00, 14.632, undefined
31/01/2021 00:00:00, 14.316, undefined
01/02/2021 00:00:00, 7.071, undefined
02/02/2021 00:00:00, 8.846, undefined
03/02/2021 00:00:00, 9.841, undefined
04/02/2021 00:00:00, 12.375, undefined
05/02/2021 00:00:00, 24.864, undefined
06/02/2021 00:00:00, 16.176, undefined
07/02/2021 00:00:00, 5.119, undefined
08/02/2021 00:00:00, 7.165, undefined
09/02/2021 00:00:00, 11.084, undefined
10/02/2021 00:00:00, 12.922, undefined
11/02/2021 00:00:00, 10.78, undefined
12/02/2021 00:00:00, 17.22, undefined
13/02/2021 00:00:00, 21.847, undefined
14/02/2021 00:00:00, 11.96, undefined
15/02/2021 00:00:00, 7.035, undefined
16/02/2021 00:00:00, 9.998, undefined
17/02/2021 00:00:00, 21.805, undefined
18/02/2021 00:00:00, 17.319, undefined
19/02/2021 00:00:00, 9.978, undefined
20/02/2021 00:00:00, 10.513, undefined
21/02/2021 00:00:00, 13.668, undefined
22/02/2021 00:00:00, 10.129, undefined
23/02/2021 00:00:00, 8.897, undefined
24/02/2021 00:00:00, 11.526, undefined
25/02/2021 00:00:00, 10.519, undefined
26/02/2021 00:00:00, 12.727, undefined
27/02/2021 00:00:00, 8.79, undefined
28/02/2021 00:00:00, 10.438, undefined
01/03/2021 00:00:00, 9.516, undefined
02/03/2021 00:00:00, 7.976, undefined
03/03/2021 00:00:00, 9.648, undefined
04/03/2021 00:00:00, 9.797, undefined
05/03/2021 00:00:00, 16.448, undefined
06/03/2021 00:00:00, 10.971, undefined
07/03/2021 00:00:00, 10.323, undefined
08/03/2021 00:00:00, 6.825, undefined
09/03/2021 00:00:00, 13.877, undefined
10/03/2021 00:00:00, 12.619, undefined
11/03/2021 00:00:00, 11.466, undefined
12/03/2021 00:00:00, 19.288, undefined
13/03/2021 00:00:00, 13.843, undefined
14/03/2021 00:00:00, 8.89, undefined
15/03/2021 00:00:00, 7.736, undefined
16/03/2021 00:00:00, 8.563, undefined
17/03/2021 00:00:00, 15.085, undefined
18/03/2021 00:00:00, 17.617, undefined
19/03/2021 00:00:00, 26.333, undefined
20/03/2021 00:00:00, 13.062, undefined
21/03/2021 00:00:00, 11.279, undefined
22/03/2021 00:00:00, 9.234, undefined
23/03/2021 00:00:00, 9.874, undefined
24/03/2021 00:00:00, 7.474, undefined
25/03/2021 00:00:00, 8.498, undefined
26/03/2021 00:00:00, 10.375, undefined
27/03/2021 00:00:00, 10.066, undefined
28/03/2021 00:00:00, 9.747, undefined
29/03/2021 00:00:00, 13.482, undefined
30/03/2021 00:00:00, 5.771, undefined
31/03/2021 00:00:00, 9.962, undefined
01/04/2021 00:00:00, 6.379, undefined
02/04/2021 00:00:00, 17.518, undefined
03/04/2021 00:00:00, 14.783, undefined
04/04/2021 00:00:00, 17.176, undefined
05/04/2021 00:00:00, 23.738, undefined
06/04/2021 00:00:00, 21.293, undefined
07/04/2021 00:00:00, 32.89, undefined
08/04/2021 00:00:00, 14.463, undefined
09/04/2021 00:00:00, 15.069, undefined
10/04/2021 00:00:00, 15.159, undefined
11/04/2021 00:00:00, 6.898, undefined
12/04/2021 00:00:00, 18.558, undefined
13/04/2021 00:00:00, 14.173, undefined
14/04/2021 00:00:00, 13.037, undefined
15/04/2021 00:00:00, 0, undefined
16/04/2021 00:00:00, 11.121, undefined
17/04/2021 00:00:00, 15.303, undefined
18/04/2021 00:00:00, 10.895, undefined
19/04/2021 00:00:00, 8.081, undefined
20/04/2021 00:00:00, 12.501, undefined
21/04/2021 00:00:00, 8.84, undefined
22/04/2021 00:00:00, 12.577, undefined
23/04/2021 00:00:00, 12.95, undefined
24/04/2021 00:00:00, 8.492, undefined
25/04/2021 00:00:00, 8.746, undefined
26/04/2021 00:00:00, 8.053, undefined
27/04/2021 00:00:00, 13.661, undefined
28/04/2021 00:00:00, 12.29, undefined
29/04/2021 00:00:00, 10.163, undefined
30/04/2021 00:00:00, 10.323, undefined
01/05/2021 00:00:00, 10.093, undefined
02/05/2021 00:00:00, 21.837, undefined
03/05/2021 00:00:00, 14.142, undefined
04/05/2021 00:00:00, 10.206, undefined
05/05/2021 00:00:00, 8.264, undefined
06/05/2021 00:00:00, 15.332, undefined
07/05/2021 00:00:00, 16.032, undefined
08/05/2021 00:00:00, 9.587, undefined
09/05/2021 00:00:00, 9.586, undefined
10/05/2021 00:00:00, 7.524, undefined
11/05/2021 00:00:00, 5.431, undefined
12/05/2021 00:00:00, 14.56, undefined
13/05/2021 00:00:00, 12.617, undefined
14/05/2021 00:00:00, 12.551, undefined
15/05/2021 00:00:00, 8.359, undefined
16/05/2021 00:00:00, 14.594, undefined
17/05/2021 00:00:00, 15.765, undefined
18/05/2021 00:00:00, 6.707, undefined
19/05/2021 00:00:00, 9.254, undefined
20/05/2021 00:00:00, 13.405, undefined
21/05/2021 00:00:00, 16.31, undefined
22/05/2021 00:00:00, 17.508, undefined
23/05/2021 00:00:00, 10.993, undefined
24/05/2021 00:00:00, 10.624, undefined
25/05/2021 00:00:00, 12.781, undefined
26/05/2021 00:00:00, 8.173, undefined
27/05/2021 00:00:00, 9.798, undefined
28/05/2021 00:00:00, 8.273, undefined
29/05/2021 00:00:00, 9.863, undefined
30/05/2021 00:00:00, 8.457, undefined
31/05/2021 00:00:00, 7.989, undefined
01/06/2021 00:00:00, 8.817, undefined
02/06/2021 00:00:00, 12.252, undefined
03/06/2021 00:00:00, 13.651, undefined
04/06/2021 00:00:00, 14.309, undefined
05/06/2021 00:00:00, 12.8, undefined
06/06/2021 00:00:00, 7.805, undefined
07/06/2021 00:00:00, 10.314, undefined
08/06/2021 00:00:00, 13.472, undefined
09/06/2021 00:00:00, 12.007, undefined
10/06/2021 00:00:00, 18.938, undefined
11/06/2021 00:00:00, 11.83, undefined
12/06/2021 00:00:00, 11.007, undefined
13/06/2021 00:00:00, 10.436, undefined
14/06/2021 00:00:00, 7.636, undefined
15/06/2021 00:00:00, 4.144, undefined
16/06/2021 00:00:00, 9.168, undefined
17/06/2021 00:00:00, 9.736, undefined
18/06/2021 00:00:00, 9.127, undefined
19/06/2021 00:00:00, 9.238, undefined
20/06/2021 00:00:00, 6.275, undefined
21/06/2021 00:00:00, 11.367, undefined
22/06/2021 00:00:00, 16.874, undefined
23/06/2021 00:00:00, 11.067, undefined
24/06/2021 00:00:00, 13.827, undefined
25/06/2021 00:00:00, 13.847, undefined
26/06/2021 00:00:00, 12.634, undefined
27/06/2021 00:00:00, 15.254, undefined
28/06/2021 00:00:00, 8.054, undefined
29/06/2021 00:00:00, 10.119, undefined
30/06/2021 00:00:00, 15.922, undefined
01/07/2021 00:00:00, 15.017, undefined
02/07/2021 00:00:00, 15.35, undefined
03/07/2021 00:00:00, 11.256, undefined
04/07/2021 00:00:00, 9.783, undefined
05/07/2021 00:00:00, 8.477, undefined
06/07/2021 00:00:00, 7.693, undefined
07/07/2021 00:00:00, 9.585, undefined
08/07/2021 00:00:00, 18.802, undefined
09/07/2021 00:00:00, 10.235, undefined
10/07/2021 00:00:00, 10.037, undefined
11/07/2021 00:00:00, 16.208, undefined
12/07/2021 00:00:00, 15.045, undefined
13/07/2021 00:00:00, 12.617, undefined
14/07/2021 00:00:00, 10.493, undefined
15/07/2021 00:00:00, 9.512, undefined
16/07/2021 00:00:00, 15.929, undefined
17/07/2021 00:00:00, 18.591, undefined
18/07/2021 00:00:00, 16.219, undefined
19/07/2021 00:00:00, 16.787, undefined
20/07/2021 00:00:00, 10.451, undefined
21/07/2021 00:00:00, 9.481, undefined
22/07/2021 00:00:00, 10.705, undefined
23/07/2021 00:00:00, 11.341, undefined
24/07/2021 00:00:00, 19.403, undefined
25/07/2021 00:00:00, 14.348, undefined
26/07/2021 00:00:00, 6.835, undefined
27/07/2021 00:00:00, 7.207, undefined
28/07/2021 00:00:00, 11.474, undefined
29/07/2021 00:00:00, 12.302, undefined
30/07/2021 00:00:00, 13.082, undefined
31/07/2021 00:00:00, 12.178, undefined
01/08/2021 00:00:00, 11.908, undefined
02/08/2021 00:00:00, 11.948, undefined
03/08/2021 00:00:00, 12.574, undefined
04/08/2021 00:00:00, 14.306, undefined
05/08/2021 00:00:00, 18.256, undefined
06/08/2021 00:00:00, 12.268, undefined
07/08/2021 00:00:00, 10.033, undefined
08/08/2021 00:00:00, 12.262, undefined
09/08/2021 00:00:00, 8.87, undefined
10/08/2021 00:00:00, 19.175, undefined
11/08/2021 00:00:00, 10.263, undefined
12/08/2021 00:00:00, 17.296, undefined
13/08/2021 00:00:00, 14.512, undefined
14/08/2021 00:00:00, 13.056, undefined
15/08/2021 00:00:00, 11.921, undefined
16/08/2021 00:00:00, 12.547, undefined
17/08/2021 00:00:00, 12.916, undefined
18/08/2021 00:00:00, 21.404, undefined
19/08/2021 00:00:00, 11.629, undefined
20/08/2021 00:00:00, 8.005, undefined
21/08/2021 00:00:00, 10.899, undefined
22/08/2021 00:00:00, 11.243, undefined
23/08/2021 00:00:00, 10.476, undefined
24/08/2021 00:00:00, 14.323, undefined
25/08/2021 00:00:00, 12.843, undefined
26/08/2021 00:00:00, 11.278, undefined
27/08/2021 00:00:00, 13.839, undefined
28/08/2021 00:00:00, 5.188, undefined
29/08/2021 00:00:00, 4.737, undefined
30/08/2021 00:00:00, 6.703, undefined
31/08/2021 00:00:00, 13.639, undefined
01/09/2021 00:00:00, 7.899, undefined
02/09/2021 00:00:00, 8.109, undefined
03/09/2021 00:00:00, 11.614, undefined
04/09/2021 00:00:00, 10.825, undefined
05/09/2021 00:00:00, 11.766, undefined
06/09/2021 00:00:00, 12.308, undefined
07/09/2021 00:00:00, 11.64, undefined
08/09/2021 00:00:00, 13.852, undefined
09/09/2021 00:00:00, 16.946, undefined
10/09/2021 00:00:00, 13.094, undefined
11/09/2021 00:00:00, 36.151, undefined
12/09/2021 00:00:00, 11.158, undefined
13/09/2021 00:00:00, 11.438, undefined
14/09/2021 00:00:00, 20.839, undefined
15/09/2021 00:00:00, 15.242, undefined
16/09/2021 00:00:00, 12.231, undefined
17/09/2021 00:00:00, 9.375, undefined
18/09/2021 00:00:00, 11.571, undefined
19/09/2021 00:00:00, 7.061, undefined
20/09/2021 00:00:00, 7.375, undefined
21/09/2021 00:00:00, 13.981, undefined
22/09/2021 00:00:00, 20.707, undefined
23/09/2021 00:00:00, 10.582, undefined
24/09/2021 00:00:00, 6.314, undefined
25/09/2021 00:00:00, 18.476, undefined
26/09/2021 00:00:00, 26.379, undefined
27/09/2021 00:00:00, 15.511, undefined
28/09/2021 00:00:00, 10.605, undefined
29/09/2021 00:00:00, 11.777, undefined
30/09/2021 00:00:00, 10.178, undefined
01/10/2021 00:00:00, 14.908, undefined
02/10/2021 00:00:00, 11.316, undefined
03/10/2021 00:00:00, 14.584, undefined
04/10/2021 00:00:00, 7.153, undefined
05/10/2021 00:00:00, 7.37, undefined
06/10/2021 00:00:00, 12.494, undefined
07/10/2021 00:00:00, 6.852, undefined
08/10/2021 00:00:00, 6.869, undefined
09/10/2021 00:00:00, 11.907, undefined
10/10/2021 00:00:00, 13.252, undefined
11/10/2021 00:00:00, 7.707, undefined
12/10/2021 00:00:00, 15.24, undefined
13/10/2021 00:00:00, 11.101, undefined
14/10/2021 00:00:00, 15.748, undefined
15/10/2021 00:00:00, 13.081, undefined
16/10/2021 00:00:00, 13.45, undefined
17/10/2021 00:00:00, 14.306, undefined
18/10/2021 00:00:00, 11.503, undefined
19/10/2021 00:00:00, 27.37, undefined
20/10/2021 00:00:00, 23.328, undefined
21/10/2021 00:00:00, 17.971, undefined
22/10/2021 00:00:00, 15.17, undefined
23/10/2021 00:00:00, 12.4, undefined
24/10/2021 00:00:00, 9.597, undefined
25/10/2021 00:00:00, 7.338, undefined
26/10/2021 00:00:00, 3.177, undefined
27/10/2021 00:00:00, 5.89, undefined
28/10/2021 00:00:00, 10.398, undefined
29/10/2021 00:00:00, 13.911, undefined
30/10/2021 00:00:00, 7.935, undefined
31/10/2021 00:00:00, 8.606, undefined
01/11/2021 00:00:00, 17.731, undefined
02/11/2021 00:00:00, 19.035, undefined
03/11/2021 00:00:00, 25.162, undefined
04/11/2021 00:00:00, 23.391, undefined
05/11/2021 00:00:00, 26.944, undefined
06/11/2021 00:00:00, 12.811, undefined
07/11/2021 00:00:00, 7.738, undefined
08/11/2021 00:00:00, 5.494, undefined
09/11/2021 00:00:00, 9.991, undefined
10/11/2021 00:00:00, 9.753, undefined
11/11/2021 00:00:00, 7.94, undefined
12/11/2021 00:00:00, 9.832, undefined
13/11/2021 00:00:00, 8.781, undefined
14/11/2021 00:00:00, 9.499, undefined
15/11/2021 00:00:00, 15.582, undefined
16/11/2021 00:00:00, 21.75, undefined
17/11/2021 00:00:00, 26.805, undefined
18/11/2021 00:00:00, 18.429, undefined
19/11/2021 00:00:00, 13.59, undefined
20/11/2021 00:00:00, 17.134, undefined
21/11/2021 00:00:00, 9.444, undefined
22/11/2021 00:00:00, 7.744, undefined
23/11/2021 00:00:00, 14.585, undefined
24/11/2021 00:00:00, 9.844, undefined
25/11/2021 00:00:00, 6.705, undefined
26/11/2021 00:00:00, 12.789, undefined
27/11/2021 00:00:00, 17.396, undefined
28/11/2021 00:00:00, 14.093, undefined
29/11/2021 00:00:00, 9.303, undefined
30/11/2021 00:00:00, 8.7, undefined
01/12/2021 00:00:00, 5.701, undefined
02/12/2021 00:00:00, 9.962, undefined
03/12/2021 00:00:00, 10.4, undefined
04/12/2021 00:00:00, 8.421, undefined
05/12/2021 00:00:00, 7.182, undefined
06/12/2021 00:00:00, 10.499, undefined
07/12/2021 00:00:00, 6.271, undefined
08/12/2021 00:00:00, 3.243, undefined
09/12/2021 00:00:00, 10.185, undefined
10/12/2021 00:00:00, 10.913, undefined
11/12/2021 00:00:00, 11.101, undefined
12/12/2021 00:00:00, 11.576, undefined
13/12/2021 00:00:00, 12.102, undefined
14/12/2021 00:00:00, 12.547, undefined
15/12/2021 00:00:00, 5.596, undefined
16/12/2021 00:00:00, 6.049, undefined
17/12/2021 00:00:00, 10.975, undefined
18/12/2021 00:00:00, 11.966, undefined
19/12/2021 00:00:00, 14.879, undefined
20/12/2021 00:00:00, 25.883, undefined
21/12/2021 00:00:00, 21.962, undefined
22/12/2021 00:00:00, 26.961, undefined
23/12/2021 00:00:00, 27.276, undefined
24/12/2021 00:00:00, 20.789, undefined
25/12/2021 00:00:00, 20.585, undefined
26/12/2021 00:00:00, 16.364, undefined
27/12/2021 00:00:00, 11.613, undefined
28/12/2021 00:00:00, 10.43, undefined
29/12/2021 00:00:00, 9.902, undefined
30/12/2021 00:00:00, 7.222, undefined
31/12/2021 00:00:00, 11.915, undefined
01/01/2022 00:00:00, 12.153, undefined
02/01/2022 00:00:00, 13.743, undefined
03/01/2022 00:00:00, 10.939, undefined
04/01/2022 00:00:00, 13.167, undefined
05/01/2022 00:00:00, 13.748, undefined
06/01/2022 00:00:00, 12.504, undefined
07/01/2022 00:00:00, 13.806, undefined
08/01/2022 00:00:00, 16.507, undefined
09/01/2022 00:00:00, 6.459, undefined
10/01/2022 00:00:00, 13.22, undefined
11/01/2022 00:00:00, 17.075, undefined
12/01/2022 00:00:00, 9.726, undefined
13/01/2022 00:00:00, 17.697, undefined
14/01/2022 00:00:00, 20.041, undefined
15/01/2022 00:00:00, 11.401, undefined
16/01/2022 00:00:00, 9.779, undefined
17/01/2022 00:00:00, 7.312, undefined
18/01/2022 00:00:00, 12.961, undefined
19/01/2022 00:00:00, 17.693, undefined
20/01/2022 00:00:00, 19.346, undefined
21/01/2022 00:00:00, 14.999, undefined
22/01/2022 00:00:00, 11.96, undefined
23/01/2022 00:00:00, 8.767, undefined
24/01/2022 00:00:00, 14.259, undefined
25/01/2022 00:00:00, 10.367, undefined
26/01/2022 00:00:00, 9.328, undefined
27/01/2022 00:00:00, 10.582, undefined
28/01/2022 00:00:00, 17.856, undefined
29/01/2022 00:00:00, 13.625, undefined
30/01/2022 00:00:00, 11.557, undefined
31/01/2022 00:00:00, 18.347, undefined
01/02/2022 00:00:00, 8.648, undefined
02/02/2022 00:00:00, 12.438, undefined
03/02/2022 00:00:00, 15.617, undefined
04/02/2022 00:00:00, 18.324, undefined
05/02/2022 00:00:00, 19.159, undefined
06/02/2022 00:00:00, 4.862, undefined
07/02/2022 00:00:00, 8.581, undefined
08/02/2022 00:00:00, 12.325, undefined
09/02/2022 00:00:00, 10.128, undefined
10/02/2022 00:00:00, 11.081, undefined
11/02/2022 00:00:00, 8.424, undefined
12/02/2022 00:00:00, 6.069, undefined
13/02/2022 00:00:00, 3.272, undefined
14/02/2022 00:00:00, 12.666, undefined
15/02/2022 00:00:00, 11.812, undefined
16/02/2022 00:00:00, 12.868, undefined
17/02/2022 00:00:00, 15.682, undefined
18/02/2022 00:00:00, 8.525, undefined
19/02/2022 00:00:00, 13.089, undefined
20/02/2022 00:00:00, 10.876, undefined
21/02/2022 00:00:00, 13.851, undefined
22/02/2022 00:00:00, 10.164, undefined
23/02/2022 00:00:00, 10.9, undefined
24/02/2022 00:00:00, 25.377, undefined
25/02/2022 00:00:00, 21.439, undefined
26/02/2022 00:00:00, 14.265, undefined
27/02/2022 00:00:00, 14.681, undefined
28/02/2022 00:00:00, 20.205, undefined
01/03/2022 00:00:00, 13.152, undefined
02/03/2022 00:00:00, 7.16, undefined
03/03/2022 00:00:00, 17.344, undefined
04/03/2022 00:00:00, 19.837, undefined
05/03/2022 00:00:00, 15.719, undefined
06/03/2022 00:00:00, 11.946, undefined
07/03/2022 00:00:00, 14.136, undefined
08/03/2022 00:00:00, 20.438, undefined
09/03/2022 00:00:00, 10.188, undefined
10/03/2022 00:00:00, 13.014, undefined
11/03/2022 00:00:00, 13.71, undefined
12/03/2022 00:00:00, 16.469, undefined
13/03/2022 00:00:00, 16.66, undefined
14/03/2022 00:00:00, 17.424, undefined
15/03/2022 00:00:00, 14.114, undefined
16/03/2022 00:00:00, 12.505, undefined
17/03/2022 00:00:00, 9.119, undefined
18/03/2022 00:00:00, 12.015, undefined
19/03/2022 00:00:00, 8.967, undefined
20/03/2022 00:00:00, 9.46, undefined
21/03/2022 00:00:00, 6.49, undefined
22/03/2022 00:00:00, 9.547, undefined
23/03/2022 00:00:00, 7.862, undefined
24/03/2022 00:00:00, 13.859, undefined
25/03/2022 00:00:00, 12.325, undefined
26/03/2022 00:00:00, 18.845, undefined
27/03/2022 00:00:00, 21.464, undefined
28/03/2022 00:00:00, 9.741, undefined
29/03/2022 00:00:00, 7.687, undefined
30/03/2022 00:00:00, 7.459, undefined
31/03/2022 00:00:00, 4.815, undefined
01/04/2022 00:00:00, 7.186, undefined
02/04/2022 00:00:00, 15.369, undefined
03/04/2022 00:00:00, 10.504, undefined
04/04/2022 00:00:00, 10.949, undefined
05/04/2022 00:00:00, 12.815, undefined
06/04/2022 00:00:00, 10.524, undefined
07/04/2022 00:00:00, 11.479, undefined
08/04/2022 00:00:00, 16.772, undefined
09/04/2022 00:00:00, 12.365, undefined
10/04/2022 00:00:00, 28.335, undefined
11/04/2022 00:00:00, 21.381, undefined
12/04/2022 00:00:00, 17.335, undefined
13/04/2022 00:00:00, 12.786, undefined
14/04/2022 00:00:00, 14.775, undefined
15/04/2022 00:00:00, 12.459, undefined
16/04/2022 00:00:00, 10.667, undefined
17/04/2022 00:00:00, 15.775, undefined
18/04/2022 00:00:00, 26.529, undefined
19/04/2022 00:00:00, 13.061, undefined
20/04/2022 00:00:00, 8.335, undefined
21/04/2022 00:00:00, 6.076, undefined
22/04/2022 00:00:00, 8.47, undefined
23/04/2022 00:00:00, 13.784, undefined
24/04/2022 00:00:00, 12.648, undefined
25/04/2022 00:00:00, 7.958, undefined
26/04/2022 00:00:00, 9.618, undefined
27/04/2022 00:00:00, 14.136, undefined
28/04/2022 00:00:00, 17.033, undefined
29/04/2022 00:00:00, 14.283, undefined
30/04/2022 00:00:00, 15.017, undefined
01/05/2022 00:00:00, 10.043, undefined
02/05/2022 00:00:00, 11.753, undefined
03/05/2022 00:00:00, 14.14, undefined
04/05/2022 00:00:00, 11.868, undefined
05/05/2022 00:00:00, 13.085, undefined
06/05/2022 00:00:00, 12.721, undefined
07/05/2022 00:00:00, 14.913, undefined
08/05/2022 00:00:00, 9.844, undefined
09/05/2022 00:00:00, 11.047, undefined
10/05/2022 00:00:00, 14.053, undefined
11/05/2022 00:00:00, 12.071, undefined
12/05/2022 00:00:00, 8.939, undefined
13/05/2022 00:00:00, 12.059, undefined
14/05/2022 00:00:00, 10.512, undefined
15/05/2022 00:00:00, 10.168, undefined
16/05/2022 00:00:00, 10.349, undefined
17/05/2022 00:00:00, 8.529, undefined
18/05/2022 00:00:00, 5.833, undefined
19/05/2022 00:00:00, 15.404, undefined
20/05/2022 00:00:00, 13.097, undefined
21/05/2022 00:00:00, 11.573, undefined
22/05/2022 00:00:00, 5.865, undefined
23/05/2022 00:00:00, 12.597, undefined
24/05/2022 00:00:00, 15.609, undefined
25/05/2022 00:00:00, 16.136, undefined
26/05/2022 00:00:00, 16.398, undefined
27/05/2022 00:00:00, 16.508, undefined
28/05/2022 00:00:00, 17.52, undefined
29/05/2022 00:00:00, 7.376, undefined
30/05/2022 00:00:00, 7.382, undefined
31/05/2022 00:00:00, 19.854, undefined
01/06/2022 00:00:00, 19.189, undefined
02/06/2022 00:00:00, 22.625, undefined
03/06/2022 00:00:00, 15.406, undefined
04/06/2022 00:00:00, 11.073, undefined
05/06/2022 00:00:00, 14.198, undefined
06/06/2022 00:00:00, 9.503, undefined
07/06/2022 00:00:00, 7.094, undefined
08/06/2022 00:00:00, 6.916, undefined
09/06/2022 00:00:00, 18.004, undefined
10/06/2022 00:00:00, 11.363, undefined
11/06/2022 00:00:00, 18.845, undefined
12/06/2022 00:00:00, 13.725, undefined
13/06/2022 00:00:00, 12.627, undefined
14/06/2022 00:00:00, 13.608, undefined
15/06/2022 00:00:00, 11.259, undefined
16/06/2022 00:00:00, 7.356, undefined
17/06/2022 00:00:00, 9.143, undefined
18/06/2022 00:00:00, 15.981, undefined
19/06/2022 00:00:00, 9.188, undefined
20/06/2022 00:00:00, 9.995, undefined
21/06/2022 00:00:00, 11.721, undefined
22/06/2022 00:00:00, 9.177, undefined
23/06/2022 00:00:00, 6.87, undefined
24/06/2022 00:00:00, 11.34, undefined
25/06/2022 00:00:00, 7.047, undefined
26/06/2022 00:00:00, 6.514, undefined
27/06/2022 00:00:00, 7.762, undefined
28/06/2022 00:00:00, 9.45, undefined
29/06/2022 00:00:00, 6.65, undefined
30/06/2022 00:00:00, 5.159, undefined
01/07/2022 00:00:00, 10.854, undefined
02/07/2022 00:00:00, 13.088, undefined
03/07/2022 00:00:00, 10.737, undefined
04/07/2022 00:00:00, 8.824, undefined
05/07/2022 00:00:00, 14.327, undefined
06/07/2022 00:00:00, 8.17, undefined
07/07/2022 00:00:00, 21.725, undefined
08/07/2022 00:00:00, 17.451, undefined
09/07/2022 00:00:00, 10.445, undefined
10/07/2022 00:00:00, 25.283, undefined
11/07/2022 00:00:00, 19.469, undefined
12/07/2022 00:00:00, 12.206, undefined
13/07/2022 00:00:00, 8.826, undefined
14/07/2022 00:00:00, 19.263, undefined
15/07/2022 00:00:00, 9.651, undefined
16/07/2022 00:00:00, 9.981, undefined
17/07/2022 00:00:00, 7.137, undefined
18/07/2022 00:00:00, 8.084, undefined
19/07/2022 00:00:00, 12.859, undefined
20/07/2022 00:00:00, 16.631, undefined
21/07/2022 00:00:00, 6.239, undefined
22/07/2022 00:00:00, 11.887, undefined
23/07/2022 00:00:00, 10.252, undefined
24/07/2022 00:00:00, 10.959, undefined
25/07/2022 00:00:00, 8.615, undefined
26/07/2022 00:00:00, 6.734, undefined
27/07/2022 00:00:00, 9.201, undefined
28/07/2022 00:00:00, 9.922, undefined
29/07/2022 00:00:00, 8.892, undefined
30/07/2022 00:00:00, 10.082, undefined
31/07/2022 00:00:00, 7.144, undefined
01/08/2022 00:00:00, 11.407, undefined
02/08/2022 00:00:00, 8.97, undefined
03/08/2022 00:00:00, 14.054, undefined
04/08/2022 00:00:00, 17.781, undefined
05/08/2022 00:00:00, 17.771, undefined
06/08/2022 00:00:00, 8.331, undefined
07/08/2022 00:00:00, 10.421, undefined
08/08/2022 00:00:00, 12.056, undefined
09/08/2022 00:00:00, 11.375, undefined
10/08/2022 00:00:00, 9.285, undefined
11/08/2022 00:00:00, 6.394, undefined
12/08/2022 00:00:00, 7.642, undefined
13/08/2022 00:00:00, 11.181, undefined
14/08/2022 00:00:00, 11.775, undefined
15/08/2022 00:00:00, 9.872, undefined
16/08/2022 00:00:00, 13.698, undefined
17/08/2022 00:00:00, 10.127, undefined
18/08/2022 00:00:00, 6.893, undefined
19/08/2022 00:00:00, 4.738, undefined
20/08/2022 00:00:00, 2.471, undefined
21/08/2022 00:00:00, 4.095, undefined
22/08/2022 00:00:00, 12.49, undefined
23/08/2022 00:00:00, 12.539, undefined
24/08/2022 00:00:00, 7.42, undefined
25/08/2022 00:00:00, 13.144, undefined
26/08/2022 00:00:00, 10.814, undefined
27/08/2022 00:00:00, 10.44, undefined
28/08/2022 00:00:00, 9.573, undefined
29/08/2022 00:00:00, 8.377, undefined
30/08/2022 00:00:00, 10.128, undefined
31/08/2022 00:00:00, 7.037, undefined
01/09/2022 00:00:00, 10.042, undefined
02/09/2022 00:00:00, 14.048, undefined
03/09/2022 00:00:00, 11.943, undefined
04/09/2022 00:00:00, 12.27, undefined
05/09/2022 00:00:00, 9.015, undefined
06/09/2022 00:00:00, 17.098, undefined
07/09/2022 00:00:00, 13.942, undefined
08/09/2022 00:00:00, 8.835, undefined
09/09/2022 00:00:00, 9.029, undefined
10/09/2022 00:00:00, 9.037, undefined
11/09/2022 00:00:00, 5.366, undefined
12/09/2022 00:00:00, 4.78, undefined
13/09/2022 00:00:00, 6.619, undefined
14/09/2022 00:00:00, 13.565, undefined
15/09/2022 00:00:00, 13.687, undefined
16/09/2022 00:00:00, 10.857, undefined
17/09/2022 00:00:00, 18.337, undefined
18/09/2022 00:00:00, 12.878, undefined
19/09/2022 00:00:00, 7.115, undefined
20/09/2022 00:00:00, 11.606, undefined
21/09/2022 00:00:00, 11.833, undefined
22/09/2022 00:00:00, 13.317, undefined
23/09/2022 00:00:00, 4.794, undefined
24/09/2022 00:00:00, 6.93, undefined
25/09/2022 00:00:00, 7.576, undefined
26/09/2022 00:00:00, 11.983, undefined
27/09/2022 00:00:00, 16.611, undefined
28/09/2022 00:00:00, 14.367, undefined
29/09/2022 00:00:00, 10.91, undefined
30/09/2022 00:00:00, 7.861, undefined
01/10/2022 00:00:00, 11.016, undefined
02/10/2022 00:00:00, 7.891, undefined
03/10/2022 00:00:00, 5.472, undefined
04/10/2022 00:00:00, 12.197, undefined
05/10/2022 00:00:00, 21.357, undefined
06/10/2022 00:00:00, 12.299, undefined
07/10/2022 00:00:00, 12.385, undefined
08/10/2022 00:00:00, 24.79, undefined
09/10/2022 00:00:00, 15.139, undefined
10/10/2022 00:00:00, 11.435, undefined
11/10/2022 00:00:00, 10.489, undefined
12/10/2022 00:00:00, 17.997, undefined
13/10/2022 00:00:00, 13.509, undefined
14/10/2022 00:00:00, 8.905, undefined
15/10/2022 00:00:00, 9.756, undefined
16/10/2022 00:00:00, 7.46, undefined
17/10/2022 00:00:00, 6.203, undefined
18/10/2022 00:00:00, 15.523, undefined
19/10/2022 00:00:00, 15.332, undefined
20/10/2022 00:00:00, 15.876, undefined
21/10/2022 00:00:00, 14.811, undefined
22/10/2022 00:00:00, 30.808, undefined
23/10/2022 00:00:00, 16.875, undefined
24/10/2022 00:00:00, 14.966, undefined
25/10/2022 00:00:00, 14.002, undefined
26/10/2022 00:00:00, 25.806, undefined
27/10/2022 00:00:00, 15.912, undefined
28/10/2022 00:00:00, 15.961, undefined
29/10/2022 00:00:00, 15.594, undefined
30/10/2022 00:00:00, 11.378, undefined
31/10/2022 00:00:00, 13.782, undefined
01/11/2022 00:00:00, 8.053, undefined
02/11/2022 00:00:00, 11.978, undefined
03/11/2022 00:00:00, 16.667, undefined
04/11/2022 00:00:00, 21.898, undefined
05/11/2022 00:00:00, 18.914, undefined
06/11/2022 00:00:00, 16.73, undefined
07/11/2022 00:00:00, 15.253, undefined
08/11/2022 00:00:00, 14.633, undefined
09/11/2022 00:00:00, 15.702, undefined
10/11/2022 00:00:00, 14.832, undefined
11/11/2022 00:00:00, 21.992, undefined
12/11/2022 00:00:00, 13.141, undefined
13/11/2022 00:00:00, 4.862, undefined
14/11/2022 00:00:00, 7.767, undefined
15/11/2022 00:00:00, 10.463, undefined
16/11/2022 00:00:00, 10.33, undefined
17/11/2022 00:00:00, 8.876, undefined
18/11/2022 00:00:00, 7.887, undefined
19/11/2022 00:00:00, 7.496, undefined
20/11/2022 00:00:00, 9.093, undefined
21/11/2022 00:00:00, 5.522, undefined
22/11/2022 00:00:00, 17.367, undefined
23/11/2022 00:00:00, 25.652, undefined
24/11/2022 00:00:00, 12.763, undefined
25/11/2022 00:00:00, 16.753, undefined
26/11/2022 00:00:00, 10.671, undefined
27/11/2022 00:00:00, 12.092, undefined
28/11/2022 00:00:00, 4.877, undefined
29/11/2022 00:00:00, 14.221, undefined
30/11/2022 00:00:00, 13.854, undefined
01/12/2022 00:00:00, 16.384, undefined
02/12/2022 00:00:00, 19.291, undefined
03/12/2022 00:00:00, 10.228, undefined
04/12/2022 00:00:00, 11.966, undefined
05/12/2022 00:00:00, 17.004, undefined
06/12/2022 00:00:00, 20.689, undefined
07/12/2022 00:00:00, 16.329, undefined
08/12/2022 00:00:00, 18.559, undefined
09/12/2022 00:00:00, 14.465, undefined
10/12/2022 00:00:00, 10.393, undefined
11/12/2022 00:00:00, 7.402, undefined
12/12/2022 00:00:00, 13.197, undefined
13/12/2022 00:00:00, 15.606, undefined
14/12/2022 00:00:00, 11.961, undefined
15/12/2022 00:00:00, 10.056, undefined
16/12/2022 00:00:00, 7.275, undefined
17/12/2022 00:00:00, 4.937, undefined
18/12/2022 00:00:00, 3.947, undefined
19/12/2022 00:00:00, 5.499, undefined
20/12/2022 00:00:00, 8.024, undefined
21/12/2022 00:00:00, 10.727, undefined
22/12/2022 00:00:00, 11.848, undefined
23/12/2022 00:00:00, 11.432, undefined
24/12/2022 00:00:00, 8.944, undefined
25/12/2022 00:00:00, 9.376, undefined
26/12/2022 00:00:00, 8.326, undefined
27/12/2022 00:00:00, 7.706, undefined
28/12/2022 00:00:00, 8.43, undefined
29/12/2022 00:00:00, 5.974, undefined
30/12/2022 00:00:00, 9.519, undefined
31/12/2022 00:00:00, 20.611, undefined
01/01/2023 00:00:00, 17.089, undefined
02/01/2023 00:00:00, 15.646, undefined
03/01/2023 00:00:00, 7.542, undefined
04/01/2023 00:00:00, 3.61, undefined
05/01/2023 00:00:00, 8.583, undefined
06/01/2023 00:00:00, 7.741, undefined
07/01/2023 00:00:00, 5.773, undefined
08/01/2023 00:00:00, 8.412, undefined
09/01/2023 00:00:00, 19.86, undefined
10/01/2023 00:00:00, 15.119, undefined
11/01/2023 00:00:00, 8.868, undefined
12/01/2023 00:00:00, 10.271, undefined
13/01/2023 00:00:00, 18.158, undefined
14/01/2023 00:00:00, 11.138, undefined
15/01/2023 00:00:00, 9.999, undefined
16/01/2023 00:00:00, 7.059, undefined
17/01/2023 00:00:00, 9.157, undefined
18/01/2023 00:00:00, 12.725, undefined
19/01/2023 00:00:00, 13.213, undefined
20/01/2023 00:00:00, 11.481, undefined
21/01/2023 00:00:00, 18.201, undefined
22/01/2023 00:00:00, 21.25, undefined
23/01/2023 00:00:00, 14.162, undefined
24/01/2023 00:00:00, 14.56, undefined
25/01/2023 00:00:00, 12.764, undefined
26/01/2023 00:00:00, 13.059, undefined
27/01/2023 00:00:00, 10.048, undefined
28/01/2023 00:00:00, 10.907, undefined
29/01/2023 00:00:00, 16.768, undefined
30/01/2023 00:00:00, 8.801, undefined
31/01/2023 00:00:00, 5.069, undefined
01/02/2023 00:00:00, 8.135, undefined
02/02/2023 00:00:00, 14.148, undefined
03/02/2023 00:00:00, 6.761, undefined
04/02/2023 00:00:00, 7.676, undefined
05/02/2023 00:00:00, 9.747, undefined
06/02/2023 00:00:00, 11.986, undefined
07/02/2023 00:00:00, 21.57, undefined
08/02/2023 00:00:00, 22.776, undefined
09/02/2023 00:00:00, 21.767, undefined
10/02/2023 00:00:00, 14.274, undefined
11/02/2023 00:00:00, 12.789, undefined
12/02/2023 00:00:00, 11.101, undefined
13/02/2023 00:00:00, 8.772, undefined
14/02/2023 00:00:00, 18.863, undefined
15/02/2023 00:00:00, 15.752, undefined
16/02/2023 00:00:00, 12.108, undefined
17/02/2023 00:00:00, 14.293, undefined
18/02/2023 00:00:00, 15.849, undefined
19/02/2023 00:00:00, 9.151, undefined
20/02/2023 00:00:00, 11.357, undefined
21/02/2023 00:00:00, 15.08, undefined
22/02/2023 00:00:00, 16.717, undefined
23/02/2023 00:00:00, 12.586, undefined
24/02/2023 00:00:00, 9.867, undefined
25/02/2023 00:00:00, 14.58, undefined
26/02/2023 00:00:00, 11.05, undefined
27/02/2023 00:00:00, 4.454, undefined
28/02/2023 00:00:00, 8.164, undefined
01/03/2023 00:00:00, 8.052, undefined
02/03/2023 00:00:00, 10.008, undefined
03/03/2023 00:00:00, 14.879, undefined
04/03/2023 00:00:00, 12.349, undefined
05/03/2023 00:00:00, 14.818, undefined
06/03/2023 00:00:00, 17.346, undefined
07/03/2023 00:00:00, 10.561, undefined
08/03/2023 00:00:00, 11.13, undefined
09/03/2023 00:00:00, 16.2, undefined
10/03/2023 00:00:00, 14.022, undefined
11/03/2023 00:00:00, 11.094, undefined
12/03/2023 00:00:00, 10.44, undefined
13/03/2023 00:00:00, 13.406, undefined
14/03/2023 00:00:00, 15.407, undefined
15/03/2023 00:00:00, 12.182, undefined
16/03/2023 00:00:00, 11.886, undefined
17/03/2023 00:00:00, 12.498, undefined
18/03/2023 00:00:00, 16.362, undefined
19/03/2023 00:00:00, 17.21, undefined
20/03/2023 00:00:00, 13.709, undefined
21/03/2023 00:00:00, 15.797, undefined
22/03/2023 00:00:00, 16.884, undefined
23/03/2023 00:00:00, 15.174, undefined
24/03/2023 00:00:00, 13.426, undefined
25/03/2023 00:00:00, 12.819, undefined
26/03/2023 00:00:00, 11.55, undefined
27/03/2023 00:00:00, 10.875, undefined
28/03/2023 00:00:00, 16.88, undefined
29/03/2023 00:00:00, 9.932, undefined
30/03/2023 00:00:00, 19.195, undefined
31/03/2023 00:00:00, 19.013, undefined
01/04/2023 00:00:00, 11.32, undefined
02/04/2023 00:00:00, 9.674, undefined
03/04/2023 00:00:00, 15.328, undefined
04/04/2023 00:00:00, 16.555, undefined
05/04/2023 00:00:00, 10.558, undefined
06/04/2023 00:00:00, 13.597, undefined
07/04/2023 00:00:00, 16.48, undefined
08/04/2023 00:00:00, 11.325, undefined
09/04/2023 00:00:00, 10.738, undefined
10/04/2023 00:00:00, 10.221, undefined
11/04/2023 00:00:00, 10.063, undefined
12/04/2023 00:00:00, 19.764, undefined
13/04/2023 00:00:00, 8.843, undefined
14/04/2023 00:00:00, 8.699, undefined
15/04/2023 00:00:00, 9.951, undefined
16/04/2023 00:00:00, 9.289, undefined
17/04/2023 00:00:00, 9.785, undefined
18/04/2023 00:00:00, 11.044, undefined
19/04/2023 00:00:00, 9.575, undefined
20/04/2023 00:00:00, 7.046, undefined
21/04/2023 00:00:00, 11.47, undefined
22/04/2023 00:00:00, 12.756, undefined
23/04/2023 00:00:00, 5.388, undefined
24/04/2023 00:00:00, 4.379, undefined
25/04/2023 00:00:00, 16.226, undefined
26/04/2023 00:00:00, 11.478, undefined
27/04/2023 00:00:00, 19.783, undefined
28/04/2023 00:00:00, 16.83, undefined
29/04/2023 00:00:00, 16.982, undefined
30/04/2023 00:00:00, 8.999, undefined
01/05/2023 00:00:00, 10.922, undefined
02/05/2023 00:00:00, 19.697, undefined
03/05/2023 00:00:00, 10.994, undefined
04/05/2023 00:00:00, 9.437, undefined
05/05/2023 00:00:00, 4.578, undefined
06/05/2023 00:00:00, 7.695, undefined
07/05/2023 00:00:00, 6.123, undefined
08/05/2023 00:00:00, 7.836, undefined
09/05/2023 00:00:00, 5.809, undefined
10/05/2023 00:00:00, 5.833, undefined
11/05/2023 00:00:00, 6.317, undefined
12/05/2023 00:00:00, 11.505, undefined
13/05/2023 00:00:00, 12.708, undefined
14/05/2023 00:00:00, 11.121, undefined
15/05/2023 00:00:00, 6.497, undefined
16/05/2023 00:00:00, 6.956, undefined
17/05/2023 00:00:00, 8.244, undefined
18/05/2023 00:00:00, 11.067, undefined
19/05/2023 00:00:00, 12.4, undefined
20/05/2023 00:00:00, 12.025, undefined
21/05/2023 00:00:00, 11.524, undefined
22/05/2023 00:00:00, 12.447, undefined
23/05/2023 00:00:00, 10.846, undefined
24/05/2023 00:00:00, 14.813, undefined
25/05/2023 00:00:00, 17.15, undefined
26/05/2023 00:00:00, 14.001, undefined
27/05/2023 00:00:00, 14.05, undefined
28/05/2023 00:00:00, 15.231, undefined
29/05/2023 00:00:00, 9.084, undefined
30/05/2023 00:00:00, 9.984, undefined
31/05/2023 00:00:00, 13.675, undefined
01/06/2023 00:00:00, 10.875, undefined
02/06/2023 00:00:00, 12.693, undefined
03/06/2023 00:00:00, 16.82, undefined
04/06/2023 00:00:00, 10.841, undefined
05/06/2023 00:00:00, 9.811, undefined
06/06/2023 00:00:00, 16.068, undefined
07/06/2023 00:00:00, 6.073, undefined
08/06/2023 00:00:00, 7.11, undefined
09/06/2023 00:00:00, 8.86, undefined
10/06/2023 00:00:00, 9.607, undefined
11/06/2023 00:00:00, 11.218, undefined
12/06/2023 00:00:00, 6.114, undefined
13/06/2023 00:00:00, 13.6, undefined
14/06/2023 00:00:00, 10.995, undefined
15/06/2023 00:00:00, 7.218, undefined
16/06/2023 00:00:00, 10.728, undefined
17/06/2023 00:00:00, 12.578, undefined
18/06/2023 00:00:00, 8.485, undefined
19/06/2023 00:00:00, 5.885, undefined
20/06/2023 00:00:00, 8.983, undefined
21/06/2023 00:00:00, 14.552, undefined
22/06/2023 00:00:00, 13.443, undefined
23/06/2023 00:00:00, 0, undefined
24/06/2023 00:00:00, 9.367, undefined
25/06/2023 00:00:00, 12.075, undefined
26/06/2023 00:00:00, 13.466, undefined
27/06/2023 00:00:00, 10.01, undefined
28/06/2023 00:00:00, 0, undefined
29/06/2023 00:00:00, 11.295, undefined
30/06/2023 00:00:00, 11.205, undefined
01/07/2023 00:00:00, 8.412, undefined
02/07/2023 00:00:00, 7.296, undefined
03/07/2023 00:00:00, 10.089, undefined
04/07/2023 00:00:00, 12.373, undefined
05/07/2023 00:00:00, 12.961, undefined
06/07/2023 00:00:00, 17.97, undefined
07/07/2023 00:00:00, 16.321, undefined
08/07/2023 00:00:00, 11.712, undefined
09/07/2023 00:00:00, 7.174, undefined
10/07/2023 00:00:00, 7.136, undefined
11/07/2023 00:00:00, 9.181, undefined
12/07/2023 00:00:00, 10.304, undefined
13/07/2023 00:00:00, 14.234, undefined
14/07/2023 00:00:00, 11.04, undefined
15/07/2023 00:00:00, 14.288, undefined
16/07/2023 00:00:00, 15.449, undefined
17/07/2023 00:00:00, 20.909, undefined
18/07/2023 00:00:00, 11.288, undefined
19/07/2023 00:00:00, 17.466, undefined
20/07/2023 00:00:00, 14.458, undefined
21/07/2023 00:00:00, 13.941, undefined
22/07/2023 00:00:00, 17.211, undefined
23/07/2023 00:00:00, 15.931, undefined
24/07/2023 00:00:00, 5.818, undefined
25/07/2023 00:00:00, 11.399, undefined
26/07/2023 00:00:00, 12.416, undefined
27/07/2023 00:00:00, 15.597, undefined
28/07/2023 00:00:00, 12.499, undefined
29/07/2023 00:00:00, 17.43, undefined
30/07/2023 00:00:00, 10.053, undefined
31/07/2023 00:00:00, 7.954, undefined
01/08/2023 00:00:00, 10.43, undefined
02/08/2023 00:00:00, 22.335, undefined
03/08/2023 00:00:00, 18.654, undefined
04/08/2023 00:00:00, 15.91, undefined
05/08/2023 00:00:00, 12.223, undefined
06/08/2023 00:00:00, 16.663, undefined
07/08/2023 00:00:00, 13.971, undefined
08/08/2023 00:00:00, 14.278, undefined
09/08/2023 00:00:00, 11.446, undefined
10/08/2023 00:00:00, 7.626, undefined
11/08/2023 00:00:00, 8.13, undefined
12/08/2023 00:00:00, 10.392, undefined
13/08/2023 00:00:00, 6.779, undefined
14/08/2023 00:00:00, 8.178, undefined
15/08/2023 00:00:00, 12.541, undefined
16/08/2023 00:00:00, 9.118, undefined
17/08/2023 00:00:00, 8.664, undefined
18/08/2023 00:00:00, 12.865, undefined
19/08/2023 00:00:00, 11.505, undefined
20/08/2023 00:00:00, 7.63, undefined
21/08/2023 00:00:00, 17.987, undefined
22/08/2023 00:00:00, 17.912, undefined
23/08/2023 00:00:00, 18.846, undefined
24/08/2023 00:00:00, 15.616, undefined
25/08/2023 00:00:00, 10.309, undefined
26/08/2023 00:00:00, 8.208, undefined
27/08/2023 00:00:00, 8.941, undefined
28/08/2023 00:00:00, 14.008, undefined
29/08/2023 00:00:00, 12.797, undefined
30/08/2023 00:00:00, 11.356, undefined
31/08/2023 00:00:00, 9.729, undefined
01/09/2023 00:00:00, 10.682, undefined
02/09/2023 00:00:00, 6.737, undefined
03/09/2023 00:00:00, 11.292, undefined
04/09/2023 00:00:00, 10.732, undefined
05/09/2023 00:00:00, 8.614, undefined
06/09/2023 00:00:00, 8.736, undefined
07/09/2023 00:00:00, 8.76, undefined
08/09/2023 00:00:00, 22.994, undefined
09/09/2023 00:00:00, 14.806, undefined
10/09/2023 00:00:00, 8.603, undefined
11/09/2023 00:00:00, 8.001, undefined
12/09/2023 00:00:00, 9.835, undefined
13/09/2023 00:00:00, 9.885, undefined
14/09/2023 00:00:00, 10.465, undefined
15/09/2023 00:00:00, 18.17, undefined
16/09/2023 00:00:00, 22.838, undefined
17/09/2023 00:00:00, 20.138, undefined
18/09/2023 00:00:00, 38.329, undefined
19/09/2023 00:00:00, 20.503, undefined
20/09/2023 00:00:00, 25.409, undefined
21/09/2023 00:00:00, 20.768, undefined
22/09/2023 00:00:00, 13.558, undefined
23/09/2023 00:00:00, 15.809, undefined
24/09/2023 00:00:00, 7.188, undefined
25/09/2023 00:00:00, 7.527, undefined
26/09/2023 00:00:00, 9.308, undefined
28/09/2023 00:00:00, 0, undefined
29/09/2023 00:00:00, 8.037, undefined
30/09/2023 00:00:00, 13.681, undefined
01/10/2023 00:00:00, 16.278, undefined
02/10/2023 00:00:00, 12.294, undefined
03/10/2023 00:00:00, 23.462, undefined
04/10/2023 00:00:00, 22.476, undefined
05/10/2023 00:00:00, 19.245, undefined
06/10/2023 00:00:00, 20.582, undefined
07/10/2023 00:00:00, 15.016, undefined
08/10/2023 00:00:00, 21.11, undefined
09/10/2023 00:00:00, 20.335, undefined
10/10/2023 00:00:00, 17.964, undefined
11/10/2023 00:00:00, 16.396, undefined
13/10/2023 00:00:00, 0, undefined
14/10/2023 00:00:00, 18.248, undefined
15/10/2023 00:00:00, 18.082, undefined
16/10/2023 00:00:00, 23.896, undefined
17/10/2023 00:00:00, 21.159, undefined
18/10/2023 00:00:00, 14.368, undefined
19/10/2023 00:00:00, 6.389, undefined
20/10/2023 00:00:00, 14.886, undefined
21/10/2023 00:00:00, 18.73, undefined
22/10/2023 00:00:00, 11.979, undefined
23/10/2023 00:00:00, 12.663, undefined
24/10/2023 00:00:00, 6.429, undefined
25/10/2023 00:00:00, 11.338, undefined
26/10/2023 00:00:00, 19.335, undefined
27/10/2023 00:00:00, 18.522, undefined
28/10/2023 00:00:00, 11.556, undefined
29/10/2023 00:00:00, 9.229, undefined
30/10/2023 00:00:00, 10.279, undefined
31/10/2023 00:00:00, 8.789, undefined
01/11/2023 00:00:00, 6.261, undefined
02/11/2023 00:00:00, 9.054, undefined
03/11/2023 00:00:00, 9.3, undefined
04/11/2023 00:00:00, 7.757, undefined
05/11/2023 00:00:00, 10.646, undefined
06/11/2023 00:00:00, 11.866, undefined
07/11/2023 00:00:00, 12.106, undefined
08/11/2023 00:00:00, 15.282, undefined
09/11/2023 00:00:00, 8.079, undefined
10/11/2023 00:00:00, 8.493, undefined
11/11/2023 00:00:00, 17.94, undefined
12/11/2023 00:00:00, 11.247, undefined
13/11/2023 00:00:00, 19.582, undefined
17/11/2023 00:00:00, 0, undefined
18/11/2023 00:00:00, 11.758, undefined
19/11/2023 00:00:00, 10.843, undefined
20/11/2023 00:00:00, 6.495, undefined
21/11/2023 00:00:00, 13.416, undefined
22/11/2023 00:00:00, 5.681, undefined
23/11/2023 00:00:00, 5.552, undefined
24/11/2023 00:00:00, 15.797, undefined
25/11/2023 00:00:00, 18.598, undefined
26/11/2023 00:00:00, 18.426, undefined
27/11/2023 00:00:00, 0, undefined
28/11/2023 00:00:00, 15.563, undefined
29/11/2023 00:00:00, 18.626, undefined
30/11/2023 00:00:00, 18.343, undefined
01/12/2023 00:00:00, 14.555, undefined
02/12/2023 00:00:00, 13.566, undefined
03/12/2023 00:00:00, 10.322, undefined
04/12/2023 00:00:00, 7.01, undefined
05/12/2023 00:00:00, 19.712, undefined
06/12/2023 00:00:00, 7.413, undefined
07/12/2023 00:00:00, 10.482, undefined
08/12/2023 00:00:00, 17.876, undefined
09/12/2023 00:00:00, 15.89, undefined
10/12/2023 00:00:00, 18.081, undefined
11/12/2023 00:00:00, 19.758, undefined
12/12/2023 00:00:00, 19.37, undefined
13/12/2023 00:00:00, 19.132, undefined
14/12/2023 00:00:00, 14.896, undefined
15/12/2023 00:00:00, 32.063, undefined
16/12/2023 00:00:00, 23.703, undefined
17/12/2023 00:00:00, 10.873, undefined
18/12/2023 00:00:00, 13.446, undefined
19/12/2023 00:00:00, 19.296, undefined
20/12/2023 00:00:00, 15.208, undefined
21/12/2023 00:00:00, 17.343, undefined
22/12/2023 00:00:00, 9.701, undefined
23/12/2023 00:00:00, 19.129, undefined
24/12/2023 00:00:00, 12.753, undefined
25/12/2023 00:00:00, 5.409, undefined
26/12/2023 00:00:00, 0.683, undefined
27/12/2023 00:00:00, 6.793, undefined
28/12/2023 00:00:00, 10.473, undefined
29/12/2023 00:00:00, 5.903, undefined
30/12/2023 00:00:00, 6.578, undefined
31/12/2023 00:00:00, 15.956, undefined