Date (NZST), Air Quality PM2.5 (Daily Average) (ug/m3), Data quality code
01/01/2018 00:00:00, 4.861, undefined
02/01/2018 00:00:00, 8.48, undefined
03/01/2018 00:00:00, 4.943, undefined
04/01/2018 00:00:00, 5.287, undefined
05/01/2018 00:00:00, 4.778, undefined
06/01/2018 00:00:00, 4.225, undefined
07/01/2018 00:00:00, 12.292, undefined
08/01/2018 00:00:00, 4.702, undefined
09/01/2018 00:00:00, 9.73, undefined
10/01/2018 00:00:00, 4.951, undefined
11/01/2018 00:00:00, 6.651, undefined
12/01/2018 00:00:00, 5.331, undefined
13/01/2018 00:00:00, 2.13, undefined
14/01/2018 00:00:00, 6.222, undefined
15/01/2018 00:00:00, 8.269, undefined
16/01/2018 00:00:00, 6.962, undefined
17/01/2018 00:00:00, 5.379, undefined
18/01/2018 00:00:00, 0, undefined
19/01/2018 00:00:00, 0, undefined
20/01/2018 00:00:00, 0, undefined
21/01/2018 00:00:00, 0, undefined
22/01/2018 00:00:00, 0, undefined
23/01/2018 00:00:00, 0, undefined
24/01/2018 00:00:00, 0, undefined
25/01/2018 00:00:00, 0, undefined
26/01/2018 00:00:00, 0, undefined
27/01/2018 00:00:00, 0, undefined
28/01/2018 00:00:00, 0, undefined
29/01/2018 00:00:00, 0, undefined
30/01/2018 00:00:00, 0, undefined
31/01/2018 00:00:00, 0, undefined
01/02/2018 00:00:00, 0, undefined
02/02/2018 00:00:00, 0, undefined
03/02/2018 00:00:00, 0, undefined
04/02/2018 00:00:00, 0, undefined
05/02/2018 00:00:00, 0, undefined
06/02/2018 00:00:00, 0, undefined
07/02/2018 00:00:00, 0, undefined
08/02/2018 00:00:00, 0, undefined
09/02/2018 00:00:00, 2.991, undefined
10/02/2018 00:00:00, 2.836, undefined
11/02/2018 00:00:00, 3.375, undefined
12/02/2018 00:00:00, 11.741, undefined
13/02/2018 00:00:00, 4.43, undefined
14/02/2018 00:00:00, 3.424, undefined
15/02/2018 00:00:00, 8.611, undefined
16/02/2018 00:00:00, 8.081, undefined
17/02/2018 00:00:00, 10.843, undefined
18/02/2018 00:00:00, 9.622, undefined
19/02/2018 00:00:00, 11.422, undefined
20/02/2018 00:00:00, 7.144, undefined
21/02/2018 00:00:00, 11.983, undefined
22/02/2018 00:00:00, 9.744, undefined
23/02/2018 00:00:00, 4.596, undefined
24/02/2018 00:00:00, 4.59, undefined
25/02/2018 00:00:00, 6.318, undefined
26/02/2018 00:00:00, 4.042, undefined
27/02/2018 00:00:00, 5.889, undefined
28/02/2018 00:00:00, 6.017, undefined
01/03/2018 00:00:00, 8.09, undefined
02/03/2018 00:00:00, 6.447, undefined
03/03/2018 00:00:00, 4.757, undefined
04/03/2018 00:00:00, 4.972, undefined
05/03/2018 00:00:00, 5.356, undefined
06/03/2018 00:00:00, 4.989, undefined
07/03/2018 00:00:00, 5.513, undefined
08/03/2018 00:00:00, 9.898, undefined
09/03/2018 00:00:00, 5.103, undefined
10/03/2018 00:00:00, 3.338, undefined
11/03/2018 00:00:00, 4.425, undefined
12/03/2018 00:00:00, 3.879, undefined
13/03/2018 00:00:00, 1.188, undefined
14/03/2018 00:00:00, 4.304, undefined
15/03/2018 00:00:00, 4.418, undefined
16/03/2018 00:00:00, 3.11, undefined
17/03/2018 00:00:00, 12.149, undefined
18/03/2018 00:00:00, 8.162, undefined
19/03/2018 00:00:00, 3.424, undefined
20/03/2018 00:00:00, 2.173, undefined
21/03/2018 00:00:00, 2.028, undefined
22/03/2018 00:00:00, 0.923, undefined
23/03/2018 00:00:00, 1.847, undefined
24/03/2018 00:00:00, 0.895, undefined
25/03/2018 00:00:00, 1.513, undefined
26/03/2018 00:00:00, 0.893, undefined
27/03/2018 00:00:00, 0, undefined
28/03/2018 00:00:00, 0, undefined
29/03/2018 00:00:00, 0, undefined
30/03/2018 00:00:00, 6.863, undefined
31/03/2018 00:00:00, 4.047, undefined
01/04/2018 00:00:00, 7.95, undefined
02/04/2018 00:00:00, 6.763, undefined
03/04/2018 00:00:00, 3.062, undefined
04/04/2018 00:00:00, 7.172, undefined
05/04/2018 00:00:00, 7.478, undefined
06/04/2018 00:00:00, 5.859, undefined
07/04/2018 00:00:00, 4.053, undefined
08/04/2018 00:00:00, 5.168, undefined
09/04/2018 00:00:00, 4.942, undefined
10/04/2018 00:00:00, 3.303, undefined
11/04/2018 00:00:00, 4.373, undefined
12/04/2018 00:00:00, 5.664, undefined
13/04/2018 00:00:00, 4.25, undefined
14/04/2018 00:00:00, 7.659, undefined
15/04/2018 00:00:00, 4.404, undefined
16/04/2018 00:00:00, 2.14, undefined
17/04/2018 00:00:00, 5.508, undefined
18/04/2018 00:00:00, 8.148, undefined
19/04/2018 00:00:00, 5.153, undefined
20/04/2018 00:00:00, 4.512, undefined
21/04/2018 00:00:00, 4.974, undefined
22/04/2018 00:00:00, 4.706, undefined
23/04/2018 00:00:00, 4.311, undefined
24/04/2018 00:00:00, 5.717, undefined
25/04/2018 00:00:00, 4.971, undefined
26/04/2018 00:00:00, 3.882, undefined
27/04/2018 00:00:00, 4.672, undefined
28/04/2018 00:00:00, 4.467, undefined
29/04/2018 00:00:00, 8.24, undefined
30/04/2018 00:00:00, 0.081, undefined
01/05/2018 00:00:00, 2.228, undefined
02/05/2018 00:00:00, 4.247, undefined
03/05/2018 00:00:00, 9.446, undefined
04/05/2018 00:00:00, 7.494, undefined
05/05/2018 00:00:00, 9.577, undefined
06/05/2018 00:00:00, 3.97, undefined
07/05/2018 00:00:00, 4.162, undefined
08/05/2018 00:00:00, 5.059, undefined
09/05/2018 00:00:00, 4.193, undefined
10/05/2018 00:00:00, 9.855, undefined
11/05/2018 00:00:00, 6.18, undefined
12/05/2018 00:00:00, 4.146, undefined
13/05/2018 00:00:00, 13.156, undefined
14/05/2018 00:00:00, 1.774, undefined
15/05/2018 00:00:00, 1.635, undefined
16/05/2018 00:00:00, 10.392, undefined
17/05/2018 00:00:00, 2.933, undefined
18/05/2018 00:00:00, 6.5, undefined
19/05/2018 00:00:00, 4.052, undefined
20/05/2018 00:00:00, 4.77, undefined
21/05/2018 00:00:00, 4.031, undefined
22/05/2018 00:00:00, 6.376, undefined
23/05/2018 00:00:00, 0, undefined
24/05/2018 00:00:00, 0, undefined
25/05/2018 00:00:00, 3.799, undefined
26/05/2018 00:00:00, 3.703, undefined
27/05/2018 00:00:00, 4.423, undefined
28/05/2018 00:00:00, 4.829, undefined
29/05/2018 00:00:00, 7.122, undefined
30/05/2018 00:00:00, 2.613, undefined
31/05/2018 00:00:00, 6.275, undefined
01/06/2018 00:00:00, 5.651, undefined
02/06/2018 00:00:00, 4.565, undefined
03/06/2018 00:00:00, 3.806, undefined
04/06/2018 00:00:00, 4.187, undefined
05/06/2018 00:00:00, 4.184, undefined
06/06/2018 00:00:00, 5.971, undefined
07/06/2018 00:00:00, 5.667, undefined
08/06/2018 00:00:00, 6.874, undefined
09/06/2018 00:00:00, 7.433, undefined
10/06/2018 00:00:00, 6.203, undefined
11/06/2018 00:00:00, 5.883, undefined
12/06/2018 00:00:00, 7.569, undefined
13/06/2018 00:00:00, 6.019, undefined
14/06/2018 00:00:00, 4.344, undefined
15/06/2018 00:00:00, 7.91, undefined
16/06/2018 00:00:00, 6.627, undefined
17/06/2018 00:00:00, 4.672, undefined
18/06/2018 00:00:00, 4.161, undefined
19/06/2018 00:00:00, 4.481, undefined
20/06/2018 00:00:00, 4.929, undefined
21/06/2018 00:00:00, 4.879, undefined
22/06/2018 00:00:00, 3.512, undefined
23/06/2018 00:00:00, 7.712, undefined
24/06/2018 00:00:00, 3.464, undefined
25/06/2018 00:00:00, 4.963, undefined
26/06/2018 00:00:00, 3.804, undefined
27/06/2018 00:00:00, 5.498, undefined
28/06/2018 00:00:00, 6.092, undefined
29/06/2018 00:00:00, 10.086, undefined
30/06/2018 00:00:00, 9.585, undefined
01/07/2018 00:00:00, 8.976, undefined
02/07/2018 00:00:00, 0.567, undefined
03/07/2018 00:00:00, 7.628, undefined
04/07/2018 00:00:00, 6.544, undefined
05/07/2018 00:00:00, 6.891, undefined
06/07/2018 00:00:00, 8.351, undefined
07/07/2018 00:00:00, 5.519, undefined
08/07/2018 00:00:00, 5.916, undefined
09/07/2018 00:00:00, 2.654, undefined
10/07/2018 00:00:00, 7.525, undefined
11/07/2018 00:00:00, 5.34, undefined
12/07/2018 00:00:00, 4.431, undefined
13/07/2018 00:00:00, 11.048, undefined
14/07/2018 00:00:00, 4.383, undefined
15/07/2018 00:00:00, 5.326, undefined
16/07/2018 00:00:00, 5.653, undefined
17/07/2018 00:00:00, 4.045, undefined
18/07/2018 00:00:00, 7.206, undefined
19/07/2018 00:00:00, 6.019, undefined
20/07/2018 00:00:00, 4.53, undefined
21/07/2018 00:00:00, 3.56, undefined
22/07/2018 00:00:00, 3.365, undefined
23/07/2018 00:00:00, 4.577, undefined
24/07/2018 00:00:00, 6.111, undefined
25/07/2018 00:00:00, 4.854, undefined
26/07/2018 00:00:00, 4.094, undefined
27/07/2018 00:00:00, 2.353, undefined
28/07/2018 00:00:00, 5.667, undefined
29/07/2018 00:00:00, 5.791, undefined
30/07/2018 00:00:00, 4.98, undefined
31/07/2018 00:00:00, 6.169, undefined
01/08/2018 00:00:00, 4.092, undefined
02/08/2018 00:00:00, 5.438, undefined
03/08/2018 00:00:00, 4.887, undefined
04/08/2018 00:00:00, 6.019, undefined
05/08/2018 00:00:00, 5.062, undefined
06/08/2018 00:00:00, 6.381, undefined
07/08/2018 00:00:00, 5.234, undefined
08/08/2018 00:00:00, 3.474, undefined
09/08/2018 00:00:00, 2.807, undefined
10/08/2018 00:00:00, 5.831, undefined
11/08/2018 00:00:00, 6.042, undefined
12/08/2018 00:00:00, 7.274, undefined
13/08/2018 00:00:00, 5.62, undefined
14/08/2018 00:00:00, 5.475, undefined
15/08/2018 00:00:00, 6.687, undefined
16/08/2018 00:00:00, 6.248, undefined
17/08/2018 00:00:00, 9.795, undefined
18/08/2018 00:00:00, 5.771, undefined
19/08/2018 00:00:00, 6.909, undefined
20/08/2018 00:00:00, 5.796, undefined
21/08/2018 00:00:00, 4.326, undefined
22/08/2018 00:00:00, 5.823, undefined
23/08/2018 00:00:00, 3.577, undefined
24/08/2018 00:00:00, 5.66, undefined
25/08/2018 00:00:00, 4.169, undefined
26/08/2018 00:00:00, 7.501, undefined
27/08/2018 00:00:00, 9.01, undefined
28/08/2018 00:00:00, 5.983, undefined
29/08/2018 00:00:00, 4.46, undefined
30/08/2018 00:00:00, 6.961, undefined
31/08/2018 00:00:00, 3.982, undefined
01/09/2018 00:00:00, 4.687, undefined
02/09/2018 00:00:00, 3.921, undefined
03/09/2018 00:00:00, 3.494, undefined
04/09/2018 00:00:00, 2.372, undefined
05/09/2018 00:00:00, 5.38, undefined
06/09/2018 00:00:00, 5.606, undefined
07/09/2018 00:00:00, 7.942, undefined
08/09/2018 00:00:00, 5.659, undefined
09/09/2018 00:00:00, 1.009, undefined
10/09/2018 00:00:00, 2.49, undefined
11/09/2018 00:00:00, 5.066, undefined
12/09/2018 00:00:00, 5.61, undefined
13/09/2018 00:00:00, 6.46, undefined
14/09/2018 00:00:00, 5.681, undefined
15/09/2018 00:00:00, 8.289, undefined
16/09/2018 00:00:00, 4.621, undefined
17/09/2018 00:00:00, 6.502, undefined
18/09/2018 00:00:00, 7.011, undefined
19/09/2018 00:00:00, 3.567, undefined
20/09/2018 00:00:00, 5.975, undefined
21/09/2018 00:00:00, 4.589, undefined
22/09/2018 00:00:00, 4.95, undefined
23/09/2018 00:00:00, 4.921, undefined
24/09/2018 00:00:00, 4.329, undefined
25/09/2018 00:00:00, 5.737, undefined
26/09/2018 00:00:00, 4.623, undefined
27/09/2018 00:00:00, 6.203, undefined
28/09/2018 00:00:00, 5.675, undefined
29/09/2018 00:00:00, 5.691, undefined
30/09/2018 00:00:00, 3.474, undefined
01/10/2018 00:00:00, 2.712, undefined
02/10/2018 00:00:00, 3.423, undefined
03/10/2018 00:00:00, 5.301, undefined
04/10/2018 00:00:00, 4.155, undefined
05/10/2018 00:00:00, 3.861, undefined
06/10/2018 00:00:00, 5.816, undefined
07/10/2018 00:00:00, 2.379, undefined
08/10/2018 00:00:00, 4.593, undefined
09/10/2018 00:00:00, 4.76, undefined
10/10/2018 00:00:00, 4.234, undefined
11/10/2018 00:00:00, 5.177, undefined
12/10/2018 00:00:00, 3.2, undefined
13/10/2018 00:00:00, 4.026, undefined
14/10/2018 00:00:00, 6.334, undefined
15/10/2018 00:00:00, 8.844, undefined
16/10/2018 00:00:00, 8.359, undefined
17/10/2018 00:00:00, 5.191, undefined
18/10/2018 00:00:00, 6.32, undefined
19/10/2018 00:00:00, 7.202, undefined
20/10/2018 00:00:00, 8.403, undefined
21/10/2018 00:00:00, 7.712, undefined
22/10/2018 00:00:00, 4.442, undefined
23/10/2018 00:00:00, 2.998, undefined
24/10/2018 00:00:00, 5.63, undefined
25/10/2018 00:00:00, 5.737, undefined
26/10/2018 00:00:00, 4.468, undefined
27/10/2018 00:00:00, 2.107, undefined
28/10/2018 00:00:00, 5.349, undefined
29/10/2018 00:00:00, 3.49, undefined
30/10/2018 00:00:00, 3.693, undefined
31/10/2018 00:00:00, 4.773, undefined
01/11/2018 00:00:00, 7.206, undefined
02/11/2018 00:00:00, 6.758, undefined
03/11/2018 00:00:00, 8.632, undefined
04/11/2018 00:00:00, 5.869, undefined
05/11/2018 00:00:00, 6.185, undefined
06/11/2018 00:00:00, 9.09, undefined
07/11/2018 00:00:00, 7.65, undefined
08/11/2018 00:00:00, 7.233, undefined
09/11/2018 00:00:00, 5.998, undefined
10/11/2018 00:00:00, 5.357, undefined
11/11/2018 00:00:00, 3.614, undefined
12/11/2018 00:00:00, 5.137, undefined
13/11/2018 00:00:00, 3.748, undefined
14/11/2018 00:00:00, 6.459, undefined
15/11/2018 00:00:00, 7.205, undefined
16/11/2018 00:00:00, 9.344, undefined
17/11/2018 00:00:00, 8.078, undefined
18/11/2018 00:00:00, 4.663, undefined
19/11/2018 00:00:00, 6.589, undefined
20/11/2018 00:00:00, 3.479, undefined
21/11/2018 00:00:00, 1.31, undefined
22/11/2018 00:00:00, 3.283, undefined
23/11/2018 00:00:00, 3.467, undefined
24/11/2018 00:00:00, 5.82, undefined
25/11/2018 00:00:00, 4.981, undefined
26/11/2018 00:00:00, 5.522, undefined
27/11/2018 00:00:00, 6.596, undefined
28/11/2018 00:00:00, 4.649, undefined
29/11/2018 00:00:00, 6.683, undefined
30/11/2018 00:00:00, 4.358, undefined
01/12/2018 00:00:00, 1.552, undefined
02/12/2018 00:00:00, 4.377, undefined
03/12/2018 00:00:00, 4.984, undefined
04/12/2018 00:00:00, 3.666, undefined
05/12/2018 00:00:00, 3.73, undefined
06/12/2018 00:00:00, 10.49, undefined
07/12/2018 00:00:00, 6.904, undefined
08/12/2018 00:00:00, 10.487, undefined
09/12/2018 00:00:00, 10.396, undefined
10/12/2018 00:00:00, 10.35, undefined
11/12/2018 00:00:00, 7.292, undefined
12/12/2018 00:00:00, 6.701, undefined
13/12/2018 00:00:00, 6.335, undefined
14/12/2018 00:00:00, 4.55, undefined
15/12/2018 00:00:00, 5.121, undefined
16/12/2018 00:00:00, 3.691, undefined
17/12/2018 00:00:00, 3.704, undefined
18/12/2018 00:00:00, 5.216, undefined
19/12/2018 00:00:00, 7.426, undefined
20/12/2018 00:00:00, 6.352, undefined
21/12/2018 00:00:00, 1.799, undefined
22/12/2018 00:00:00, 5.061, undefined
23/12/2018 00:00:00, 3.706, undefined
24/12/2018 00:00:00, 4.279, undefined
25/12/2018 00:00:00, 4.48, undefined
26/12/2018 00:00:00, 2.054, undefined
27/12/2018 00:00:00, 5.954, undefined
28/12/2018 00:00:00, 6.667, undefined
29/12/2018 00:00:00, 6.17, undefined
30/12/2018 00:00:00, 6.246, undefined
31/12/2018 00:00:00, 8.085, undefined
01/01/2019 00:00:00, 6.295, undefined
02/01/2019 00:00:00, 6.462, undefined
03/01/2019 00:00:00, 9.689, undefined
04/01/2019 00:00:00, 13.49, undefined
05/01/2019 00:00:00, 7.433, undefined
06/01/2019 00:00:00, 7.089, undefined
07/01/2019 00:00:00, 8.987, undefined
08/01/2019 00:00:00, 8.951, undefined
09/01/2019 00:00:00, 9.415, undefined
10/01/2019 00:00:00, 9.11, undefined
11/01/2019 00:00:00, 8.101, undefined
12/01/2019 00:00:00, 8.23, undefined
13/01/2019 00:00:00, 4.989, undefined
14/01/2019 00:00:00, 6.395, undefined
15/01/2019 00:00:00, 4.516, undefined
16/01/2019 00:00:00, 5.199, undefined
17/01/2019 00:00:00, 6.544, undefined
18/01/2019 00:00:00, 8.68, undefined
19/01/2019 00:00:00, 11.384, undefined
20/01/2019 00:00:00, 5.301, undefined
21/01/2019 00:00:00, 7.178, undefined
22/01/2019 00:00:00, 7.053, undefined
23/01/2019 00:00:00, 9.848, undefined
24/01/2019 00:00:00, 9.499, undefined
25/01/2019 00:00:00, 8.132, undefined
26/01/2019 00:00:00, 8.539, undefined
27/01/2019 00:00:00, 6.986, undefined
28/01/2019 00:00:00, 5.79, undefined
29/01/2019 00:00:00, 2.907, undefined
30/01/2019 00:00:00, 9.019, undefined
31/01/2019 00:00:00, 5.482, undefined
01/02/2019 00:00:00, 7.634, undefined
02/02/2019 00:00:00, 9.274, undefined
03/02/2019 00:00:00, 7.256, undefined
04/02/2019 00:00:00, 5.305, undefined
05/02/2019 00:00:00, 8.086, undefined
06/02/2019 00:00:00, 10.09, undefined
07/02/2019 00:00:00, 8.545, undefined
08/02/2019 00:00:00, 4.156, undefined
09/02/2019 00:00:00, 6.535, undefined
10/02/2019 00:00:00, 5.245, undefined
11/02/2019 00:00:00, 3.813, undefined
12/02/2019 00:00:00, 5.112, undefined
13/02/2019 00:00:00, 7.032, undefined
14/02/2019 00:00:00, 4.292, undefined
15/02/2019 00:00:00, 1.889, undefined
16/02/2019 00:00:00, 5.226, undefined
17/02/2019 00:00:00, 6.053, undefined
18/02/2019 00:00:00, 4.136, undefined
19/02/2019 00:00:00, 6.816, undefined
20/02/2019 00:00:00, 7.293, undefined
21/02/2019 00:00:00, 6.43, undefined
22/02/2019 00:00:00, 7.347, undefined
23/02/2019 00:00:00, 3.235, undefined
24/02/2019 00:00:00, 6.312, undefined
25/02/2019 00:00:00, 4.433, undefined
26/02/2019 00:00:00, 5.243, undefined
27/02/2019 00:00:00, 3.707, undefined
28/02/2019 00:00:00, 4.346, undefined
01/03/2019 00:00:00, 4.499, undefined
02/03/2019 00:00:00, 4.9, undefined
03/03/2019 00:00:00, 5.473, undefined
04/03/2019 00:00:00, 5.135, undefined
05/03/2019 00:00:00, 5.587, undefined
06/03/2019 00:00:00, 5.919, undefined
07/03/2019 00:00:00, 4.63, undefined
08/03/2019 00:00:00, 4.759, undefined
09/03/2019 00:00:00, 4.811, undefined
10/03/2019 00:00:00, 3.378, undefined
11/03/2019 00:00:00, 4.277, undefined
12/03/2019 00:00:00, 4.003, undefined
13/03/2019 00:00:00, 4.057, undefined
14/03/2019 00:00:00, 0.843, undefined
15/03/2019 00:00:00, 9.485, undefined
16/03/2019 00:00:00, 6.327, undefined
17/03/2019 00:00:00, 4.474, undefined
18/03/2019 00:00:00, 3.631, undefined
19/03/2019 00:00:00, 6.055, undefined
20/03/2019 00:00:00, 4.674, undefined
21/03/2019 00:00:00, 4.326, undefined
22/03/2019 00:00:00, 2.851, undefined
23/03/2019 00:00:00, 4.373, undefined
24/03/2019 00:00:00, 4.505, undefined
25/03/2019 00:00:00, 5.118, undefined
26/03/2019 00:00:00, 7.284, undefined
27/03/2019 00:00:00, 6.623, undefined
28/03/2019 00:00:00, 4.432, undefined
29/03/2019 00:00:00, 7.189, undefined
30/03/2019 00:00:00, 7.129, undefined
31/03/2019 00:00:00, 6.568, undefined
01/04/2019 00:00:00, 3.54, undefined
02/04/2019 00:00:00, 4.799, undefined
03/04/2019 00:00:00, 4.443, undefined
04/04/2019 00:00:00, 4.997, undefined
05/04/2019 00:00:00, 4.134, undefined
06/04/2019 00:00:00, 6.639, undefined
07/04/2019 00:00:00, 5.204, undefined
08/04/2019 00:00:00, 5.803, undefined
09/04/2019 00:00:00, 5.234, undefined
10/04/2019 00:00:00, 3.457, undefined
11/04/2019 00:00:00, 5.949, undefined
12/04/2019 00:00:00, 1.774, undefined
13/04/2019 00:00:00, 5.542, undefined
14/04/2019 00:00:00, 3.938, undefined
15/04/2019 00:00:00, 6.699, undefined
16/04/2019 00:00:00, 4.545, undefined
17/04/2019 00:00:00, 3.948, undefined
18/04/2019 00:00:00, 2.479, undefined
19/04/2019 00:00:00, 3.125, undefined
20/04/2019 00:00:00, 4.122, undefined
21/04/2019 00:00:00, 5.805, undefined
22/04/2019 00:00:00, 4.26, undefined
23/04/2019 00:00:00, 4.621, undefined
24/04/2019 00:00:00, 4.887, undefined
25/04/2019 00:00:00, 3.429, undefined
26/04/2019 00:00:00, 2.951, undefined
27/04/2019 00:00:00, 6.702, undefined
28/04/2019 00:00:00, 7.675, undefined
29/04/2019 00:00:00, 3.98, undefined
30/04/2019 00:00:00, 5.279, undefined
01/05/2019 00:00:00, 6.79, undefined
02/05/2019 00:00:00, 5.318, undefined
03/05/2019 00:00:00, 6.584, undefined
04/05/2019 00:00:00, 10.373, undefined
05/05/2019 00:00:00, 7.63, undefined
06/05/2019 00:00:00, 5.808, undefined
07/05/2019 00:00:00, 6.048, undefined
08/05/2019 00:00:00, 7.823, undefined
09/05/2019 00:00:00, 7.22, undefined
10/05/2019 00:00:00, 4.937, undefined
11/05/2019 00:00:00, 5.792, undefined
12/05/2019 00:00:00, 2.481, undefined
13/05/2019 00:00:00, 2.243, undefined
14/05/2019 00:00:00, 6.823, undefined
15/05/2019 00:00:00, 5.48, undefined
16/05/2019 00:00:00, 4.51, undefined
17/05/2019 00:00:00, 4.077, undefined
18/05/2019 00:00:00, 8.612, undefined
19/05/2019 00:00:00, 5.842, undefined
20/05/2019 00:00:00, 6.866, undefined
21/05/2019 00:00:00, 8.261, undefined
22/05/2019 00:00:00, 6.842, undefined
23/05/2019 00:00:00, 5.137, undefined
24/05/2019 00:00:00, 8.188, undefined
25/05/2019 00:00:00, 5.752, undefined
26/05/2019 00:00:00, 3.119, undefined
27/05/2019 00:00:00, 3.645, undefined
28/05/2019 00:00:00, 1.352, undefined
29/05/2019 00:00:00, 4.073, undefined
30/05/2019 00:00:00, 10.876, undefined
31/05/2019 00:00:00, 10.293, undefined
01/06/2019 00:00:00, 5.133, undefined
02/06/2019 00:00:00, 3.421, undefined
03/06/2019 00:00:00, 4.582, undefined
04/06/2019 00:00:00, 4.199, undefined
05/06/2019 00:00:00, 3.507, undefined
06/06/2019 00:00:00, 2.381, undefined
07/06/2019 00:00:00, 5.183, undefined
08/06/2019 00:00:00, 7.464, undefined
09/06/2019 00:00:00, 10.238, undefined
10/06/2019 00:00:00, 9.222, undefined
11/06/2019 00:00:00, 7.416, undefined
12/06/2019 00:00:00, 5.561, undefined
13/06/2019 00:00:00, 4.639, undefined
14/06/2019 00:00:00, 5.562, undefined
15/06/2019 00:00:00, 3.924, undefined
16/06/2019 00:00:00, 4.343, undefined
17/06/2019 00:00:00, 5.895, undefined
18/06/2019 00:00:00, 4.984, undefined
19/06/2019 00:00:00, 6.151, undefined
20/06/2019 00:00:00, 8.247, undefined
21/06/2019 00:00:00, 6.16, undefined
22/06/2019 00:00:00, 5.263, undefined
23/06/2019 00:00:00, 8.836, undefined
24/06/2019 00:00:00, 4.022, undefined
25/06/2019 00:00:00, 3.496, undefined
26/06/2019 00:00:00, 6.428, undefined
27/06/2019 00:00:00, 9.159, undefined
28/06/2019 00:00:00, 8.717, undefined
29/06/2019 00:00:00, 10.518, undefined
30/06/2019 00:00:00, 4.155, undefined
01/07/2019 00:00:00, 7.081, undefined
02/07/2019 00:00:00, 8.153, undefined
03/07/2019 00:00:00, 2.634, undefined
04/07/2019 00:00:00, 3.234, undefined
05/07/2019 00:00:00, 3.587, undefined
06/07/2019 00:00:00, 5.003, undefined
07/07/2019 00:00:00, 7.983, undefined
08/07/2019 00:00:00, 3.953, undefined
09/07/2019 00:00:00, 8.628, undefined
10/07/2019 00:00:00, 5.73, undefined
11/07/2019 00:00:00, 3.187, undefined
12/07/2019 00:00:00, 4.115, undefined
13/07/2019 00:00:00, 2.122, undefined
14/07/2019 00:00:00, 4.968, undefined
15/07/2019 00:00:00, 2.242, undefined
16/07/2019 00:00:00, 2.868, undefined
17/07/2019 00:00:00, 3.02, undefined
18/07/2019 00:00:00, 3.182, undefined
19/07/2019 00:00:00, 3.91, undefined
20/07/2019 00:00:00, 6.8, undefined
21/07/2019 00:00:00, 3.192, undefined
22/07/2019 00:00:00, 5.331, undefined
23/07/2019 00:00:00, 7.683, undefined
24/07/2019 00:00:00, 6.465, undefined
25/07/2019 00:00:00, 6.294, undefined
26/07/2019 00:00:00, 9.185, undefined
27/07/2019 00:00:00, 8.479, undefined
28/07/2019 00:00:00, 6.377, undefined
29/07/2019 00:00:00, 3.292, undefined
30/07/2019 00:00:00, 6.145, undefined
31/07/2019 00:00:00, 2.95, undefined
01/08/2019 00:00:00, 3.334, undefined
02/08/2019 00:00:00, 4.619, undefined
03/08/2019 00:00:00, 4.213, undefined
04/08/2019 00:00:00, 6.336, undefined
05/08/2019 00:00:00, 4.298, undefined
06/08/2019 00:00:00, 3.481, undefined
07/08/2019 00:00:00, 6.991, undefined
08/08/2019 00:00:00, 5.963, undefined
09/08/2019 00:00:00, 4.909, undefined
10/08/2019 00:00:00, 6.419, undefined
11/08/2019 00:00:00, 5.597, undefined
12/08/2019 00:00:00, 6.971, undefined
13/08/2019 00:00:00, 2.532, undefined
14/08/2019 00:00:00, 2.308, undefined
15/08/2019 00:00:00, 6.346, undefined
16/08/2019 00:00:00, 6.659, undefined
17/08/2019 00:00:00, 4.867, undefined
18/08/2019 00:00:00, 5.865, undefined
19/08/2019 00:00:00, 6.655, undefined
20/08/2019 00:00:00, 4.874, undefined
21/08/2019 00:00:00, 3.362, undefined
22/08/2019 00:00:00, 4.156, undefined
23/08/2019 00:00:00, 3.83, undefined
24/08/2019 00:00:00, 3.969, undefined
25/08/2019 00:00:00, 5.737, undefined
26/08/2019 00:00:00, 5.981, undefined
27/08/2019 00:00:00, 8.008, undefined
28/08/2019 00:00:00, 5.391, undefined
29/08/2019 00:00:00, 6.61, undefined
30/08/2019 00:00:00, 5.224, undefined
31/08/2019 00:00:00, 7.46, undefined
01/09/2019 00:00:00, 8.137, undefined
02/09/2019 00:00:00, 5.078, undefined
03/09/2019 00:00:00, 7.831, undefined
04/09/2019 00:00:00, 6.516, undefined
05/09/2019 00:00:00, 3.54, undefined
06/09/2019 00:00:00, 3.07, undefined
07/09/2019 00:00:00, 4.113, undefined
08/09/2019 00:00:00, 6.464, undefined
09/09/2019 00:00:00, 6.283, undefined
10/09/2019 00:00:00, 4.806, undefined
11/09/2019 00:00:00, 5.043, undefined
12/09/2019 00:00:00, 9.353, undefined
13/09/2019 00:00:00, 7.916, undefined
14/09/2019 00:00:00, 7.09, undefined
15/09/2019 00:00:00, 5.277, undefined
16/09/2019 00:00:00, 3.612, undefined
17/09/2019 00:00:00, 6.845, undefined
18/09/2019 00:00:00, 8.892, undefined
19/09/2019 00:00:00, 6.555, undefined
20/09/2019 00:00:00, 6.281, undefined
21/09/2019 00:00:00, 6.233, undefined
22/09/2019 00:00:00, 4.725, undefined
23/09/2019 00:00:00, 4.386, undefined
24/09/2019 00:00:00, 5.085, undefined
25/09/2019 00:00:00, 3.98, undefined
26/09/2019 00:00:00, 2.821, undefined
27/09/2019 00:00:00, 2.878, undefined
28/09/2019 00:00:00, 4.526, undefined
29/09/2019 00:00:00, 7.076, undefined
30/09/2019 00:00:00, 6.527, undefined
01/10/2019 00:00:00, 3.738, undefined
02/10/2019 00:00:00, 5.704, undefined
03/10/2019 00:00:00, 5.167, undefined
04/10/2019 00:00:00, 6.172, undefined
05/10/2019 00:00:00, 6.769, undefined
06/10/2019 00:00:00, 6.068, undefined
07/10/2019 00:00:00, 7.053, undefined
08/10/2019 00:00:00, 4.109, undefined
09/10/2019 00:00:00, 5.406, undefined
10/10/2019 00:00:00, 5.009, undefined
11/10/2019 00:00:00, 3.278, undefined
12/10/2019 00:00:00, 5.204, undefined
13/10/2019 00:00:00, 4.915, undefined
14/10/2019 00:00:00, 3.019, undefined
15/10/2019 00:00:00, 1.387, undefined
16/10/2019 00:00:00, 4.14, undefined
17/10/2019 00:00:00, 3.396, undefined
18/10/2019 00:00:00, 5.317, undefined
19/10/2019 00:00:00, 1.613, undefined
20/10/2019 00:00:00, 7.166, undefined
21/10/2019 00:00:00, 5.227, undefined
22/10/2019 00:00:00, 5.569, undefined
23/10/2019 00:00:00, 3.203, undefined
24/10/2019 00:00:00, 3.324, undefined
25/10/2019 00:00:00, 4.826, undefined
26/10/2019 00:00:00, 6.097, undefined
27/10/2019 00:00:00, 9.136, undefined
28/10/2019 00:00:00, 7.518, undefined
29/10/2019 00:00:00, 8.495, undefined
30/10/2019 00:00:00, 4.051, undefined
31/10/2019 00:00:00, 5.954, undefined
01/11/2019 00:00:00, 9.651, undefined
02/11/2019 00:00:00, 8.836, undefined
03/11/2019 00:00:00, 7.38, undefined
04/11/2019 00:00:00, 7.239, undefined
05/11/2019 00:00:00, 9.294, undefined
06/11/2019 00:00:00, 6.829, undefined
07/11/2019 00:00:00, 4.984, undefined
08/11/2019 00:00:00, 7.888, undefined
09/11/2019 00:00:00, 7.884, undefined
10/11/2019 00:00:00, 7.279, undefined
11/11/2019 00:00:00, 3.37, undefined
12/11/2019 00:00:00, 3.141, undefined
13/11/2019 00:00:00, 5.438, undefined
14/11/2019 00:00:00, 5.062, undefined
15/11/2019 00:00:00, 6.945, undefined
16/11/2019 00:00:00, 5.585, undefined
17/11/2019 00:00:00, 8.981, undefined
18/11/2019 00:00:00, 8.67, undefined
19/11/2019 00:00:00, 8.632, undefined
20/11/2019 00:00:00, 4.059, undefined
21/11/2019 00:00:00, 6.488, undefined
22/11/2019 00:00:00, 3.677, undefined
23/11/2019 00:00:00, 7.141, undefined
24/11/2019 00:00:00, 9.945, undefined
25/11/2019 00:00:00, 10.346, undefined
26/11/2019 00:00:00, 8.359, undefined
27/11/2019 00:00:00, 6.972, undefined
28/11/2019 00:00:00, 6.367, undefined
29/11/2019 00:00:00, 10.781, undefined
30/11/2019 00:00:00, 7.642, undefined
01/12/2019 00:00:00, 7.134, undefined
02/12/2019 00:00:00, 6.905, undefined
03/12/2019 00:00:00, 7.345, undefined
04/12/2019 00:00:00, 9.104, undefined
05/12/2019 00:00:00, 13.643, undefined
06/12/2019 00:00:00, 14.932, undefined
07/12/2019 00:00:00, 10.153, undefined
08/12/2019 00:00:00, 16.721, undefined
09/12/2019 00:00:00, 12.589, undefined
10/12/2019 00:00:00, 6.04, undefined
11/12/2019 00:00:00, 4.609, undefined
12/12/2019 00:00:00, 4.275, undefined
13/12/2019 00:00:00, 3.619, undefined
14/12/2019 00:00:00, 5.005, undefined
15/12/2019 00:00:00, 7.158, undefined
16/12/2019 00:00:00, 4.794, undefined
17/12/2019 00:00:00, 5.962, undefined
18/12/2019 00:00:00, 5.396, undefined
19/12/2019 00:00:00, 5.281, undefined
20/12/2019 00:00:00, 5.518, undefined
21/12/2019 00:00:00, 8.584, undefined
22/12/2019 00:00:00, 6.383, undefined
23/12/2019 00:00:00, 3.288, undefined
24/12/2019 00:00:00, 8.706, undefined
25/12/2019 00:00:00, 7.148, undefined
26/12/2019 00:00:00, 7.052, undefined
27/12/2019 00:00:00, 4.312, undefined
28/12/2019 00:00:00, 4.469, undefined
29/12/2019 00:00:00, 7.915, undefined
30/12/2019 00:00:00, 8.282, undefined
31/12/2019 00:00:00, 6.739, undefined
01/01/2020 00:00:00, 7.025, undefined
02/01/2020 00:00:00, 6.934, undefined
03/01/2020 00:00:00, 4.839, undefined
04/01/2020 00:00:00, 15.926, undefined
05/01/2020 00:00:00, 5.798, undefined
06/01/2020 00:00:00, 3.091, undefined
07/01/2020 00:00:00, 8.633, undefined
08/01/2020 00:00:00, 6.936, undefined
09/01/2020 00:00:00, 5.861, undefined
10/01/2020 00:00:00, 4.791, undefined
11/01/2020 00:00:00, 7.303, undefined
12/01/2020 00:00:00, 6.676, undefined
13/01/2020 00:00:00, 5.624, undefined
14/01/2020 00:00:00, 7.992, undefined
15/01/2020 00:00:00, 6.484, undefined
16/01/2020 00:00:00, 4.771, undefined
17/01/2020 00:00:00, 3.807, undefined
18/01/2020 00:00:00, 4.178, undefined
19/01/2020 00:00:00, 3.368, undefined
20/01/2020 00:00:00, 2.112, undefined
21/01/2020 00:00:00, 3.36, undefined
22/01/2020 00:00:00, 6.406, undefined
23/01/2020 00:00:00, 5.443, undefined
24/01/2020 00:00:00, 5.286, undefined
25/01/2020 00:00:00, 5.695, undefined
26/01/2020 00:00:00, 5.783, undefined
27/01/2020 00:00:00, 4.555, undefined
28/01/2020 00:00:00, 3.636, undefined
29/01/2020 00:00:00, 7.339, undefined
30/01/2020 00:00:00, 7.839, undefined
31/01/2020 00:00:00, 8.771, undefined
01/02/2020 00:00:00, 10.144, undefined
02/02/2020 00:00:00, 18.417, undefined
03/02/2020 00:00:00, 10.138, undefined
04/02/2020 00:00:00, 4.206, undefined
05/02/2020 00:00:00, 4.024, undefined
06/02/2020 00:00:00, 7.132, undefined
07/02/2020 00:00:00, 6.028, undefined
08/02/2020 00:00:00, 4.164, undefined
09/02/2020 00:00:00, 5.68, undefined
10/02/2020 00:00:00, 3.965, undefined
11/02/2020 00:00:00, 7.523, undefined
12/02/2020 00:00:00, 5.07, undefined
13/02/2020 00:00:00, 8.013, undefined
14/02/2020 00:00:00, 7.328, undefined
15/02/2020 00:00:00, 6.089, undefined
16/02/2020 00:00:00, 5.27, undefined
17/02/2020 00:00:00, 7.223, undefined
18/02/2020 00:00:00, 3.977, undefined
19/02/2020 00:00:00, 2.386, undefined
20/02/2020 00:00:00, 1.502, undefined
21/02/2020 00:00:00, 4.305, undefined
22/02/2020 00:00:00, 3.271, undefined
23/02/2020 00:00:00, 4.613, undefined
24/02/2020 00:00:00, 5.271, undefined
25/02/2020 00:00:00, 3.535, undefined
26/02/2020 00:00:00, 4.731, undefined
27/02/2020 00:00:00, 2.759, undefined
28/02/2020 00:00:00, 1.897, undefined
29/02/2020 00:00:00, 3.98, undefined
01/03/2020 00:00:00, 6.562, undefined
02/03/2020 00:00:00, 6.24, undefined
03/03/2020 00:00:00, 6.005, undefined
04/03/2020 00:00:00, 8.526, undefined
05/03/2020 00:00:00, 9.037, undefined
06/03/2020 00:00:00, 6.291, undefined
07/03/2020 00:00:00, 4.315, undefined
08/03/2020 00:00:00, 3.373, undefined
09/03/2020 00:00:00, 3.908, undefined
10/03/2020 00:00:00, 3.279, undefined
11/03/2020 00:00:00, 4.522, undefined
12/03/2020 00:00:00, 4.886, undefined
13/03/2020 00:00:00, 5.072, undefined
14/03/2020 00:00:00, 4.901, undefined
15/03/2020 00:00:00, 3.225, undefined
16/03/2020 00:00:00, 3.508, undefined
17/03/2020 00:00:00, 4.859, undefined
18/03/2020 00:00:00, 7.565, undefined
19/03/2020 00:00:00, 2.485, undefined
20/03/2020 00:00:00, 6.011, undefined
21/03/2020 00:00:00, 6.463, undefined
22/03/2020 00:00:00, 4.943, undefined
23/03/2020 00:00:00, 6.291, undefined
24/03/2020 00:00:00, 3.14, undefined
25/03/2020 00:00:00, 3.955, undefined
26/03/2020 00:00:00, 3.879, undefined
27/03/2020 00:00:00, 3.253, undefined
28/03/2020 00:00:00, 3.228, undefined
29/03/2020 00:00:00, 4.953, undefined
30/03/2020 00:00:00, 3.751, undefined
31/03/2020 00:00:00, 1.508, undefined
01/04/2020 00:00:00, 2.048, undefined
02/04/2020 00:00:00, 3.422, undefined
03/04/2020 00:00:00, 0.854, undefined
04/04/2020 00:00:00, 0.821, undefined
05/04/2020 00:00:00, 1.661, undefined
06/04/2020 00:00:00, 3.414, undefined
07/04/2020 00:00:00, 4.49, undefined
08/04/2020 00:00:00, 3.226, undefined
09/04/2020 00:00:00, 5.78, undefined
10/04/2020 00:00:00, 5.925, undefined
11/04/2020 00:00:00, 5.439, undefined
12/04/2020 00:00:00, 3.969, undefined
13/04/2020 00:00:00, 2.402, undefined
14/04/2020 00:00:00, 5.709, undefined
15/04/2020 00:00:00, 3.492, undefined
16/04/2020 00:00:00, 6.922, undefined
17/04/2020 00:00:00, 4.735, undefined
18/04/2020 00:00:00, 4.659, undefined
19/04/2020 00:00:00, 5.045, undefined
20/04/2020 00:00:00, 9.838, undefined
21/04/2020 00:00:00, 5.732, undefined
22/04/2020 00:00:00, 3.47, undefined
23/04/2020 00:00:00, 1.93, undefined
24/04/2020 00:00:00, 3.8, undefined
25/04/2020 00:00:00, 2.588, undefined
26/04/2020 00:00:00, 4.532, undefined
27/04/2020 00:00:00, 7.232, undefined
28/04/2020 00:00:00, 5.619, undefined
29/04/2020 00:00:00, 5.852, undefined
30/04/2020 00:00:00, 4.806, undefined
01/05/2020 00:00:00, 5.21, undefined
02/05/2020 00:00:00, 4.407, undefined
03/05/2020 00:00:00, 4.199, undefined
04/05/2020 00:00:00, 3.331, undefined
05/05/2020 00:00:00, 3.719, undefined
06/05/2020 00:00:00, 3.584, undefined
07/05/2020 00:00:00, 5.301, undefined
08/05/2020 00:00:00, 3.799, undefined
09/05/2020 00:00:00, 6.053, undefined
10/05/2020 00:00:00, 8.212, undefined
11/05/2020 00:00:00, 8.692, undefined
12/05/2020 00:00:00, 7.655, undefined
13/05/2020 00:00:00, 7.897, undefined
14/05/2020 00:00:00, 9.98, undefined
15/05/2020 00:00:00, 5.111, undefined
16/05/2020 00:00:00, 5.819, undefined
17/05/2020 00:00:00, 6.914, undefined
18/05/2020 00:00:00, 5.917, undefined
19/05/2020 00:00:00, 7.741, undefined
20/05/2020 00:00:00, 6.115, undefined
21/05/2020 00:00:00, 6.468, undefined
22/05/2020 00:00:00, 4.297, undefined
23/05/2020 00:00:00, 3.768, undefined
24/05/2020 00:00:00, 6.694, undefined
25/05/2020 00:00:00, 7.309, undefined
26/05/2020 00:00:00, 3.914, undefined
27/05/2020 00:00:00, 4.814, undefined
28/05/2020 00:00:00, 3.495, undefined
29/05/2020 00:00:00, 8.262, undefined
30/05/2020 00:00:00, 6.949, undefined
31/05/2020 00:00:00, 5.727, undefined
01/06/2020 00:00:00, 3.397, undefined
02/06/2020 00:00:00, 1.443, undefined
03/06/2020 00:00:00, 3.822, undefined
04/06/2020 00:00:00, 3.311, undefined
05/06/2020 00:00:00, 5.528, undefined
06/06/2020 00:00:00, 5.032, undefined
07/06/2020 00:00:00, 6.395, undefined
08/06/2020 00:00:00, 5.311, undefined
09/06/2020 00:00:00, 9.758, undefined
10/06/2020 00:00:00, 9.786, undefined
11/06/2020 00:00:00, 6.206, undefined
12/06/2020 00:00:00, 2.665, undefined
13/06/2020 00:00:00, 6.217, undefined
14/06/2020 00:00:00, 4.951, undefined
15/06/2020 00:00:00, 9.832, undefined
16/06/2020 00:00:00, 4.296, undefined
17/06/2020 00:00:00, 4.796, undefined
18/06/2020 00:00:00, 2.819, undefined
19/06/2020 00:00:00, 2.887, undefined
20/06/2020 00:00:00, 2.547, undefined
21/06/2020 00:00:00, 2.327, undefined
22/06/2020 00:00:00, 3.009, undefined
23/06/2020 00:00:00, 6.834, undefined
24/06/2020 00:00:00, 8.633, undefined
25/06/2020 00:00:00, 4.36, undefined
26/06/2020 00:00:00, 2.857, undefined
27/06/2020 00:00:00, 3.324, undefined
28/06/2020 00:00:00, 4.79, undefined
29/06/2020 00:00:00, 4.501, undefined
30/06/2020 00:00:00, 4.964, undefined
01/07/2020 00:00:00, 4.243, undefined
02/07/2020 00:00:00, 4.713, undefined
03/07/2020 00:00:00, 5.883, undefined
04/07/2020 00:00:00, 7.976, undefined
05/07/2020 00:00:00, 4.683, undefined
06/07/2020 00:00:00, 3.782, undefined
07/07/2020 00:00:00, 2.996, undefined
08/07/2020 00:00:00, 3.716, undefined
09/07/2020 00:00:00, 4.272, undefined
10/07/2020 00:00:00, 4.633, undefined
11/07/2020 00:00:00, 8.003, undefined
12/07/2020 00:00:00, 4.062, undefined
13/07/2020 00:00:00, 4.082, undefined
14/07/2020 00:00:00, 7.093, undefined
15/07/2020 00:00:00, 8.906, undefined
16/07/2020 00:00:00, 5.67, undefined
17/07/2020 00:00:00, 3.688, undefined
18/07/2020 00:00:00, 3.109, undefined
19/07/2020 00:00:00, 3.376, undefined
20/07/2020 00:00:00, 5.853, undefined
21/07/2020 00:00:00, 4.777, undefined
22/07/2020 00:00:00, 2.928, undefined
23/07/2020 00:00:00, 8.062, undefined
24/07/2020 00:00:00, 3.699, undefined
25/07/2020 00:00:00, 8.458, undefined
26/07/2020 00:00:00, 4.428, undefined
27/07/2020 00:00:00, 6.872, undefined
28/07/2020 00:00:00, 8.386, undefined
29/07/2020 00:00:00, 7.273, undefined
30/07/2020 00:00:00, 9.038, undefined
31/07/2020 00:00:00, 5.443, undefined
01/08/2020 00:00:00, 8.182, undefined
02/08/2020 00:00:00, 10.093, undefined
03/08/2020 00:00:00, 6.015, undefined
04/08/2020 00:00:00, 3.79, undefined
05/08/2020 00:00:00, 3.796, undefined
06/08/2020 00:00:00, 5.844, undefined
07/08/2020 00:00:00, 4.881, undefined
08/08/2020 00:00:00, 5.201, undefined
09/08/2020 00:00:00, 7.078, undefined
10/08/2020 00:00:00, 7.24, undefined
11/08/2020 00:00:00, 6.042, undefined
12/08/2020 00:00:00, 5.75, undefined
13/08/2020 00:00:00, 5.361, undefined
14/08/2020 00:00:00, 6.964, undefined
15/08/2020 00:00:00, 3.376, undefined
16/08/2020 00:00:00, 6.622, undefined
17/08/2020 00:00:00, 5.677, undefined
18/08/2020 00:00:00, 7.725, undefined
19/08/2020 00:00:00, 7.412, undefined
20/08/2020 00:00:00, 6.501, undefined
21/08/2020 00:00:00, 4.312, undefined
22/08/2020 00:00:00, 8.548, undefined
23/08/2020 00:00:00, 5.456, undefined
24/08/2020 00:00:00, 6.974, undefined
25/08/2020 00:00:00, 2.336, undefined
26/08/2020 00:00:00, 8.948, undefined
27/08/2020 00:00:00, 2.664, undefined
28/08/2020 00:00:00, 4.881, undefined
29/08/2020 00:00:00, 3.758, undefined
30/08/2020 00:00:00, 6.487, undefined
31/08/2020 00:00:00, 7.236, undefined
01/09/2020 00:00:00, 9.185, undefined
02/09/2020 00:00:00, 6.647, undefined
03/09/2020 00:00:00, 4.671, undefined
04/09/2020 00:00:00, 5.109, undefined
05/09/2020 00:00:00, 3.408, undefined
06/09/2020 00:00:00, 7.174, undefined
07/09/2020 00:00:00, 7.77, undefined
08/09/2020 00:00:00, 8.21, undefined
09/09/2020 00:00:00, 5.668, undefined
10/09/2020 00:00:00, 5.474, undefined
11/09/2020 00:00:00, 3.073, undefined
12/09/2020 00:00:00, 5.039, undefined
13/09/2020 00:00:00, 4, undefined
14/09/2020 00:00:00, 5.475, undefined
15/09/2020 00:00:00, 6.912, undefined
16/09/2020 00:00:00, 9.813, undefined
17/09/2020 00:00:00, 5.463, undefined
18/09/2020 00:00:00, 11.962, undefined
19/09/2020 00:00:00, 4.8, undefined
20/09/2020 00:00:00, 6.065, undefined
21/09/2020 00:00:00, 4.335, undefined
22/09/2020 00:00:00, 4.682, undefined
23/09/2020 00:00:00, 3.141, undefined
24/09/2020 00:00:00, 3.205, undefined
25/09/2020 00:00:00, 5.653, undefined
26/09/2020 00:00:00, 7.635, undefined
27/09/2020 00:00:00, 4.272, undefined
28/09/2020 00:00:00, 10.314, undefined
29/09/2020 00:00:00, 7.074, undefined
30/09/2020 00:00:00, 2.913, undefined
01/10/2020 00:00:00, 6.57, undefined
02/10/2020 00:00:00, 5.674, undefined
03/10/2020 00:00:00, 2.094, undefined
04/10/2020 00:00:00, 5.348, undefined
05/10/2020 00:00:00, 8.291, undefined
06/10/2020 00:00:00, 6.624, undefined
07/10/2020 00:00:00, 8.331, undefined
08/10/2020 00:00:00, 5.025, undefined
09/10/2020 00:00:00, 4.087, undefined
10/10/2020 00:00:00, 4.465, undefined
11/10/2020 00:00:00, 5.106, undefined
12/10/2020 00:00:00, 5.078, undefined
13/10/2020 00:00:00, 1.441, undefined
14/10/2020 00:00:00, 4.459, undefined
15/10/2020 00:00:00, 7.233, undefined
16/10/2020 00:00:00, 5.836, undefined
17/10/2020 00:00:00, 3.839, undefined
18/10/2020 00:00:00, 6.86, undefined
19/10/2020 00:00:00, 3.427, undefined
20/10/2020 00:00:00, 4.34, undefined
21/10/2020 00:00:00, 7.402, undefined
22/10/2020 00:00:00, 4.141, undefined
23/10/2020 00:00:00, 3.806, undefined
24/10/2020 00:00:00, 2.337, undefined
25/10/2020 00:00:00, 3.031, undefined
26/10/2020 00:00:00, 4.181, undefined
27/10/2020 00:00:00, 3.205, undefined
28/10/2020 00:00:00, 3.248, undefined
29/10/2020 00:00:00, 4.883, undefined
30/10/2020 00:00:00, 4.691, undefined
31/10/2020 00:00:00, 3.76, undefined
01/11/2020 00:00:00, 5.513, undefined
02/11/2020 00:00:00, 7.64, undefined
03/11/2020 00:00:00, 6.136, undefined
04/11/2020 00:00:00, 5.571, undefined
05/11/2020 00:00:00, 3.396, undefined
06/11/2020 00:00:00, 3.478, undefined
07/11/2020 00:00:00, 7.287, undefined
08/11/2020 00:00:00, 2.323, undefined
09/11/2020 00:00:00, 5.74, undefined
10/11/2020 00:00:00, 6.601, undefined
11/11/2020 00:00:00, 5.403, undefined
12/11/2020 00:00:00, 4.754, undefined
13/11/2020 00:00:00, 4.091, undefined
14/11/2020 00:00:00, 3.924, undefined
15/11/2020 00:00:00, 3.536, undefined
16/11/2020 00:00:00, 5.401, undefined
17/11/2020 00:00:00, 6.924, undefined
18/11/2020 00:00:00, 6.156, undefined
19/11/2020 00:00:00, 7.207, undefined
20/11/2020 00:00:00, 5.946, undefined
21/11/2020 00:00:00, 5.379, undefined
22/11/2020 00:00:00, 6.644, undefined
23/11/2020 00:00:00, 6.042, undefined
24/11/2020 00:00:00, 6.068, undefined
25/11/2020 00:00:00, 4.702, undefined
26/11/2020 00:00:00, 2.774, undefined
27/11/2020 00:00:00, 2.487, undefined
28/11/2020 00:00:00, 8.098, undefined
29/11/2020 00:00:00, 6.031, undefined
30/11/2020 00:00:00, 5.759, undefined
01/12/2020 00:00:00, 5.16, undefined
02/12/2020 00:00:00, 11.272, undefined
03/12/2020 00:00:00, 8.207, undefined
04/12/2020 00:00:00, 9.169, undefined
05/12/2020 00:00:00, 8.992, undefined
06/12/2020 00:00:00, 7.362, undefined
07/12/2020 00:00:00, 4.497, undefined
08/12/2020 00:00:00, 2.845, undefined
09/12/2020 00:00:00, 5.768, undefined
10/12/2020 00:00:00, 2.744, undefined
11/12/2020 00:00:00, 4.003, undefined
12/12/2020 00:00:00, 7.833, undefined
13/12/2020 00:00:00, 6.358, undefined
14/12/2020 00:00:00, 9.1, undefined
15/12/2020 00:00:00, 10.065, undefined
16/12/2020 00:00:00, 6.406, undefined
17/12/2020 00:00:00, 7.594, undefined
18/12/2020 00:00:00, 8.536, undefined
19/12/2020 00:00:00, 4.938, undefined
20/12/2020 00:00:00, 4.267, undefined
21/12/2020 00:00:00, 3.826, undefined
22/12/2020 00:00:00, 4.717, undefined
23/12/2020 00:00:00, 4.81, undefined
24/12/2020 00:00:00, 3.421, undefined
25/12/2020 00:00:00, 3.707, undefined
26/12/2020 00:00:00, 4.814, undefined
27/12/2020 00:00:00, 5.339, undefined
28/12/2020 00:00:00, 4.61, undefined
29/12/2020 00:00:00, 4.404, undefined
30/12/2020 00:00:00, 2.818, undefined
31/12/2020 00:00:00, 2.967, undefined
01/01/2021 00:00:00, 4.543, undefined
02/01/2021 00:00:00, 3.43, undefined
03/01/2021 00:00:00, 2.842, undefined
04/01/2021 00:00:00, 2.969, undefined
05/01/2021 00:00:00, 4.01, undefined
06/01/2021 00:00:00, 2.285, undefined
07/01/2021 00:00:00, 6.778, undefined
08/01/2021 00:00:00, 3.397, undefined
09/01/2021 00:00:00, 5.415, undefined
10/01/2021 00:00:00, 7.138, undefined
11/01/2021 00:00:00, 6.782, undefined
12/01/2021 00:00:00, 8.734, undefined
13/01/2021 00:00:00, 5.165, undefined
14/01/2021 00:00:00, 6.299, undefined
15/01/2021 00:00:00, 5.772, undefined
16/01/2021 00:00:00, 8.097, undefined
17/01/2021 00:00:00, 5.694, undefined
18/01/2021 00:00:00, 5.107, undefined
19/01/2021 00:00:00, 8.835, undefined
20/01/2021 00:00:00, 8.381, undefined
21/01/2021 00:00:00, 6.793, undefined
22/01/2021 00:00:00, 4.694, undefined
23/01/2021 00:00:00, 5.346, undefined
24/01/2021 00:00:00, 5.263, undefined
25/01/2021 00:00:00, 10.564, undefined
26/01/2021 00:00:00, 10.869, undefined
27/01/2021 00:00:00, 7.599, undefined
28/01/2021 00:00:00, 5.957, undefined
29/01/2021 00:00:00, 6.262, undefined
30/01/2021 00:00:00, 5.366, undefined
31/01/2021 00:00:00, 5.249, undefined
01/02/2021 00:00:00, 2.922, undefined
02/02/2021 00:00:00, 4.044, undefined
03/02/2021 00:00:00, 5.127, undefined
04/02/2021 00:00:00, 4.787, undefined
05/02/2021 00:00:00, 8.254, undefined
06/02/2021 00:00:00, 4.976, undefined
07/02/2021 00:00:00, 2.467, undefined
08/02/2021 00:00:00, 2.736, undefined
09/02/2021 00:00:00, 4.766, undefined
10/02/2021 00:00:00, 4.302, undefined
11/02/2021 00:00:00, 4.287, undefined
12/02/2021 00:00:00, 6.429, undefined
13/02/2021 00:00:00, 7.822, undefined
14/02/2021 00:00:00, 5.398, undefined
15/02/2021 00:00:00, 2.888, undefined
16/02/2021 00:00:00, 4.411, undefined
17/02/2021 00:00:00, 7.902, undefined
18/02/2021 00:00:00, 6.796, undefined
19/02/2021 00:00:00, 5.22, undefined
20/02/2021 00:00:00, 5.406, undefined
21/02/2021 00:00:00, 5.008, undefined
22/02/2021 00:00:00, 4.182, undefined
23/02/2021 00:00:00, 4.5, undefined
24/02/2021 00:00:00, 4.512, undefined
25/02/2021 00:00:00, 6.556, undefined
26/02/2021 00:00:00, 4.449, undefined
27/02/2021 00:00:00, 5.791, undefined
28/02/2021 00:00:00, 5.759, undefined
01/03/2021 00:00:00, 6.441, undefined
02/03/2021 00:00:00, 5.673, undefined
03/03/2021 00:00:00, 5.321, undefined
04/03/2021 00:00:00, 4.159, undefined
05/03/2021 00:00:00, 6.227, undefined
06/03/2021 00:00:00, 4.75, undefined
07/03/2021 00:00:00, 4.801, undefined
08/03/2021 00:00:00, 3.637, undefined
09/03/2021 00:00:00, 5.36, undefined
10/03/2021 00:00:00, 5.385, undefined
11/03/2021 00:00:00, 4.872, undefined
12/03/2021 00:00:00, 8.279, undefined
13/03/2021 00:00:00, 5.529, undefined
14/03/2021 00:00:00, 4.678, undefined
15/03/2021 00:00:00, 4.301, undefined
16/03/2021 00:00:00, 3.334, undefined
17/03/2021 00:00:00, 5.944, undefined
18/03/2021 00:00:00, 7.999, undefined
19/03/2021 00:00:00, 10.533, undefined
20/03/2021 00:00:00, 4.984, undefined
21/03/2021 00:00:00, 5.42, undefined
22/03/2021 00:00:00, 3.823, undefined
23/03/2021 00:00:00, 3.939, undefined
24/03/2021 00:00:00, 4.681, undefined
25/03/2021 00:00:00, 4.073, undefined
26/03/2021 00:00:00, 5.757, undefined
27/03/2021 00:00:00, 4.84, undefined
28/03/2021 00:00:00, 4.461, undefined
29/03/2021 00:00:00, 4.099, undefined
30/03/2021 00:00:00, 3.964, undefined
31/03/2021 00:00:00, 6.391, undefined
01/04/2021 00:00:00, 3.454, undefined
02/04/2021 00:00:00, 7.414, undefined
03/04/2021 00:00:00, 5.814, undefined
04/04/2021 00:00:00, 6.837, undefined
05/04/2021 00:00:00, 8.574, undefined
06/04/2021 00:00:00, 10.579, undefined
07/04/2021 00:00:00, 13.637, undefined
08/04/2021 00:00:00, 7.498, undefined
09/04/2021 00:00:00, 7.851, undefined
10/04/2021 00:00:00, 9.011, undefined
11/04/2021 00:00:00, 2.917, undefined
12/04/2021 00:00:00, 7.719, undefined
13/04/2021 00:00:00, 4.955, undefined
14/04/2021 00:00:00, 5.272, undefined
15/04/2021 00:00:00, 4.965, undefined
16/04/2021 00:00:00, 4.429, undefined
17/04/2021 00:00:00, 7.533, undefined
18/04/2021 00:00:00, 5.084, undefined
19/04/2021 00:00:00, 3.042, undefined
20/04/2021 00:00:00, 5.7, undefined
21/04/2021 00:00:00, 4.821, undefined
22/04/2021 00:00:00, 5.48, undefined
23/04/2021 00:00:00, 6.642, undefined
24/04/2021 00:00:00, 3.679, undefined
25/04/2021 00:00:00, 4.743, undefined
26/04/2021 00:00:00, 2.738, undefined
27/04/2021 00:00:00, 6.112, undefined
28/04/2021 00:00:00, 5.444, undefined
29/04/2021 00:00:00, 7.954, undefined
30/04/2021 00:00:00, 4.885, undefined
01/05/2021 00:00:00, 6.527, undefined
02/05/2021 00:00:00, 8.631, undefined
03/05/2021 00:00:00, 8.29, undefined
04/05/2021 00:00:00, 4.444, undefined
05/05/2021 00:00:00, 3.914, undefined
06/05/2021 00:00:00, 4.742, undefined
07/05/2021 00:00:00, 4.867, undefined
08/05/2021 00:00:00, 4.755, undefined
09/05/2021 00:00:00, 2.451, undefined
10/05/2021 00:00:00, 2.965, undefined
11/05/2021 00:00:00, 2.199, undefined
12/05/2021 00:00:00, 5.662, undefined
13/05/2021 00:00:00, 4.908, undefined
14/05/2021 00:00:00, 6.548, undefined
15/05/2021 00:00:00, 2.443, undefined
16/05/2021 00:00:00, 6.25, undefined
17/05/2021 00:00:00, 5.112, undefined
18/05/2021 00:00:00, 3.317, undefined
19/05/2021 00:00:00, 4.132, undefined
20/05/2021 00:00:00, 6.888, undefined
21/05/2021 00:00:00, 6.162, undefined
22/05/2021 00:00:00, 7.449, undefined
23/05/2021 00:00:00, 5.499, undefined
24/05/2021 00:00:00, 3.501, undefined
25/05/2021 00:00:00, 5.184, undefined
26/05/2021 00:00:00, 3.098, undefined
27/05/2021 00:00:00, 6.712, undefined
28/05/2021 00:00:00, 3.783, undefined
29/05/2021 00:00:00, 4.604, undefined
30/05/2021 00:00:00, 5.073, undefined
31/05/2021 00:00:00, 4.335, undefined
01/06/2021 00:00:00, 1.676, undefined
02/06/2021 00:00:00, 5.339, undefined
03/06/2021 00:00:00, 8.503, undefined
04/06/2021 00:00:00, 4.863, undefined
05/06/2021 00:00:00, 6.717, undefined
06/06/2021 00:00:00, 3.303, undefined
07/06/2021 00:00:00, 7.337, undefined
08/06/2021 00:00:00, 5.777, undefined
09/06/2021 00:00:00, 5.221, undefined
10/06/2021 00:00:00, 9.698, undefined
11/06/2021 00:00:00, 5.851, undefined
12/06/2021 00:00:00, 7.597, undefined
13/06/2021 00:00:00, 5.145, undefined
14/06/2021 00:00:00, 4.441, undefined
15/06/2021 00:00:00, 2.049, undefined
16/06/2021 00:00:00, 3.629, undefined
17/06/2021 00:00:00, 4.204, undefined
18/06/2021 00:00:00, 4.412, undefined
19/06/2021 00:00:00, 4.119, undefined
20/06/2021 00:00:00, 2.989, undefined
21/06/2021 00:00:00, 2.816, undefined
22/06/2021 00:00:00, 5.854, undefined
23/06/2021 00:00:00, 4.803, undefined
24/06/2021 00:00:00, 7.079, undefined
25/06/2021 00:00:00, 4.181, undefined
26/06/2021 00:00:00, 3.908, undefined
27/06/2021 00:00:00, 7.132, undefined
28/06/2021 00:00:00, 2.741, undefined
29/06/2021 00:00:00, 4.367, undefined
30/06/2021 00:00:00, 7.355, undefined
01/07/2021 00:00:00, 6.136, undefined
02/07/2021 00:00:00, 8.646, undefined
03/07/2021 00:00:00, 7.545, undefined
04/07/2021 00:00:00, 7.256, undefined
05/07/2021 00:00:00, 4.99, undefined
06/07/2021 00:00:00, 2.689, undefined
07/07/2021 00:00:00, 4.34, undefined
08/07/2021 00:00:00, 7.426, undefined
09/07/2021 00:00:00, 7.139, undefined
10/07/2021 00:00:00, 5.788, undefined
11/07/2021 00:00:00, 8.452, undefined
12/07/2021 00:00:00, 7.469, undefined
13/07/2021 00:00:00, 8.593, undefined
14/07/2021 00:00:00, 4.986, undefined
15/07/2021 00:00:00, 5.072, undefined
16/07/2021 00:00:00, 6.493, undefined
17/07/2021 00:00:00, 6.819, undefined
18/07/2021 00:00:00, 6.003, undefined
19/07/2021 00:00:00, 6.828, undefined
20/07/2021 00:00:00, 3.161, undefined
21/07/2021 00:00:00, 3.331, undefined
22/07/2021 00:00:00, 3.838, undefined
23/07/2021 00:00:00, 4.389, undefined
24/07/2021 00:00:00, 10.183, undefined
25/07/2021 00:00:00, 8.46, undefined
26/07/2021 00:00:00, 4.999, undefined
27/07/2021 00:00:00, 2.72, undefined
28/07/2021 00:00:00, 4.888, undefined
29/07/2021 00:00:00, 6.447, undefined
30/07/2021 00:00:00, 5.43, undefined
31/07/2021 00:00:00, 6.185, undefined
01/08/2021 00:00:00, 8.288, undefined
02/08/2021 00:00:00, 8.869, undefined
03/08/2021 00:00:00, 6.408, undefined
04/08/2021 00:00:00, 6.094, undefined
05/08/2021 00:00:00, 8.441, undefined
06/08/2021 00:00:00, 5.87, undefined
07/08/2021 00:00:00, 5.785, undefined
08/08/2021 00:00:00, 6.986, undefined
09/08/2021 00:00:00, 3.128, undefined
10/08/2021 00:00:00, 4.587, undefined
11/08/2021 00:00:00, 6.072, undefined
12/08/2021 00:00:00, 8.39, undefined
13/08/2021 00:00:00, 3.614, undefined
14/08/2021 00:00:00, 6.167, undefined
15/08/2021 00:00:00, 5.469, undefined
16/08/2021 00:00:00, 4.759, undefined
17/08/2021 00:00:00, 4.34, undefined
18/08/2021 00:00:00, 8.633, undefined
19/08/2021 00:00:00, 5.501, undefined
20/08/2021 00:00:00, 2.124, undefined
21/08/2021 00:00:00, 5.392, undefined
22/08/2021 00:00:00, 7.675, undefined
23/08/2021 00:00:00, 3.601, undefined
24/08/2021 00:00:00, 3.924, undefined
25/08/2021 00:00:00, 4.881, undefined
26/08/2021 00:00:00, 4.222, undefined
27/08/2021 00:00:00, 4.028, undefined
28/08/2021 00:00:00, 3.231, undefined
29/08/2021 00:00:00, 1.868, undefined
30/08/2021 00:00:00, 3.389, undefined
31/08/2021 00:00:00, 5.295, undefined
01/09/2021 00:00:00, 4.824, undefined
02/09/2021 00:00:00, 5.178, undefined
03/09/2021 00:00:00, 5.043, undefined
04/09/2021 00:00:00, 5.746, undefined
05/09/2021 00:00:00, 4.774, undefined
06/09/2021 00:00:00, 4.244, undefined
07/09/2021 00:00:00, 3.62, undefined
08/09/2021 00:00:00, 5.504, undefined
09/09/2021 00:00:00, 6.95, undefined
10/09/2021 00:00:00, 5.234, undefined
11/09/2021 00:00:00, 14.287, undefined
12/09/2021 00:00:00, 6.455, undefined
13/09/2021 00:00:00, 3.856, undefined
14/09/2021 00:00:00, 7.271, undefined
15/09/2021 00:00:00, 5.791, undefined
16/09/2021 00:00:00, 7.018, undefined
17/09/2021 00:00:00, 3.235, undefined
18/09/2021 00:00:00, 5.054, undefined
19/09/2021 00:00:00, 5.167, undefined
20/09/2021 00:00:00, 2.215, undefined
21/09/2021 00:00:00, 5.211, undefined
22/09/2021 00:00:00, 6.936, undefined
23/09/2021 00:00:00, 5.303, undefined
24/09/2021 00:00:00, 3.329, undefined
25/09/2021 00:00:00, 6.883, undefined
26/09/2021 00:00:00, 10.647, undefined
27/09/2021 00:00:00, 6.852, undefined
28/09/2021 00:00:00, 3.732, undefined
29/09/2021 00:00:00, 4.765, undefined
30/09/2021 00:00:00, 3.183, undefined
01/10/2021 00:00:00, 6.673, undefined
02/10/2021 00:00:00, 4.168, undefined
03/10/2021 00:00:00, 4.827, undefined
04/10/2021 00:00:00, 2.372, undefined
05/10/2021 00:00:00, 3.919, undefined
06/10/2021 00:00:00, 5.172, undefined
07/10/2021 00:00:00, 2.968, undefined
08/10/2021 00:00:00, 3.409, undefined
09/10/2021 00:00:00, 5.575, undefined
10/10/2021 00:00:00, 6.808, undefined
11/10/2021 00:00:00, 3.267, undefined
12/10/2021 00:00:00, 5.216, undefined
13/10/2021 00:00:00, 4.294, undefined
14/10/2021 00:00:00, 7.903, undefined
15/10/2021 00:00:00, 4.348, undefined
16/10/2021 00:00:00, 4.73, undefined
17/10/2021 00:00:00, 4.427, undefined
18/10/2021 00:00:00, 4.87, undefined
19/10/2021 00:00:00, 11.611, undefined
20/10/2021 00:00:00, 6.927, undefined
21/10/2021 00:00:00, 5.057, undefined
22/10/2021 00:00:00, 6.85, undefined
23/10/2021 00:00:00, 4.647, undefined
24/10/2021 00:00:00, 4.489, undefined
25/10/2021 00:00:00, 3.715, undefined
26/10/2021 00:00:00, 0.795, undefined
27/10/2021 00:00:00, 2.698, undefined
28/10/2021 00:00:00, 2.556, undefined
29/10/2021 00:00:00, 5.639, undefined
30/10/2021 00:00:00, 2.925, undefined
31/10/2021 00:00:00, 3.195, undefined
01/11/2021 00:00:00, 8.176, undefined
02/11/2021 00:00:00, 6.828, undefined
03/11/2021 00:00:00, 10.573, undefined
04/11/2021 00:00:00, 7.809, undefined
05/11/2021 00:00:00, 10.47, undefined
06/11/2021 00:00:00, 4.985, undefined
07/11/2021 00:00:00, 3.671, undefined
08/11/2021 00:00:00, 1.758, undefined
09/11/2021 00:00:00, 4.208, undefined
10/11/2021 00:00:00, 4.318, undefined
11/11/2021 00:00:00, 2.572, undefined
12/11/2021 00:00:00, 4.399, undefined
13/11/2021 00:00:00, 2.957, undefined
14/11/2021 00:00:00, 3.05, undefined
15/11/2021 00:00:00, 5.82, undefined
16/11/2021 00:00:00, 6.637, undefined
17/11/2021 00:00:00, 10.668, undefined
18/11/2021 00:00:00, 5.829, undefined
19/11/2021 00:00:00, 6.651, undefined
20/11/2021 00:00:00, 5.766, undefined
21/11/2021 00:00:00, 2.324, undefined
22/11/2021 00:00:00, 2.774, undefined
23/11/2021 00:00:00, 5.157, undefined
24/11/2021 00:00:00, 4.016, undefined
25/11/2021 00:00:00, 3.963, undefined
26/11/2021 00:00:00, 3.623, undefined
27/11/2021 00:00:00, 5.781, undefined
28/11/2021 00:00:00, 7.487, undefined
29/11/2021 00:00:00, 3.022, undefined
30/11/2021 00:00:00, 4.865, undefined
01/12/2021 00:00:00, 2.5, undefined
02/12/2021 00:00:00, 3.958, undefined
03/12/2021 00:00:00, 6.137, undefined
04/12/2021 00:00:00, 3.599, undefined
05/12/2021 00:00:00, 3.849, undefined
06/12/2021 00:00:00, 4.568, undefined
07/12/2021 00:00:00, 2.879, undefined
08/12/2021 00:00:00, 1.038, undefined
09/12/2021 00:00:00, 3.215, undefined
10/12/2021 00:00:00, 3.221, undefined
11/12/2021 00:00:00, 5.378, undefined
12/12/2021 00:00:00, 5.189, undefined
13/12/2021 00:00:00, 3.825, undefined
14/12/2021 00:00:00, 5.44, undefined
15/12/2021 00:00:00, 2.532, undefined
16/12/2021 00:00:00, 3.127, undefined
17/12/2021 00:00:00, 3.202, undefined
18/12/2021 00:00:00, 4.723, undefined
19/12/2021 00:00:00, 6.09, undefined
20/12/2021 00:00:00, 9.466, undefined
21/12/2021 00:00:00, 7.92, undefined
22/12/2021 00:00:00, 11.15, undefined
23/12/2021 00:00:00, 11.898, undefined
24/12/2021 00:00:00, 9.186, undefined
25/12/2021 00:00:00, 8.647, undefined
26/12/2021 00:00:00, 5.803, undefined
27/12/2021 00:00:00, 4.794, undefined
28/12/2021 00:00:00, 5.309, undefined
29/12/2021 00:00:00, 5.25, undefined
30/12/2021 00:00:00, 3.452, undefined
31/12/2021 00:00:00, 4.377, undefined
01/01/2022 00:00:00, 5.223, undefined
02/01/2022 00:00:00, 7.614, undefined
03/01/2022 00:00:00, 5.662, undefined
04/01/2022 00:00:00, 5.791, undefined
05/01/2022 00:00:00, 7.436, undefined
06/01/2022 00:00:00, 5.337, undefined
07/01/2022 00:00:00, 4.678, undefined
08/01/2022 00:00:00, 6.011, undefined
09/01/2022 00:00:00, 4.489, undefined
10/01/2022 00:00:00, 5.989, undefined
11/01/2022 00:00:00, 8.122, undefined
12/01/2022 00:00:00, 4.519, undefined
13/01/2022 00:00:00, 6.796, undefined
14/01/2022 00:00:00, 6.192, undefined
15/01/2022 00:00:00, 4.198, undefined
16/01/2022 00:00:00, 3.391, undefined
17/01/2022 00:00:00, 2.5, undefined
18/01/2022 00:00:00, 4.652, undefined
19/01/2022 00:00:00, 6.341, undefined
20/01/2022 00:00:00, 7.969, undefined
21/01/2022 00:00:00, 6.052, undefined
22/01/2022 00:00:00, 5.246, undefined
23/01/2022 00:00:00, 3.668, undefined
24/01/2022 00:00:00, 6.157, undefined
25/01/2022 00:00:00, 5.421, undefined
26/01/2022 00:00:00, 5.639, undefined
27/01/2022 00:00:00, 5.093, undefined
28/01/2022 00:00:00, 5.792, undefined
29/01/2022 00:00:00, 5.619, undefined
30/01/2022 00:00:00, 5.327, undefined
31/01/2022 00:00:00, 8.087, undefined
01/02/2022 00:00:00, 5.067, undefined
02/02/2022 00:00:00, 6.716, undefined
03/02/2022 00:00:00, 4.446, undefined
04/02/2022 00:00:00, 6.292, undefined
05/02/2022 00:00:00, 5.617, undefined
06/02/2022 00:00:00, 3.092, undefined
07/02/2022 00:00:00, 3.206, undefined
08/02/2022 00:00:00, 4.885, undefined
09/02/2022 00:00:00, 4.944, undefined
10/02/2022 00:00:00, 2.934, undefined
11/02/2022 00:00:00, 3.898, undefined
12/02/2022 00:00:00, 2.364, undefined
13/02/2022 00:00:00, 1.25, undefined
14/02/2022 00:00:00, 4.996, undefined
15/02/2022 00:00:00, 3.903, undefined
16/02/2022 00:00:00, 5.658, undefined
17/02/2022 00:00:00, 5.892, undefined
18/02/2022 00:00:00, 4.112, undefined
19/02/2022 00:00:00, 4.641, undefined
20/02/2022 00:00:00, 5.537, undefined
21/02/2022 00:00:00, 4.27, undefined
22/02/2022 00:00:00, 3.659, undefined
23/02/2022 00:00:00, 5.14, undefined
24/02/2022 00:00:00, 10.223, undefined
25/02/2022 00:00:00, 7.97, undefined
26/02/2022 00:00:00, 5.489, undefined
27/02/2022 00:00:00, 6.469, undefined
28/02/2022 00:00:00, 7.265, undefined
01/03/2022 00:00:00, 4.6, undefined
02/03/2022 00:00:00, 2.881, undefined
03/03/2022 00:00:00, 6.153, undefined
04/03/2022 00:00:00, 8.702, undefined
05/03/2022 00:00:00, 6.005, undefined
06/03/2022 00:00:00, 5.486, undefined
07/03/2022 00:00:00, 6.587, undefined
08/03/2022 00:00:00, 7.353, undefined
09/03/2022 00:00:00, 4.541, undefined
10/03/2022 00:00:00, 6.371, undefined
11/03/2022 00:00:00, 9.39, undefined
12/03/2022 00:00:00, 4.552, undefined
13/03/2022 00:00:00, 5.776, undefined
14/03/2022 00:00:00, 6.445, undefined
15/03/2022 00:00:00, 5.241, undefined
16/03/2022 00:00:00, 5.421, undefined
17/03/2022 00:00:00, 4.408, undefined
18/03/2022 00:00:00, 5.022, undefined
19/03/2022 00:00:00, 3.445, undefined
20/03/2022 00:00:00, 5.231, undefined
21/03/2022 00:00:00, 3.486, undefined
22/03/2022 00:00:00, 4.056, undefined
23/03/2022 00:00:00, 5.714, undefined
24/03/2022 00:00:00, 5.8, undefined
25/03/2022 00:00:00, 5.699, undefined
26/03/2022 00:00:00, 6.805, undefined
27/03/2022 00:00:00, 8.362, undefined
28/03/2022 00:00:00, 3.344, undefined
29/03/2022 00:00:00, 2.456, undefined
30/03/2022 00:00:00, 1.659, undefined
31/03/2022 00:00:00, 1.091, undefined
01/04/2022 00:00:00, 2.399, undefined
02/04/2022 00:00:00, 2.951, undefined
03/04/2022 00:00:00, 4.719, undefined
04/04/2022 00:00:00, 5.065, undefined
05/04/2022 00:00:00, 3.823, undefined
06/04/2022 00:00:00, 4.287, undefined
07/04/2022 00:00:00, 4.452, undefined
08/04/2022 00:00:00, 5.849, undefined
09/04/2022 00:00:00, 4.91, undefined
10/04/2022 00:00:00, 11.471, undefined
11/04/2022 00:00:00, 8.997, undefined
12/04/2022 00:00:00, 4.067, undefined
13/04/2022 00:00:00, 6.591, undefined
14/04/2022 00:00:00, 5.404, undefined
15/04/2022 00:00:00, 6.105, undefined
16/04/2022 00:00:00, 5.659, undefined
17/04/2022 00:00:00, 5.251, undefined
18/04/2022 00:00:00, 10.727, undefined
19/04/2022 00:00:00, 7.329, undefined
20/04/2022 00:00:00, 4.072, undefined
21/04/2022 00:00:00, 3.811, undefined
22/04/2022 00:00:00, 5.107, undefined
23/04/2022 00:00:00, 4.704, undefined
24/04/2022 00:00:00, 4.685, undefined
25/04/2022 00:00:00, 3.783, undefined
26/04/2022 00:00:00, 3.382, undefined
27/04/2022 00:00:00, 5.775, undefined
28/04/2022 00:00:00, 6.098, undefined
29/04/2022 00:00:00, 6.369, undefined
30/04/2022 00:00:00, 7.114, undefined
01/05/2022 00:00:00, 3.423, undefined
02/05/2022 00:00:00, 4.92, undefined
03/05/2022 00:00:00, 4.828, undefined
04/05/2022 00:00:00, 5.392, undefined
05/05/2022 00:00:00, 7.038, undefined
06/05/2022 00:00:00, 3.91, undefined
07/05/2022 00:00:00, 8.423, undefined
08/05/2022 00:00:00, 4.394, undefined
09/05/2022 00:00:00, 4.35, undefined
10/05/2022 00:00:00, 3.897, undefined
11/05/2022 00:00:00, 5.023, undefined
12/05/2022 00:00:00, 4.274, undefined
13/05/2022 00:00:00, 6.756, undefined
14/05/2022 00:00:00, 3.274, undefined
15/05/2022 00:00:00, 2.457, undefined
16/05/2022 00:00:00, 5.38, undefined
17/05/2022 00:00:00, 2.495, undefined
18/05/2022 00:00:00, 2.344, undefined
19/05/2022 00:00:00, 6.852, undefined
20/05/2022 00:00:00, 4.551, undefined
21/05/2022 00:00:00, 5.323, undefined
22/05/2022 00:00:00, 2.446, undefined
23/05/2022 00:00:00, 6.475, undefined
24/05/2022 00:00:00, 5.204, undefined
25/05/2022 00:00:00, 6.422, undefined
26/05/2022 00:00:00, 5.751, undefined
27/05/2022 00:00:00, 6.216, undefined
28/05/2022 00:00:00, 8.068, undefined
29/05/2022 00:00:00, 2.121, undefined
30/05/2022 00:00:00, 6.315, undefined
31/05/2022 00:00:00, 8.171, undefined
01/06/2022 00:00:00, 9.585, undefined
02/06/2022 00:00:00, 8.443, undefined
03/06/2022 00:00:00, 6.003, undefined
04/06/2022 00:00:00, 3.202, undefined
05/06/2022 00:00:00, 7.021, undefined
06/06/2022 00:00:00, 6.184, undefined
07/06/2022 00:00:00, 3.817, undefined
08/06/2022 00:00:00, 2.446, undefined
09/06/2022 00:00:00, 5.226, undefined
10/06/2022 00:00:00, 3.953, undefined
11/06/2022 00:00:00, 7.826, undefined
12/06/2022 00:00:00, 6.308, undefined
13/06/2022 00:00:00, 4.845, undefined
14/06/2022 00:00:00, 5.427, undefined
15/06/2022 00:00:00, 5.24, undefined
16/06/2022 00:00:00, 3.209, undefined
17/06/2022 00:00:00, 2.83, undefined
18/06/2022 00:00:00, 6.585, undefined
19/06/2022 00:00:00, 4.657, undefined
20/06/2022 00:00:00, 4.683, undefined
21/06/2022 00:00:00, 4.709, undefined
22/06/2022 00:00:00, 4.415, undefined
23/06/2022 00:00:00, 4.32, undefined
24/06/2022 00:00:00, 6.422, undefined
25/06/2022 00:00:00, 4.054, undefined
26/06/2022 00:00:00, 2.751, undefined
27/06/2022 00:00:00, 5.184, undefined
28/06/2022 00:00:00, 3.032, undefined
29/06/2022 00:00:00, 4.245, undefined
30/06/2022 00:00:00, 4.587, undefined
01/07/2022 00:00:00, 4.782, undefined
02/07/2022 00:00:00, 7.087, undefined
03/07/2022 00:00:00, 4.212, undefined
04/07/2022 00:00:00, 6.282, undefined
05/07/2022 00:00:00, 6.698, undefined
06/07/2022 00:00:00, 2.555, undefined
07/07/2022 00:00:00, 11.485, undefined
08/07/2022 00:00:00, 10, undefined
09/07/2022 00:00:00, 4.795, undefined
10/07/2022 00:00:00, 11.035, undefined
11/07/2022 00:00:00, 8.032, undefined
12/07/2022 00:00:00, 4.72, undefined
13/07/2022 00:00:00, 1.397, undefined
14/07/2022 00:00:00, 8.224, undefined
15/07/2022 00:00:00, 3.306, undefined
16/07/2022 00:00:00, 4.584, undefined
17/07/2022 00:00:00, 6.686, undefined
18/07/2022 00:00:00, 3.42, undefined
19/07/2022 00:00:00, 4.553, undefined
20/07/2022 00:00:00, 5.563, undefined
21/07/2022 00:00:00, 3.93, undefined
22/07/2022 00:00:00, 5.158, undefined
23/07/2022 00:00:00, 4.667, undefined
24/07/2022 00:00:00, 5.832, undefined
25/07/2022 00:00:00, 7.142, undefined
26/07/2022 00:00:00, 3.259, undefined
27/07/2022 00:00:00, 4.985, undefined
28/07/2022 00:00:00, 3.283, undefined
29/07/2022 00:00:00, 3.681, undefined
30/07/2022 00:00:00, 4.555, undefined
31/07/2022 00:00:00, 0, undefined
01/08/2022 00:00:00, 6.877, undefined
02/08/2022 00:00:00, 3.79, undefined
03/08/2022 00:00:00, 6.283, undefined
04/08/2022 00:00:00, 6.629, undefined
05/08/2022 00:00:00, 7.858, undefined
06/08/2022 00:00:00, 2.905, undefined
07/08/2022 00:00:00, 4.22, undefined
08/08/2022 00:00:00, 5.467, undefined
09/08/2022 00:00:00, 4.545, undefined
10/08/2022 00:00:00, 3.957, undefined
11/08/2022 00:00:00, 1.614, undefined
12/08/2022 00:00:00, 3.816, undefined
13/08/2022 00:00:00, 6.146, undefined
14/08/2022 00:00:00, 9.128, undefined
15/08/2022 00:00:00, 4.21, undefined
16/08/2022 00:00:00, 7.185, undefined
17/08/2022 00:00:00, 4.156, undefined
18/08/2022 00:00:00, 3.076, undefined
19/08/2022 00:00:00, 1.878, undefined
20/08/2022 00:00:00, 1.377, undefined
21/08/2022 00:00:00, 1.993, undefined
22/08/2022 00:00:00, 5.192, undefined
23/08/2022 00:00:00, 5.473, undefined
24/08/2022 00:00:00, 4.155, undefined
25/08/2022 00:00:00, 4.867, undefined
26/08/2022 00:00:00, 4.581, undefined
27/08/2022 00:00:00, 3.717, undefined
28/08/2022 00:00:00, 5.152, undefined
29/08/2022 00:00:00, 5.107, undefined
30/08/2022 00:00:00, 4.166, undefined
31/08/2022 00:00:00, 3.082, undefined
01/09/2022 00:00:00, 3.864, undefined
02/09/2022 00:00:00, 5.11, undefined
03/09/2022 00:00:00, 5.214, undefined
04/09/2022 00:00:00, 4.895, undefined
05/09/2022 00:00:00, 2.837, undefined
06/09/2022 00:00:00, 7.051, undefined
07/09/2022 00:00:00, 7.7, undefined
08/09/2022 00:00:00, 5.039, undefined
09/09/2022 00:00:00, 4.249, undefined
10/09/2022 00:00:00, 4.461, undefined
11/09/2022 00:00:00, 3.494, undefined
12/09/2022 00:00:00, 3.25, undefined
13/09/2022 00:00:00, 3.208, undefined
14/09/2022 00:00:00, 7.542, undefined
15/09/2022 00:00:00, 3.203, undefined
16/09/2022 00:00:00, 5.113, undefined
17/09/2022 00:00:00, 8.239, undefined
18/09/2022 00:00:00, 5.898, undefined
19/09/2022 00:00:00, 3.795, undefined
20/09/2022 00:00:00, 4.037, undefined
21/09/2022 00:00:00, 5.803, undefined
22/09/2022 00:00:00, 6.611, undefined
23/09/2022 00:00:00, 2.841, undefined
24/09/2022 00:00:00, 1.509, undefined
25/09/2022 00:00:00, 3.594, undefined
26/09/2022 00:00:00, 5.521, undefined
27/09/2022 00:00:00, 7.526, undefined
28/09/2022 00:00:00, 6.998, undefined
29/09/2022 00:00:00, 5.229, undefined
30/09/2022 00:00:00, 3.231, undefined
01/10/2022 00:00:00, 4.753, undefined
02/10/2022 00:00:00, 3.266, undefined
03/10/2022 00:00:00, 2.42, undefined
04/10/2022 00:00:00, 4.196, undefined
05/10/2022 00:00:00, 8.838, undefined
06/10/2022 00:00:00, 3.931, undefined
07/10/2022 00:00:00, 4.311, undefined
08/10/2022 00:00:00, 10.773, undefined
09/10/2022 00:00:00, 7.479, undefined
10/10/2022 00:00:00, 4.245, undefined
11/10/2022 00:00:00, 2.735, undefined
12/10/2022 00:00:00, 3.969, undefined
13/10/2022 00:00:00, 2.264, undefined
14/10/2022 00:00:00, 4.605, undefined
15/10/2022 00:00:00, 4.222, undefined
16/10/2022 00:00:00, 2.994, undefined
17/10/2022 00:00:00, 3.46, undefined
18/10/2022 00:00:00, 6.552, undefined
19/10/2022 00:00:00, 5.455, undefined
20/10/2022 00:00:00, 5.352, undefined
21/10/2022 00:00:00, 8.024, undefined
22/10/2022 00:00:00, 7.749, undefined
23/10/2022 00:00:00, 7.093, undefined
24/10/2022 00:00:00, 5.815, undefined
25/10/2022 00:00:00, 6.923, undefined
26/10/2022 00:00:00, 8.28, undefined
27/10/2022 00:00:00, 5.771, undefined
28/10/2022 00:00:00, 6.036, undefined
29/10/2022 00:00:00, 6.444, undefined
30/10/2022 00:00:00, 3.842, undefined
31/10/2022 00:00:00, 7.233, undefined
01/11/2022 00:00:00, 4.375, undefined
02/11/2022 00:00:00, 3.239, undefined
03/11/2022 00:00:00, 7.654, undefined
04/11/2022 00:00:00, 9.227, undefined
05/11/2022 00:00:00, 9.193, undefined
06/11/2022 00:00:00, 7.863, undefined
07/11/2022 00:00:00, 7.516, undefined
08/11/2022 00:00:00, 5.185, undefined
09/11/2022 00:00:00, 5.804, undefined
10/11/2022 00:00:00, 6.414, undefined
11/11/2022 00:00:00, 9.244, undefined
12/11/2022 00:00:00, 3.933, undefined
13/11/2022 00:00:00, 3.167, undefined
14/11/2022 00:00:00, 3.126, undefined
15/11/2022 00:00:00, 4.721, undefined
16/11/2022 00:00:00, 3.869, undefined
17/11/2022 00:00:00, 4.649, undefined
18/11/2022 00:00:00, 4.235, undefined
19/11/2022 00:00:00, 3.618, undefined
20/11/2022 00:00:00, 4.405, undefined
21/11/2022 00:00:00, 3.243, undefined
22/11/2022 00:00:00, 7.689, undefined
23/11/2022 00:00:00, 10.42, undefined
24/11/2022 00:00:00, 4.883, undefined
25/11/2022 00:00:00, 7.632, undefined
26/11/2022 00:00:00, 4.451, undefined
27/11/2022 00:00:00, 3.133, undefined
28/11/2022 00:00:00, 2.743, undefined
29/11/2022 00:00:00, 4.979, undefined
30/11/2022 00:00:00, 4.376, undefined
01/12/2022 00:00:00, 8.58, undefined
02/12/2022 00:00:00, 7.213, undefined
03/12/2022 00:00:00, 3.596, undefined
04/12/2022 00:00:00, 5.503, undefined
05/12/2022 00:00:00, 4.75, undefined
06/12/2022 00:00:00, 6.418, undefined
07/12/2022 00:00:00, 4.764, undefined
08/12/2022 00:00:00, 7.232, undefined
09/12/2022 00:00:00, 6.326, undefined
10/12/2022 00:00:00, 4.063, undefined
11/12/2022 00:00:00, 3.731, undefined
12/12/2022 00:00:00, 7.623, undefined
13/12/2022 00:00:00, 6.95, undefined
14/12/2022 00:00:00, 4.765, undefined
15/12/2022 00:00:00, 5.558, undefined
16/12/2022 00:00:00, 3.037, undefined
17/12/2022 00:00:00, 2.93, undefined
18/12/2022 00:00:00, 3.209, undefined
19/12/2022 00:00:00, 0, undefined
20/12/2022 00:00:00, 1.099, undefined
21/12/2022 00:00:00, 3.329, undefined
22/12/2022 00:00:00, 3.286, undefined
23/12/2022 00:00:00, 2.896, undefined
24/12/2022 00:00:00, 2.579, undefined
25/12/2022 00:00:00, 2.945, undefined
26/12/2022 00:00:00, 3.483, undefined
27/12/2022 00:00:00, 4.655, undefined
28/12/2022 00:00:00, 3.118, undefined
29/12/2022 00:00:00, 2.913, undefined
30/12/2022 00:00:00, 3.787, undefined
31/12/2022 00:00:00, 8.968, undefined
01/01/2023 00:00:00, 6.196, undefined
02/01/2023 00:00:00, 5.361, undefined
03/01/2023 00:00:00, 1.375, undefined
04/01/2023 00:00:00, 1.2, undefined
05/01/2023 00:00:00, 4.097, undefined
06/01/2023 00:00:00, 3.584, undefined
07/01/2023 00:00:00, 2.486, undefined
08/01/2023 00:00:00, 3.309, undefined
09/01/2023 00:00:00, 6.676, undefined
10/01/2023 00:00:00, 4.907, undefined
11/01/2023 00:00:00, 2.833, undefined
12/01/2023 00:00:00, 2.715, undefined
13/01/2023 00:00:00, 6.592, undefined
14/01/2023 00:00:00, 5.316, undefined
15/01/2023 00:00:00, 2.887, undefined
16/01/2023 00:00:00, 3.947, undefined
17/01/2023 00:00:00, 4.027, undefined
18/01/2023 00:00:00, 5.385, undefined
19/01/2023 00:00:00, 4.084, undefined
20/01/2023 00:00:00, 5.244, undefined
21/01/2023 00:00:00, 6.246, undefined
22/01/2023 00:00:00, 7.528, undefined
23/01/2023 00:00:00, 6.093, undefined
24/01/2023 00:00:00, 4.996, undefined
25/01/2023 00:00:00, 5.853, undefined
26/01/2023 00:00:00, 4.193, undefined
27/01/2023 00:00:00, 5.083, undefined
28/01/2023 00:00:00, 6.779, undefined
29/01/2023 00:00:00, 5.712, undefined
30/01/2023 00:00:00, 3.106, undefined
31/01/2023 00:00:00, 3.008, undefined
01/02/2023 00:00:00, 3.739, undefined
02/02/2023 00:00:00, 7.013, undefined
03/02/2023 00:00:00, 2.165, undefined
04/02/2023 00:00:00, 1.952, undefined
05/02/2023 00:00:00, 6.465, undefined
06/02/2023 00:00:00, 5.005, undefined
07/02/2023 00:00:00, 8.55, undefined
08/02/2023 00:00:00, 10.078, undefined
09/02/2023 00:00:00, 9.186, undefined
10/02/2023 00:00:00, 6.684, undefined
11/02/2023 00:00:00, 5.724, undefined
12/02/2023 00:00:00, 4.927, undefined
13/02/2023 00:00:00, 2.612, undefined
14/02/2023 00:00:00, 4.924, undefined
15/02/2023 00:00:00, 4.774, undefined
16/02/2023 00:00:00, 3.739, undefined
17/02/2023 00:00:00, 5.364, undefined
18/02/2023 00:00:00, 4.634, undefined
19/02/2023 00:00:00, 4.816, undefined
20/02/2023 00:00:00, 4.244, undefined
21/02/2023 00:00:00, 5.608, undefined
22/02/2023 00:00:00, 5.633, undefined
23/02/2023 00:00:00, 5.991, undefined
24/02/2023 00:00:00, 4.562, undefined
25/02/2023 00:00:00, 4.766, undefined
26/02/2023 00:00:00, 3.12, undefined
27/02/2023 00:00:00, 2.003, undefined
28/02/2023 00:00:00, 1.304, undefined
01/03/2023 00:00:00, 3.475, undefined
02/03/2023 00:00:00, 3.252, undefined
03/03/2023 00:00:00, 4.178, undefined
04/03/2023 00:00:00, 3.682, undefined
05/03/2023 00:00:00, 6.959, undefined
06/03/2023 00:00:00, 6.258, undefined
07/03/2023 00:00:00, 4.862, undefined
08/03/2023 00:00:00, 4.401, undefined
09/03/2023 00:00:00, 6.392, undefined
10/03/2023 00:00:00, 6.322, undefined
11/03/2023 00:00:00, 5.264, undefined
12/03/2023 00:00:00, 4.688, undefined
13/03/2023 00:00:00, 3.78, undefined
14/03/2023 00:00:00, 5.417, undefined
15/03/2023 00:00:00, 4.339, undefined
16/03/2023 00:00:00, 3.02, undefined
17/03/2023 00:00:00, 4.527, undefined
18/03/2023 00:00:00, 4.761, undefined
19/03/2023 00:00:00, 7.769, undefined
20/03/2023 00:00:00, 4.977, undefined
21/03/2023 00:00:00, 6.029, undefined
22/03/2023 00:00:00, 7.566, undefined
23/03/2023 00:00:00, 5.759, undefined
24/03/2023 00:00:00, 4.083, undefined
25/03/2023 00:00:00, 4.432, undefined
26/03/2023 00:00:00, 2.862, undefined
27/03/2023 00:00:00, 4.804, undefined
28/03/2023 00:00:00, 5.364, undefined
29/03/2023 00:00:00, 4.706, undefined
30/03/2023 00:00:00, 6.42, undefined
31/03/2023 00:00:00, 7.393, undefined
01/04/2023 00:00:00, 3.838, undefined
02/04/2023 00:00:00, 4.727, undefined
03/04/2023 00:00:00, 3.907, undefined
04/04/2023 00:00:00, 6.6, undefined
05/04/2023 00:00:00, 5.937, undefined
06/04/2023 00:00:00, 3.974, undefined
07/04/2023 00:00:00, 5.84, undefined
08/04/2023 00:00:00, 4.821, undefined
09/04/2023 00:00:00, 4.023, undefined
10/04/2023 00:00:00, 4.363, undefined
11/04/2023 00:00:00, 4.635, undefined
12/04/2023 00:00:00, 7.856, undefined
13/04/2023 00:00:00, 4.484, undefined
14/04/2023 00:00:00, 6.196, undefined
15/04/2023 00:00:00, 2.597, undefined
16/04/2023 00:00:00, 4.392, undefined
17/04/2023 00:00:00, 4.801, undefined
18/04/2023 00:00:00, 4.245, undefined
19/04/2023 00:00:00, 3.273, undefined
20/04/2023 00:00:00, 3.872, undefined
21/04/2023 00:00:00, 3.913, undefined
22/04/2023 00:00:00, 6.222, undefined
23/04/2023 00:00:00, 1.642, undefined
24/04/2023 00:00:00, 0.581, undefined
25/04/2023 00:00:00, 6.014, undefined
26/04/2023 00:00:00, 4.56, undefined
27/04/2023 00:00:00, 8.744, undefined
28/04/2023 00:00:00, 7.842, undefined
29/04/2023 00:00:00, 7.684, undefined
30/04/2023 00:00:00, 5.719, undefined
01/05/2023 00:00:00, 5.506, undefined
02/05/2023 00:00:00, 9.913, undefined
03/05/2023 00:00:00, 2.603, undefined
04/05/2023 00:00:00, 3.827, undefined
05/05/2023 00:00:00, 3.582, undefined
06/05/2023 00:00:00, 3.237, undefined
07/05/2023 00:00:00, 2.536, undefined
08/05/2023 00:00:00, 4.87, undefined
09/05/2023 00:00:00, 2.744, undefined
10/05/2023 00:00:00, 1.607, undefined
11/05/2023 00:00:00, 2.836, undefined
12/05/2023 00:00:00, 4.807, undefined
13/05/2023 00:00:00, 5.387, undefined
14/05/2023 00:00:00, 6.358, undefined
15/05/2023 00:00:00, 1.195, undefined
16/05/2023 00:00:00, 2.592, undefined
17/05/2023 00:00:00, 4.369, undefined
18/05/2023 00:00:00, 3.751, undefined
19/05/2023 00:00:00, 6.592, undefined
20/05/2023 00:00:00, 6.824, undefined
21/05/2023 00:00:00, 3.995, undefined
22/05/2023 00:00:00, 4.582, undefined
23/05/2023 00:00:00, 5.077, undefined
24/05/2023 00:00:00, 7.365, undefined
25/05/2023 00:00:00, 6.445, undefined
26/05/2023 00:00:00, 5.08, undefined
27/05/2023 00:00:00, 5.459, undefined
28/05/2023 00:00:00, 5.507, undefined
29/05/2023 00:00:00, 5.758, undefined
30/05/2023 00:00:00, 3.702, undefined
31/05/2023 00:00:00, 4.47, undefined
01/06/2023 00:00:00, 4.223, undefined
02/06/2023 00:00:00, 4.68, undefined
03/06/2023 00:00:00, 8.004, undefined
04/06/2023 00:00:00, 5.739, undefined
05/06/2023 00:00:00, 2.779, undefined
06/06/2023 00:00:00, 6.321, undefined
07/06/2023 00:00:00, 3.254, undefined
08/06/2023 00:00:00, 3.613, undefined
09/06/2023 00:00:00, 2.932, undefined
10/06/2023 00:00:00, 4.692, undefined
11/06/2023 00:00:00, 6.295, undefined
12/06/2023 00:00:00, 2.877, undefined
13/06/2023 00:00:00, 5.924, undefined
14/06/2023 00:00:00, 4.241, undefined
15/06/2023 00:00:00, 4.725, undefined
16/06/2023 00:00:00, 6.622, undefined
17/06/2023 00:00:00, 7.698, undefined
18/06/2023 00:00:00, 4.033, undefined
19/06/2023 00:00:00, 3.274, undefined
20/06/2023 00:00:00, 5.933, undefined
21/06/2023 00:00:00, 8.869, undefined
22/06/2023 00:00:00, 6.819, undefined
23/06/2023 00:00:00, 4.719, undefined
24/06/2023 00:00:00, 4.106, undefined
25/06/2023 00:00:00, 6.525, undefined
26/06/2023 00:00:00, 6.846, undefined
27/06/2023 00:00:00, 3.529, undefined
28/06/2023 00:00:00, 5.644, undefined
29/06/2023 00:00:00, 7.217, undefined
30/06/2023 00:00:00, 7.339, undefined
01/07/2023 00:00:00, 4.406, undefined
02/07/2023 00:00:00, 1.699, undefined
03/07/2023 00:00:00, 3.65, undefined
04/07/2023 00:00:00, 4.178, undefined
05/07/2023 00:00:00, 5.433, undefined
06/07/2023 00:00:00, 8.073, undefined
07/07/2023 00:00:00, 6.467, undefined
08/07/2023 00:00:00, 6.891, undefined
09/07/2023 00:00:00, 5.384, undefined
10/07/2023 00:00:00, 4.167, undefined
11/07/2023 00:00:00, 5.674, undefined
12/07/2023 00:00:00, 4.73, undefined
13/07/2023 00:00:00, 5.743, undefined
14/07/2023 00:00:00, 4.335, undefined
15/07/2023 00:00:00, 5.631, undefined
16/07/2023 00:00:00, 6.408, undefined
17/07/2023 00:00:00, 8.7, undefined
18/07/2023 00:00:00, 5.734, undefined
19/07/2023 00:00:00, 5.296, undefined
20/07/2023 00:00:00, 5.525, undefined
21/07/2023 00:00:00, 5.343, undefined
22/07/2023 00:00:00, 3.976, undefined
23/07/2023 00:00:00, 4.44, undefined
24/07/2023 00:00:00, 2.689, undefined
25/07/2023 00:00:00, 4.025, undefined
26/07/2023 00:00:00, 6.373, undefined
27/07/2023 00:00:00, 5.542, undefined
28/07/2023 00:00:00, 5.179, undefined
29/07/2023 00:00:00, 7.656, undefined
30/07/2023 00:00:00, 6.5, undefined
31/07/2023 00:00:00, 4.493, undefined
01/08/2023 00:00:00, 3.305, undefined
02/08/2023 00:00:00, 8.629, undefined
03/08/2023 00:00:00, 6.015, undefined
04/08/2023 00:00:00, 5.569, undefined
05/08/2023 00:00:00, 4.526, undefined
06/08/2023 00:00:00, 7.434, undefined
07/08/2023 00:00:00, 5.105, undefined
08/08/2023 00:00:00, 4.551, undefined
09/08/2023 00:00:00, 5.271, undefined
10/08/2023 00:00:00, 5.413, undefined
11/08/2023 00:00:00, 2.699, undefined
12/08/2023 00:00:00, 4.626, undefined
13/08/2023 00:00:00, 1.75, undefined
14/08/2023 00:00:00, 3, undefined
15/08/2023 00:00:00, 4.272, undefined
16/08/2023 00:00:00, 3.251, undefined
17/08/2023 00:00:00, 4.392, undefined
18/08/2023 00:00:00, 5.984, undefined
19/08/2023 00:00:00, 4.396, undefined
20/08/2023 00:00:00, 3.174, undefined
21/08/2023 00:00:00, 6.715, undefined
22/08/2023 00:00:00, 8.016, undefined
23/08/2023 00:00:00, 8.346, undefined
24/08/2023 00:00:00, 8.351, undefined
25/08/2023 00:00:00, 5.715, undefined
26/08/2023 00:00:00, 5.33, undefined
27/08/2023 00:00:00, 3.964, undefined
28/08/2023 00:00:00, 6.042, undefined
29/08/2023 00:00:00, 5.789, undefined
30/08/2023 00:00:00, 5.656, undefined
31/08/2023 00:00:00, 2.942, undefined
01/09/2023 00:00:00, 2.046, undefined
02/09/2023 00:00:00, 2.772, undefined
03/09/2023 00:00:00, 4.718, undefined
04/09/2023 00:00:00, 6.434, undefined
05/09/2023 00:00:00, 4.195, undefined
06/09/2023 00:00:00, 4.703, undefined
07/09/2023 00:00:00, 3.778, undefined
08/09/2023 00:00:00, 7.974, undefined
09/09/2023 00:00:00, 7.408, undefined
10/09/2023 00:00:00, 4.246, undefined
11/09/2023 00:00:00, 4.449, undefined
12/09/2023 00:00:00, 3.711, undefined
13/09/2023 00:00:00, 6.157, undefined
14/09/2023 00:00:00, 5.308, undefined
15/09/2023 00:00:00, 6.017, undefined
16/09/2023 00:00:00, 10.036, undefined
17/09/2023 00:00:00, 6.774, undefined
18/09/2023 00:00:00, 15.256, undefined
19/09/2023 00:00:00, 9.117, undefined
20/09/2023 00:00:00, 10.299, undefined
21/09/2023 00:00:00, 9.331, undefined
22/09/2023 00:00:00, 5.998, undefined
23/09/2023 00:00:00, 7.149, undefined
24/09/2023 00:00:00, 4.512, undefined
25/09/2023 00:00:00, 2.926, undefined
26/09/2023 00:00:00, 2.357, undefined
27/09/2023 00:00:00, 2.889, undefined
28/09/2023 00:00:00, 4.86, undefined
29/09/2023 00:00:00, 4.436, undefined
30/09/2023 00:00:00, 4.811, undefined
01/10/2023 00:00:00, 6.274, undefined
02/10/2023 00:00:00, 4.42, undefined
03/10/2023 00:00:00, 11.963, undefined
04/10/2023 00:00:00, 8.965, undefined
05/10/2023 00:00:00, 5.84, undefined
06/10/2023 00:00:00, 8.049, undefined
07/10/2023 00:00:00, 4.573, undefined
08/10/2023 00:00:00, 7.516, undefined
09/10/2023 00:00:00, 6.543, undefined
10/10/2023 00:00:00, 6.782, undefined
11/10/2023 00:00:00, 5.057, undefined
12/10/2023 00:00:00, 3.304, undefined
13/10/2023 00:00:00, -15.429, undefined
14/10/2023 00:00:00, 5.817, undefined
15/10/2023 00:00:00, 6.094, undefined
16/10/2023 00:00:00, 9.362, undefined
17/10/2023 00:00:00, 7.717, undefined
18/10/2023 00:00:00, 6.018, undefined
19/10/2023 00:00:00, 1.663, undefined
20/10/2023 00:00:00, 4.931, undefined
21/10/2023 00:00:00, 7.085, undefined
22/10/2023 00:00:00, 5.574, undefined
23/10/2023 00:00:00, 3.887, undefined
24/10/2023 00:00:00, 2.464, undefined
25/10/2023 00:00:00, 5.427, undefined
26/10/2023 00:00:00, 8.84, undefined
27/10/2023 00:00:00, 8.649, undefined
28/10/2023 00:00:00, 5.505, undefined
29/10/2023 00:00:00, 3.681, undefined
30/10/2023 00:00:00, 4.285, undefined
31/10/2023 00:00:00, 2.631, undefined
01/11/2023 00:00:00, 2.134, undefined
02/11/2023 00:00:00, 3.612, undefined
03/11/2023 00:00:00, 4.519, undefined
04/11/2023 00:00:00, 3.437, undefined
05/11/2023 00:00:00, 4.951, undefined
06/11/2023 00:00:00, 4.604, undefined
07/11/2023 00:00:00, 5.271, undefined
08/11/2023 00:00:00, 3.201, undefined
09/11/2023 00:00:00, 3.509, undefined
10/11/2023 00:00:00, 3.391, undefined
11/11/2023 00:00:00, 6.334, undefined
12/11/2023 00:00:00, 5.469, undefined
13/11/2023 00:00:00, 6.681, undefined
14/11/2023 00:00:00, 4.472, undefined
15/11/2023 00:00:00, 0, undefined
16/11/2023 00:00:00, 0, undefined
17/11/2023 00:00:00, 6.237, undefined
18/11/2023 00:00:00, 4.599, undefined
19/11/2023 00:00:00, 5.509, undefined
20/11/2023 00:00:00, 3.183, undefined
21/11/2023 00:00:00, 5.62, undefined
22/11/2023 00:00:00, 2.549, undefined
23/11/2023 00:00:00, 2.742, undefined
24/11/2023 00:00:00, 6.401, undefined
25/11/2023 00:00:00, 6.836, undefined
26/11/2023 00:00:00, 5.931, undefined
27/11/2023 00:00:00, 1.559, undefined
28/11/2023 00:00:00, 4.128, undefined
29/11/2023 00:00:00, 7.307, undefined
30/11/2023 00:00:00, 6.435, undefined
01/12/2023 00:00:00, 4.869, undefined
02/12/2023 00:00:00, 5.633, undefined
03/12/2023 00:00:00, 4.118, undefined
04/12/2023 00:00:00, 2.89, undefined
05/12/2023 00:00:00, 7.038, undefined
06/12/2023 00:00:00, 3.523, undefined
07/12/2023 00:00:00, 2.888, undefined
08/12/2023 00:00:00, 6.378, undefined
09/12/2023 00:00:00, 7.631, undefined
10/12/2023 00:00:00, 6.694, undefined
11/12/2023 00:00:00, 7.216, undefined
12/12/2023 00:00:00, 5.608, undefined
13/12/2023 00:00:00, 6.071, undefined
14/12/2023 00:00:00, 5.634, undefined
15/12/2023 00:00:00, 11.651, undefined
16/12/2023 00:00:00, 8.826, undefined
17/12/2023 00:00:00, 4.083, undefined
18/12/2023 00:00:00, 4.509, undefined
19/12/2023 00:00:00, 8.434, undefined
20/12/2023 00:00:00, 7.854, undefined
21/12/2023 00:00:00, 6.324, undefined
22/12/2023 00:00:00, 5.063, undefined
23/12/2023 00:00:00, 9.256, undefined
24/12/2023 00:00:00, 5.857, undefined
25/12/2023 00:00:00, 1.367, undefined
26/12/2023 00:00:00, 5.092, undefined
27/12/2023 00:00:00, 5.973, undefined
28/12/2023 00:00:00, 3.718, undefined
29/12/2023 00:00:00, 3.177, undefined
30/12/2023 00:00:00, 2.214, undefined
31/12/2023 00:00:00, 7.374, undefined